player_visible,visibility_score,player_distance,noise_level,paranoia_level,has_investigation_target,action
1.0,0.247,61.2848,0.4132,0.5932,1.0,investigate
1.0,0.8061,100.8054,0.3597,0.4139,0.0,chase
0.0,0.2818,166.8033,0.1259,0.3981,1.0,investigate
0.0,0.0306,37.7893,0.0053,0.4519,0.0,alert
0.0,0.8356,42.5204,0.0,0.2181,0.0,patrol
0.0,0.2221,188.777,0.0286,0.3312,1.0,investigate
1.0,0.6112,60.1076,0.4121,0.5085,1.0,chase
1.0,0.6224,134.4246,0.515,0.887,1.0,chase
0.0,0.8148,30.6671,0.0,0.0869,0.0,patrol
0.0,0.7943,34.0222,0.0126,0.0268,0.0,patrol
0.0,0.1546,61.709,0.004,0.4052,0.0,alert
0.0,0.728,55.6609,0.0,0.04,0.0,patrol
0.0,0.6629,67.8334,0.0548,0.1677,0.0,patrol
0.0,0.1008,41.4566,0.0161,0.5372,0.0,alert
1.0,0.8299,58.4398,0.0691,0.7333,1.0,chase
0.0,0.7415,46.4131,0.0,0.0171,0.0,patrol
0.0,0.0154,58.3826,0.0789,0.4443,0.0,alert
0.0,0.8461,30.7567,0.0,0.0893,0.0,patrol
1.0,0.4592,37.3017,0.0154,0.3215,1.0,investigate
0.0,0.1256,68.9625,0.0002,0.8569,0.0,alert
0.0,0.7651,43.7709,0.0,0.24,0.0,patrol
0.0,0.0,51.1001,0.0047,0.9166,0.0,alert
1.0,0.5116,37.7179,0.1058,0.3514,1.0,investigate
1.0,0.5281,190.9925,0.3608,0.4659,1.0,chase
1.0,0.5291,112.698,0.3019,0.7357,1.0,chase
0.0,0.7546,120.5458,0.1913,0.9582,1.0,chase
0.0,0.8074,30.6123,0.0322,0.0349,0.0,patrol
0.0,0.8624,33.2761,0.0,0.1498,0.0,patrol
0.0,0.0752,153.2745,0.5371,0.6878,1.0,investigate
0.0,0.0128,73.6052,0.0,0.479,0.0,alert
0.0,0.2675,108.6604,0.4506,0.6411,1.0,investigate
0.0,0.6965,60.4446,0.0,0.1634,0.0,patrol
0.0,0.0415,63.3404,0.0,0.8218,0.0,alert
1.0,0.7435,63.8198,0.269,0.9133,1.0,chase
0.0,0.2389,94.3546,0.4941,0.624,1.0,investigate
0.0,0.8215,40.8226,0.0279,0.2141,0.0,patrol
0.0,0.1401,176.3795,0.0,0.3137,0.0,investigate
0.0,0.0,49.6384,0.0011,0.488,0.0,alert
0.0,0.6856,65.6787,0.0193,0.2573,0.0,patrol
0.0,0.1261,35.3352,0.0447,0.8319,0.0,alert
1.0,0.7545,141.5433,0.148,0.9596,1.0,chase
0.0,0.605,74.7149,0.0,0.0219,0.0,patrol
0.0,0.0,55.9907,0.0,0.4815,0.0,alert
0.0,0.1695,155.4221,0.4215,0.6031,0.0,investigate
1.0,0.4994,186.6715,0.3322,0.8298,1.0,chase
0.0,0.8683,33.1906,0.0,0.0,0.0,patrol
1.0,0.3582,83.0763,0.4083,0.5907,1.0,investigate
0.0,0.0382,65.507,0.0,0.343,0.0,alert
0.0,0.0885,70.2382,0.0593,0.7686,0.0,alert
1.0,0.1303,126.8401,0.5423,0.6874,1.0,investigate
0.0,0.1153,30.5643,0.0943,0.5006,0.0,alert
1.0,0.762,105.4145,0.5512,0.9603,1.0,chase
0.0,0.6625,72.8049,0.0,0.1442,0.0,patrol
0.0,0.1323,50.4129,0.0014,0.6894,0.0,alert
0.0,0.0812,49.0057,0.474,0.6426,1.0,investigate
0.0,0.0957,32.4719,0.0,0.7129,0.0,alert
0.0,0.7342,50.3539,0.066,0.024,0.0,patrol
0.0,0.7935,37.0911,0.0251,0.246,0.0,patrol
0.0,0.7053,59.7554,0.0,0.2938,0.0,patrol
0.0,0.742,56.0631,0.0254,0.0319,0.0,patrol
0.0,0.7946,49.2819,0.0,0.1223,0.0,patrol
0.0,0.058,68.6412,0.013,0.386,0.0,alert
0.0,0.3827,195.7753,0.1361,0.3795,1.0,investigate
1.0,0.6427,189.4001,0.1598,0.5646,1.0,chase
0.0,0.8055,37.8043,0.0051,0.1986,0.0,patrol
0.0,0.5506,146.676,0.4703,0.5928,1.0,investigate
0.0,0.0276,77.3489,0.0679,0.9175,0.0,alert
0.0,0.0777,52.0646,0.0,0.8932,0.0,alert
0.0,0.0296,119.576,0.3827,0.5558,1.0,investigate
0.0,0.0602,69.9189,0.0169,0.3361,0.0,alert
0.0,0.8003,37.8126,0.1272,0.1708,0.0,patrol
0.0,0.6594,64.0829,0.0043,0.048,0.0,patrol
0.0,0.1554,43.5971,0.077,0.6855,0.0,alert
0.0,0.0362,56.0394,0.073,0.7047,0.0,alert
1.0,0.818,194.7462,0.486,0.9218,1.0,chase
0.0,0.1049,46.3408,0.0,0.7909,0.0,alert
0.0,0.632,76.5251,0.0394,0.1917,0.0,patrol
0.0,0.1206,158.4768,0.3787,0.5891,1.0,investigate
1.0,0.7773,80.4657,0.1545,0.5976,1.0,chase
0.0,0.3967,138.932,0.2726,0.4867,1.0,investigate
0.0,0.7556,47.3095,0.0395,0.2467,0.0,patrol
0.0,0.0116,36.3324,0.0003,0.7507,0.0,alert
0.0,0.0576,46.5452,0.0345,0.5594,0.0,alert
1.0,0.7475,111.1825,0.3959,0.8571,1.0,chase
0.0,0.0194,215.748,0.2741,0.4567,1.0,investigate
0.0,0.139,170.276,0.2358,0.4189,1.0,investigate
0.0,0.0861,33.0352,0.0,0.5247,0.0,alert
0.0,0.0517,61.8828,0.0035,0.788,0.0,alert
0.0,0.0558,32.3135,0.0564,0.5479,0.0,alert
1.0,0.4975,35.341,0.4777,0.62,1.0,investigate
0.0,0.0847,43.7828,0.0584,0.7428,0.0,alert
0.0,0.6572,70.6741,0.0419,0.0991,0.0,patrol
0.0,0.0303,45.3208,0.3407,0.5152,1.0,investigate
1.0,0.6877,146.1698,0.0132,0.896,0.0,chase
0.0,0.6926,107.4686,0.2722,0.8864,1.0,chase
0.0,0.0583,55.804,0.0,0.9281,0.0,alert
0.0,0.7505,56.6007,0.0,0.0,0.0,patrol
0.0,0.0641,65.9123,0.0,0.402,0.0,alert
0.0,0.0356,69.2966,0.0866,0.6745,0.0,alert
0.0,0.013,104.6527,0.1445,0.4001,1.0,investigate
1.0,0.6165,198.1689,0.3146,0.9295,1.0,chase
0.0,0.8528,29.6415,0.0,0.1378,0.0,patrol
0.0,0.7334,53.9308,0.0,0.0522,0.0,patrol
0.0,0.1403,48.3434,0.0,0.4335,0.0,alert
0.0,0.7366,47.8885,0.0,0.0882,0.0,patrol
1.0,0.6462,53.4885,0.3261,0.5296,1.0,chase
0.0,0.0386,70.4039,0.0,0.4274,0.0,alert
0.0,0.4189,203.8264,0.3256,0.5229,1.0,investigate
0.0,0.7793,42.2087,0.0,0.149,0.0,patrol
0.0,0.029,61.5795,0.0,0.3051,0.0,alert
0.0,0.1491,39.5479,0.0,0.896,0.0,alert
1.0,0.4865,171.8995,0.0062,0.75,1.0,chase
0.0,0.6455,70.8228,0.0174,0.2516,0.0,patrol
0.0,0.1035,55.5682,0.4327,0.613,1.0,investigate
1.0,0.6048,178.9565,0.2405,0.5905,0.0,chase
0.0,0.0646,57.1882,0.0489,0.7187,0.0,alert
1.0,0.8872,167.6821,0.3174,0.9704,1.0,chase
0.0,0.751,41.1637,0.0,0.2681,0.0,patrol
0.0,0.6514,67.8318,0.1142,0.0498,0.0,patrol
0.0,0.6783,72.29,0.026,0.2692,0.0,patrol
0.0,0.7567,49.3862,0.0,0.2182,0.0,patrol
0.0,0.042,45.5135,0.0,0.7055,0.0,alert
0.0,0.1852,191.4711,0.214,0.4419,1.0,investigate
0.0,0.0258,63.4777,0.0,0.772,0.0,alert
0.0,0.6835,68.1019,0.0394,0.1109,0.0,patrol
0.0,0.7023,59.6834,0.0,0.2361,0.0,patrol
0.0,0.1174,46.1121,0.0062,0.7758,0.0,alert
0.0,0.6634,67.5739,0.044,0.2159,0.0,patrol
1.0,0.6252,168.9319,0.1275,0.7978,1.0,chase
0.0,0.7326,61.3205,0.0412,0.1994,0.0,patrol
0.0,0.679,57.2686,0.0,0.014,0.0,patrol
0.0,0.0642,75.7355,0.0804,0.6666,0.0,alert
1.0,0.867,121.9105,0.212,0.6008,1.0,chase
0.0,0.1791,166.1008,0.551,0.676,1.0,investigate
1.0,0.6171,122.2063,0.4699,0.3363,1.0,chase
1.0,0.5628,186.3389,0.1287,0.8051,1.0,chase
0.0,0.0451,224.7702,0.0,0.3221,1.0,investigate
0.0,0.6561,67.1503,0.0135,0.0086,0.0,patrol
0.0,0.4044,202.5513,0.4255,0.633,1.0,investigate
0.0,0.7126,60.3478,0.0186,0.1666,0.0,patrol
1.0,0.6773,142.3777,0.276,0.6779,1.0,chase
1.0,0.6109,148.5774,0.277,0.6499,1.0,chase
0.0,0.0109,116.0052,0.3204,0.52,1.0,investigate
1.0,0.8261,146.7737,0.4799,0.4919,1.0,chase
0.0,0.0688,65.6178,0.0,0.8332,0.0,alert
1.0,0.6205,175.6746,0.2693,0.868,1.0,chase
0.0,0.6133,75.2091,0.0662,0.1021,0.0,patrol
1.0,0.6195,107.6434,0.5312,0.454,1.0,chase
0.0,0.0606,60.3195,0.5271,0.659,1.0,investigate
1.0,0.6915,134.4251,0.3098,0.3774,1.0,chase
1.0,0.4952,115.4326,0.3703,0.3372,0.0,chase
0.0,0.1193,197.608,0.2028,0.4719,1.0,investigate
1.0,0.3345,129.0651,0.4502,0.6275,1.0,investigate
0.0,0.7425,53.491,0.005,0.1078,0.0,patrol
0.0,0.0363,44.2022,0.0,0.4818,0.0,alert
0.0,0.7258,55.9896,0.0,0.2546,0.0,patrol
0.0,0.8477,32.6101,0.0,0.158,0.0,patrol
1.0,0.7383,67.5748,0.1786,0.6832,1.0,chase
0.0,0.7626,44.6181,0.0043,0.0166,0.0,patrol
0.0,0.3846,115.2014,0.4857,0.6446,1.0,investigate
0.0,0.7495,51.9689,0.0351,0.2247,0.0,patrol
1.0,0.8029,105.6877,0.3474,0.3759,1.0,chase
0.0,0.6476,73.5398,0.0228,0.0456,0.0,patrol
0.0,0.7783,38.4694,0.0,0.1979,0.0,patrol
1.0,0.8354,39.7024,0.0985,0.4752,1.0,chase
0.0,0.002,52.1134,0.0838,0.969,0.0,alert
0.0,0.1181,64.1755,0.0,0.715,0.0,alert
0.0,0.7987,47.3419,0.0024,0.0365,0.0,patrol
0.0,0.0724,215.6574,0.4899,0.6195,1.0,investigate
0.0,0.6595,69.377,0.0,0.1667,0.0,patrol
0.0,0.0,196.3631,0.1783,0.4204,1.0,investigate
0.0,0.6956,61.5978,0.0618,0.237,0.0,patrol
0.0,0.0425,30.7518,0.0,0.4951,0.0,alert
0.0,0.7504,55.6667,0.0569,0.2332,0.0,patrol
0.0,0.712,57.1654,0.0448,0.0833,0.0,patrol
0.0,0.122,33.3334,0.0,0.8453,0.0,alert
0.0,0.8002,40.0327,0.0,0.2342,0.0,patrol
0.0,0.0912,41.528,0.0752,0.7526,0.0,alert
1.0,0.1606,189.0856,0.4147,0.5914,1.0,investigate
0.0,0.676,65.899,0.0811,0.007,0.0,patrol
0.0,0.7573,49.1404,0.0268,0.2513,0.0,patrol
1.0,0.181,219.9085,0.3204,0.5242,1.0,investigate
0.0,0.1898,34.9607,0.0231,0.3216,0.0,alert
1.0,0.4594,108.2101,0.368,0.9227,1.0,chase
0.0,0.0457,46.2315,0.0196,0.4988,0.0,alert
0.0,0.6857,59.7711,0.0,0.0301,0.0,patrol
0.0,0.0623,67.1315,0.0,0.832,0.0,alert
1.0,0.5672,46.7318,0.388,0.6281,1.0,chase
0.0,0.0805,62.811,0.2107,0.4259,1.0,investigate
0.0,0.2738,176.1867,0.5583,0.7359,0.0,investigate
0.0,0.0896,50.5137,0.0,0.8254,0.0,alert
1.0,0.8737,139.3473,0.4255,0.7023,1.0,chase
0.0,0.7777,46.8825,0.0,0.1316,0.0,patrol
0.0,0.7356,54.039,0.0,0.2594,0.0,patrol
0.0,0.3059,74.547,0.4408,0.6125,1.0,investigate
1.0,0.5004,107.1052,0.1446,0.4054,1.0,chase
1.0,0.7093,72.7814,0.2629,0.403,1.0,chase
0.0,0.0,53.9622,0.0389,0.4582,0.0,alert
0.0,0.2416,74.0126,0.3198,0.5265,1.0,investigate
0.0,0.6677,66.5457,0.0373,0.0372,0.0,patrol
0.0,0.7095,56.7142,0.0,0.2869,0.0,patrol
0.0,0.1176,124.5604,0.5685,0.7156,1.0,investigate
0.0,0.1103,72.9235,0.0,0.5651,0.0,alert
1.0,0.8116,178.7427,0.3809,0.488,1.0,chase
0.0,0.7242,51.5168,0.0303,0.1862,0.0,patrol
0.0,0.8163,44.7332,0.0182,0.2701,0.0,patrol
1.0,0.5491,145.2607,0.4991,0.6203,1.0,investigate
0.0,0.1392,49.7681,0.0605,0.8111,0.0,alert
0.0,0.9058,31.2573,0.0736,0.0081,0.0,patrol
1.0,0.509,227.3796,0.2064,0.4458,0.0,investigate
0.0,0.7937,43.107,0.0,0.1063,0.0,patrol
1.0,0.6937,99.9772,0.254,0.6431,1.0,chase
0.0,0.7573,51.1865,0.0,0.1197,0.0,patrol
0.0,0.3126,151.8564,0.1776,0.4225,1.0,investigate
0.0,0.0906,48.2983,0.0143,0.703,0.0,alert
0.0,0.0392,76.3784,0.0,0.9393,0.0,alert
0.0,0.7767,51.8969,0.0439,0.1517,0.0,patrol
0.0,0.6555,68.3812,0.0,0.0493,0.0,patrol
0.0,0.7459,48.6035,0.0,0.2134,0.0,patrol
0.0,0.7655,47.5854,0.0227,0.2655,0.0,patrol
1.0,0.7378,106.6939,0.4759,0.8732,1.0,chase
1.0,0.852,111.0923,0.5475,0.4068,1.0,chase
1.0,0.4893,169.7348,0.4535,0.6185,1.0,investigate
1.0,0.5228,157.9465,0.1318,0.7235,1.0,chase
1.0,0.8635,180.3909,0.3153,0.4831,1.0,chase
1.0,0.4796,161.953,0.1412,0.4115,1.0,investigate
1.0,0.7115,99.1893,0.129,0.5978,1.0,chase
0.0,0.1677,60.5592,0.0318,0.717,0.0,alert
0.0,0.6808,61.3843,0.0073,0.0432,0.0,patrol
1.0,0.7687,65.3124,0.0676,0.9327,1.0,chase
0.0,0.2977,87.8058,0.0933,0.3767,1.0,investigate
0.0,0.0665,63.1333,0.0462,0.4279,0.0,alert
0.0,0.0213,145.081,0.4091,0.6082,1.0,investigate
0.0,0.1609,63.4758,0.0,0.2998,0.0,alert
0.0,0.6706,70.7742,0.0117,0.0,0.0,patrol
1.0,0.8125,96.7817,0.0588,0.7488,1.0,chase
0.0,0.8445,37.9614,0.0459,0.2502,0.0,patrol
0.0,0.201,183.7446,0.2726,0.4959,1.0,investigate
0.0,0.7444,116.0099,0.1945,0.553,0.0,chase
0.0,0.2052,47.2411,0.1828,0.4109,1.0,investigate
0.0,0.8322,32.5746,0.0,0.0,0.0,patrol
0.0,0.059,55.3073,0.0031,0.7433,0.0,alert
0.0,0.0446,53.6757,0.0157,0.4797,0.0,alert
0.0,0.6878,146.9915,0.0437,0.587,1.0,chase
0.0,0.7911,34.43,0.0,0.1785,0.0,patrol
0.0,0.6789,62.0784,0.0231,0.2238,0.0,patrol
0.0,0.1842,32.358,0.1761,0.4025,0.0,investigate
0.0,0.043,42.3984,0.0378,0.9515,0.0,alert
0.0,0.0,45.911,0.0,0.8789,0.0,alert
1.0,0.5727,192.9499,0.2579,0.7703,1.0,chase
0.0,0.8519,28.8757,0.0159,0.1588,0.0,patrol
0.0,0.699,56.8099,0.0,0.1011,0.0,patrol
0.0,0.0952,45.8486,0.0127,0.6353,0.0,alert
1.0,0.7691,152.4629,0.5085,0.8159,1.0,chase
0.0,0.8403,38.4392,0.0297,0.133,0.0,patrol
0.0,0.8357,35.1924,0.068,0.115,0.0,patrol
0.0,0.0402,87.6327,0.1642,0.4078,1.0,investigate
1.0,0.6885,161.332,0.1195,0.9316,1.0,chase
0.0,0.8638,36.0447,0.0361,0.0,0.0,patrol
0.0,0.8022,38.4528,0.0021,0.0562,0.0,patrol
0.0,0.6724,66.1737,0.0,0.102,0.0,patrol
0.0,0.3156,53.5215,0.2211,0.468,1.0,investigate
0.0,0.4144,161.8935,0.2209,0.463,1.0,investigate
0.0,0.2493,94.9391,0.0,0.3206,1.0,investigate
0.0,0.2441,94.9052,0.2143,0.4499,1.0,investigate
0.0,0.6997,54.7959,0.0292,0.2301,0.0,patrol
0.0,0.8274,40.6287,0.0195,0.023,0.0,patrol
0.0,0.1682,70.6082,0.0121,0.7113,0.0,alert
0.0,0.4098,40.5029,0.2441,0.4669,1.0,investigate
1.0,0.5445,119.3115,0.0,0.3429,1.0,chase
0.0,0.1752,60.8982,0.0105,0.5546,0.0,alert
0.0,0.8342,33.0377,0.0266,0.0169,0.0,patrol
0.0,0.0339,40.8032,0.0631,0.3877,0.0,alert
0.0,0.3163,183.6518,0.5267,0.6748,1.0,investigate
0.0,0.7478,49.1495,0.0,0.0157,0.0,patrol
1.0,0.6503,156.9587,0.4953,0.5672,0.0,chase
1.0,0.732,105.0601,0.5709,0.8057,1.0,chase
1.0,0.6837,124.0892,0.3905,0.4173,1.0,chase
0.0,0.8001,38.6335,0.0,0.1825,0.0,patrol
0.0,0.1547,71.1531,0.0,0.9025,0.0,alert
0.0,0.1155,62.6259,0.0107,0.3392,0.0,alert
1.0,0.8016,177.5908,0.088,0.6766,1.0,chase
0.0,0.4102,186.1996,0.391,0.5832,1.0,investigate
0.0,0.7121,60.6982,0.0842,0.2033,0.0,patrol
0.0,0.0694,73.5357,0.0,0.7028,0.0,alert
0.0,0.1064,63.9574,0.0139,0.6611,0.0,alert
0.0,0.0999,72.0563,0.0069,0.7533,0.0,alert
0.0,0.0462,41.6992,0.0,0.5628,0.0,alert
0.0,0.7274,52.7557,0.0046,0.1812,0.0,patrol
0.0,0.8336,36.7396,0.0,0.1017,0.0,patrol
0.0,0.0549,54.7777,0.0361,0.9449,0.0,alert
1.0,0.6599,45.982,0.3757,0.6181,1.0,chase
0.0,0.0031,56.1832,0.0369,0.5707,0.0,alert
0.0,0.6628,74.4188,0.0261,0.131,0.0,patrol
1.0,0.7202,101.0595,0.2232,0.8335,1.0,chase
0.0,0.1104,60.5643,0.0014,0.9553,0.0,alert
0.0,0.029,66.6988,0.0442,0.6596,0.0,alert
1.0,0.7205,118.6754,0.3926,0.6162,1.0,chase
0.0,0.0995,43.0122,0.0054,0.8752,0.0,alert
0.0,0.7527,51.7391,0.0026,0.1917,0.0,patrol
0.0,0.1772,162.4272,0.2783,0.5356,1.0,investigate
0.0,0.0302,74.0105,0.0,0.6267,0.0,alert
1.0,0.7576,184.6136,0.46,0.5741,0.0,chase
0.0,0.6965,50.0269,0.0668,0.1615,0.0,patrol
0.0,0.1739,58.2843,0.0426,0.2996,1.0,investigate
0.0,0.2911,89.7757,0.5139,0.6357,0.0,investigate
1.0,0.5634,70.8014,0.3659,0.7708,1.0,chase
0.0,0.1252,122.0767,0.2597,0.4666,1.0,investigate
0.0,0.1925,208.2469,0.0455,0.2996,1.0,investigate
0.0,0.709,61.3962,0.0,0.0099,0.0,patrol
0.0,0.6647,72.2115,0.0,0.0185,0.0,patrol
0.0,0.7346,50.4968,0.0562,0.0668,0.0,patrol
0.0,0.3871,218.5158,0.2122,0.4476,1.0,investigate
0.0,0.0363,128.1793,0.4052,0.6213,1.0,investigate
1.0,0.3031,124.6259,0.3564,0.573,1.0,investigate
0.0,0.0233,53.1328,0.0,0.6496,0.0,alert
0.0,0.0085,99.8008,0.2199,0.4487,1.0,investigate
0.0,0.18,55.9833,0.3941,0.5888,1.0,investigate
0.0,0.0747,62.877,0.0034,0.564,0.0,alert
1.0,0.6257,189.3891,0.3824,0.5883,1.0,chase
1.0,0.5051,153.4432,0.206,0.4311,1.0,investigate
1.0,0.6393,175.6422,0.0,0.3775,1.0,chase
1.0,0.4666,191.4855,0.2092,0.4251,1.0,investigate
1.0,0.7918,189.7655,0.3039,0.393,1.0,chase
1.0,0.5864,35.331,0.4513,0.6251,1.0,chase
1.0,0.6935,200.4502,0.2048,0.8594,1.0,chase
0.0,0.3825,118.4486,0.3397,0.5259,1.0,investigate
1.0,0.0219,39.4255,0.1708,0.4402,0.0,investigate
0.0,0.7001,54.9387,0.3561,0.34,1.0,chase
0.0,0.7655,42.9501,0.0,0.1892,0.0,patrol
0.0,0.7818,42.4559,0.0,0.1035,0.0,patrol
1.0,0.7017,32.7685,0.1503,0.5523,1.0,chase
1.0,0.3271,105.7753,0.4381,0.5894,1.0,investigate
0.0,0.4275,190.6014,0.4534,0.6304,1.0,investigate
0.0,0.847,32.8937,0.0,0.0952,0.0,patrol
1.0,0.7825,130.718,0.1509,0.4337,1.0,chase
0.0,0.6497,72.3992,0.0018,0.177,0.0,patrol
0.0,0.0,185.6865,0.1588,0.3994,1.0,investigate
0.0,0.7644,47.0814,0.0,0.0289,0.0,patrol
1.0,0.7138,182.3435,0.4924,0.3193,1.0,chase
1.0,0.5538,47.5948,0.0,0.398,1.0,chase
0.0,0.1425,59.0564,0.0,0.6144,0.0,alert
0.0,0.243,115.4859,0.1934,0.4624,1.0,investigate
0.0,0.042,65.1851,0.0,0.6543,0.0,alert
0.0,0.7421,59.9642,0.0,0.1442,0.0,patrol
0.0,0.7172,58.2005,0.0,0.0911,0.0,patrol
0.0,0.1754,63.116,0.0754,0.6996,0.0,alert
0.0,0.8033,37.3573,0.0,0.0507,0.0,patrol
1.0,0.5062,111.7777,0.1664,0.3906,1.0,investigate
0.0,0.8245,33.7306,0.0458,0.0571,0.0,patrol
0.0,0.7315,50.8228,0.0372,0.0792,0.0,patrol
0.0,0.0588,64.6296,0.0,0.4641,0.0,alert
0.0,0.2511,39.0827,0.4685,0.6203,0.0,investigate
0.0,0.0451,92.5566,0.1298,0.3744,1.0,investigate
0.0,0.1092,61.9342,0.0,0.9304,0.0,alert
0.0,0.0641,45.051,0.0798,0.4879,0.0,alert
0.0,0.0702,154.9246,0.221,0.457,1.0,investigate
1.0,0.4872,51.2638,0.1181,0.3496,1.0,chase
0.0,0.8302,40.4422,0.0186,0.1191,0.0,patrol
0.0,0.1742,151.1441,0.0,0.2996,1.0,investigate
0.0,0.2665,52.7605,0.0888,0.3262,1.0,investigate
1.0,0.6036,143.144,0.0819,0.5828,1.0,chase
0.0,0.7369,58.4243,0.0305,0.1053,0.0,patrol
1.0,0.5937,133.614,0.1169,0.6637,1.0,chase
0.0,0.7818,45.394,0.0,0.1369,0.0,patrol
0.0,0.6444,70.6412,0.0146,0.1428,0.0,patrol
0.0,0.7769,42.7152,0.0495,0.3243,0.0,patrol
0.0,0.6554,69.117,0.0,0.1989,0.0,patrol
0.0,0.1166,52.5593,0.0484,0.6036,0.0,alert
0.0,0.0039,70.4044,0.4693,0.6427,0.0,investigate
0.0,0.0857,56.0729,0.0536,0.395,0.0,alert
1.0,0.5884,130.8954,0.1585,0.9284,1.0,chase
0.0,0.2096,66.4607,0.0342,0.927,0.0,alert
0.0,0.6539,68.8736,0.0247,0.054,0.0,patrol
1.0,0.4208,162.4073,0.346,0.5297,1.0,chase
0.0,0.737,51.662,0.0464,0.1755,0.0,patrol
0.0,0.3235,109.9777,0.0883,0.3446,1.0,investigate
0.0,0.0279,64.9201,0.0,0.4515,0.0,alert
0.0,0.6358,74.3809,0.0,0.1824,0.0,patrol
0.0,0.8292,31.9461,0.0,0.0094,0.0,patrol
1.0,0.8234,184.647,0.3126,0.5587,1.0,chase
1.0,0.8292,133.0499,0.5992,0.6695,1.0,chase
0.0,0.7818,37.6014,0.0699,0.132,0.0,patrol
0.0,0.1204,60.932,0.0,0.4158,0.0,alert
0.0,0.8231,33.5693,0.0301,0.1955,0.0,patrol
0.0,0.1333,48.8104,0.0,0.3096,0.0,alert
0.0,0.7647,50.8762,0.0432,0.2771,0.0,patrol
0.0,0.4152,167.4073,0.3914,0.5991,1.0,investigate
1.0,0.5707,134.1674,0.41,0.622,1.0,chase
1.0,0.5707,171.2467,0.4079,0.94,1.0,chase
0.0,0.0169,74.3443,0.0232,0.6725,0.0,alert
0.0,0.1313,196.5194,0.2152,0.4464,1.0,investigate
0.0,0.1285,56.563,0.0064,0.8666,0.0,alert
1.0,0.8315,138.4133,0.4299,0.4582,1.0,chase
0.0,0.0085,36.7529,0.0087,0.9865,0.0,alert
0.0,0.4073,47.9624,0.0,0.2996,0.0,investigate
0.0,0.0448,146.0388,0.0337,0.3333,1.0,investigate
0.0,0.672,65.657,0.0112,0.1337,0.0,patrol
0.0,0.6922,60.7418,0.0237,0.0355,0.0,patrol
0.0,0.6539,69.0939,0.0,0.1591,0.0,patrol
1.0,0.6511,58.8054,0.5336,0.3819,1.0,chase
0.0,0.0867,47.0706,0.0344,0.7634,0.0,alert
0.0,0.7779,161.2154,0.3944,0.5803,1.0,chase
1.0,0.7973,140.2752,0.3931,0.8273,1.0,chase
0.0,0.0407,226.4398,0.093,0.3723,1.0,investigate
0.0,0.0697,69.4399,0.0072,0.9819,0.0,alert
0.0,0.7531,50.9844,0.0476,0.1954,0.0,patrol
0.0,0.2318,198.5768,0.5484,0.6654,1.0,investigate
0.0,0.1699,63.5118,0.0057,0.9318,0.0,alert
0.0,0.2653,135.528,0.5604,0.6986,1.0,investigate
0.0,0.1504,177.9916,0.0665,0.3515,1.0,investigate
1.0,0.4638,79.2636,0.2381,0.4571,0.0,investigate
1.0,0.7988,183.5705,0.2737,0.3414,1.0,chase
0.0,0.8225,36.4016,0.0178,0.0122,0.0,patrol
1.0,0.7346,107.9365,0.2184,0.6076,1.0,chase
1.0,0.4846,149.4617,0.3129,0.5245,0.0,investigate
0.0,0.7149,51.4038,0.0613,0.2601,0.0,patrol
0.0,0.171,60.8907,0.0,0.577,0.0,alert
0.0,0.0307,207.2142,0.352,0.5068,1.0,investigate
0.0,0.7117,57.8978,0.0096,0.1947,0.0,patrol
0.0,0.8285,38.4884,0.0153,0.2371,0.0,patrol
1.0,0.7776,168.7986,0.3594,0.941,1.0,chase
0.0,0.068,43.6977,0.0,0.9889,0.0,alert
0.0,0.0993,47.0735,0.0295,0.3396,1.0,investigate
0.0,0.2773,107.0254,0.333,0.5013,1.0,investigate
1.0,0.8311,108.4185,0.5008,0.9247,1.0,chase
0.0,0.2451,62.0794,0.4262,0.5667,0.0,investigate
0.0,0.3291,124.1178,0.4149,0.6385,1.0,investigate
0.0,0.4053,76.3904,0.2504,0.5009,1.0,investigate
0.0,0.743,49.3331,0.0233,0.0277,0.0,patrol
0.0,0.117,55.0986,0.192,0.4331,1.0,investigate
0.0,0.31,40.3659,0.3428,0.5567,0.0,investigate
0.0,0.692,67.0824,0.031,0.151,0.0,patrol
0.0,0.0354,53.5177,0.0319,0.2897,0.0,alert
0.0,0.2041,60.5349,0.3941,0.597,1.0,investigate
1.0,0.6646,55.5207,0.3828,0.5857,1.0,chase
1.0,0.7526,148.3004,0.4445,0.8603,1.0,chase
0.0,0.3456,164.0341,0.4462,0.6167,1.0,investigate
0.0,0.0,137.1278,0.4449,0.5975,1.0,investigate
0.0,0.82,36.8775,0.0,0.0481,0.0,patrol
0.0,0.3211,41.7975,0.1589,0.4301,1.0,investigate
0.0,0.0114,53.2057,0.0,0.4999,0.0,alert
0.0,0.0756,38.6162,0.0,0.9391,0.0,alert
1.0,0.3897,96.9181,0.137,0.4269,1.0,investigate
1.0,0.4809,66.7513,0.3315,0.5184,1.0,investigate
0.0,0.6933,61.6518,0.0,0.1474,0.0,patrol
0.0,0.2678,48.4479,0.4596,0.618,1.0,investigate
1.0,0.6448,121.4024,0.5298,0.8205,1.0,chase
0.0,0.1075,33.8326,0.0163,0.9914,0.0,alert
0.0,0.7596,54.4617,0.0,0.0397,0.0,patrol
0.0,0.7405,64.6104,0.0132,0.2806,0.0,patrol
0.0,0.1391,62.543,0.0089,0.6616,0.0,alert
0.0,0.1747,177.2882,0.1226,0.4272,1.0,investigate
0.0,0.126,65.5223,0.0405,0.7146,0.0,alert
0.0,0.3722,76.1387,0.2289,0.4889,1.0,investigate
0.0,0.4062,179.0479,0.4426,0.6109,1.0,investigate
0.0,0.1029,57.8107,0.0278,0.5197,0.0,alert
0.0,0.1674,79.3643,0.222,0.4512,1.0,investigate
0.0,0.2061,36.134,0.3703,0.5766,1.0,investigate
0.0,0.8017,34.3154,0.0,0.083,0.0,patrol
0.0,0.0397,39.8225,0.0,0.9079,0.0,alert
1.0,0.0433,167.9498,0.5877,0.6986,1.0,investigate
0.0,0.6068,64.2366,0.1868,0.6366,1.0,chase
1.0,0.5965,110.0344,0.5562,0.6479,1.0,chase
1.0,0.5533,92.3673,0.3409,0.6038,1.0,chase
0.0,0.4935,165.3249,0.4793,0.6399,1.0,chase
0.0,0.0548,77.4655,0.0192,0.4254,0.0,alert
0.0,0.0832,125.5524,0.5052,0.6489,1.0,investigate
0.0,0.075,36.5437,0.0637,0.7607,0.0,alert
0.0,0.6783,50.2628,0.4696,0.5864,1.0,chase
0.0,0.1192,31.8175,0.0,0.7604,0.0,alert
0.0,0.7243,57.5861,0.0,0.1905,0.0,patrol
0.0,0.0204,68.3466,0.0662,0.6057,0.0,alert
0.0,0.0971,46.2925,0.0472,0.7745,0.0,alert
0.0,0.5919,76.2727,0.0571,0.1884,0.0,patrol
0.0,0.6706,55.9699,0.0323,0.2936,0.0,patrol
0.0,0.7211,56.4531,0.0,0.0806,0.0,patrol
1.0,0.6182,101.9102,0.4828,0.6552,1.0,chase
1.0,0.4996,107.2123,0.5522,0.7038,0.0,investigate
1.0,0.5354,119.5924,0.4346,0.3433,1.0,chase
1.0,0.8354,121.3438,0.2901,0.6374,1.0,chase
0.0,0.3895,186.4015,0.5562,0.6978,1.0,investigate
0.0,0.0384,45.9147,0.009,0.5955,0.0,alert
0.0,0.0,117.9341,0.1222,0.3277,1.0,investigate
0.0,0.6399,71.9884,0.0,0.0343,0.0,patrol
0.0,0.0808,44.2394,0.0069,0.3271,0.0,alert
0.0,0.0285,66.7271,0.0352,0.5187,0.0,alert
0.0,0.0017,62.7277,0.0,0.414,0.0,alert
0.0,0.0605,41.1416,0.0,0.9671,0.0,alert
0.0,0.1315,73.6055,0.0,0.4577,0.0,alert
0.0,0.8125,39.1163,0.0,0.2147,0.0,patrol
0.0,0.1089,35.3892,0.0499,0.8813,0.0,alert
0.0,0.7263,51.9099,0.0582,0.0794,0.0,patrol
0.0,0.0997,50.0301,0.0,0.2959,0.0,alert
0.0,0.0434,54.6081,0.063,0.9604,0.0,alert
0.0,0.6548,70.9235,0.0336,0.24,0.0,patrol
1.0,0.3322,163.9048,0.1062,0.374,1.0,investigate
0.0,0.7868,42.5888,0.0557,0.2744,0.0,patrol
0.0,0.7667,56.4611,0.0012,0.2078,0.0,patrol
0.0,0.1278,65.4361,0.0096,0.4746,0.0,alert
0.0,0.0324,57.1313,0.0469,0.8062,0.0,alert
0.0,0.8291,36.2201,0.0057,0.2858,0.0,patrol
0.0,0.8029,35.2747,0.0,0.2129,0.0,patrol
0.0,0.1242,51.1492,0.0259,0.3927,0.0,alert
1.0,0.8198,162.9951,0.4416,0.7762,1.0,chase
0.0,0.2446,89.9397,0.1104,0.3795,1.0,investigate
0.0,0.4023,125.8361,0.5037,0.6694,1.0,investigate
1.0,0.5829,157.352,0.324,0.8486,1.0,chase
0.0,0.062,34.7521,0.05,0.9483,0.0,alert
1.0,0.6221,183.7605,0.4927,0.8893,1.0,chase
0.0,0.1059,61.6093,0.0728,0.739,0.0,alert
0.0,0.0601,64.2318,0.489,0.6181,1.0,investigate
0.0,0.8061,37.3599,0.0,0.1673,0.0,patrol
0.0,0.681,65.6929,0.0125,0.0692,0.0,patrol
0.0,0.674,67.0357,0.0912,0.2072,0.0,patrol
1.0,0.0686,85.2346,0.2457,0.4735,1.0,investigate
0.0,0.727,51.8977,0.0,0.1933,0.0,patrol
0.0,0.3455,36.9831,0.5514,0.7026,1.0,investigate
0.0,0.1802,216.9571,0.1573,0.388,0.0,investigate
0.0,0.1594,35.7964,0.0,0.4706,0.0,alert
0.0,0.1141,74.7369,0.0,0.6282,0.0,alert
0.0,0.7616,46.3035,0.0322,0.0482,0.0,patrol
1.0,0.497,90.5928,0.4096,0.5522,1.0,investigate
1.0,0.4736,39.836,0.5299,0.6843,1.0,investigate
0.0,0.2087,138.8388,0.3833,0.558,1.0,investigate
0.0,0.2213,123.6121,0.2954,0.4765,1.0,investigate
1.0,0.5844,61.7548,0.2291,0.7113,1.0,chase
0.0,0.2854,205.7551,0.3535,0.5439,1.0,investigate
1.0,0.6656,128.0798,0.2041,0.6551,1.0,chase
0.0,0.0501,62.4435,0.2955,0.5186,1.0,investigate
1.0,0.6201,98.9845,0.2563,0.6049,1.0,chase
1.0,0.7517,124.5645,0.2542,0.8964,1.0,chase
0.0,0.142,47.1623,0.0785,0.5876,0.0,alert
0.0,0.442,181.2026,0.592,0.7388,1.0,investigate
0.0,0.0804,64.7637,0.4184,0.5787,1.0,investigate
0.0,0.0272,72.5385,0.5738,0.7368,1.0,investigate
1.0,0.8209,78.2614,0.2132,0.8259,1.0,chase
0.0,0.1048,43.5796,0.0445,0.5466,0.0,alert
0.0,0.0084,72.4342,0.0377,0.8059,0.0,alert
0.0,0.226,44.6631,0.3595,0.5675,1.0,investigate
0.0,0.3354,85.4786,0.3111,0.5672,1.0,investigate
0.0,0.8854,52.161,0.0063,0.4172,1.0,chase
0.0,0.2297,171.4128,0.3733,0.5814,1.0,investigate
0.0,0.1388,36.104,0.0157,0.4741,0.0,alert
0.0,0.4266,64.6397,0.2106,0.4377,1.0,investigate
0.0,0.0161,69.7317,0.1214,0.7066,0.0,alert
1.0,0.7834,89.669,0.2328,0.6408,1.0,chase
0.0,0.5919,120.1892,0.5706,0.7498,1.0,chase
0.0,0.1077,39.6438,0.0324,0.5646,0.0,alert
1.0,0.8945,161.0799,0.3818,0.7926,1.0,chase
0.0,0.6188,74.0427,0.0,0.0278,0.0,patrol
0.0,0.1105,207.1472,0.097,0.3353,1.0,investigate
0.0,0.3931,128.8536,0.2352,0.4423,1.0,investigate
0.0,0.7855,40.4778,0.0074,0.0955,0.0,patrol
1.0,0.8082,196.4779,0.4191,0.7604,1.0,chase
1.0,0.7649,161.1414,0.2841,0.6933,1.0,chase
0.0,0.0792,53.5759,0.0,0.9833,0.0,alert
1.0,0.7966,35.1819,0.5499,0.6753,1.0,chase
0.0,0.3481,174.5134,0.3788,0.5615,1.0,investigate
1.0,0.8242,50.0307,0.3225,0.3998,1.0,chase
0.0,0.0922,72.0378,0.0412,0.8858,0.0,alert
0.0,0.0104,66.5798,0.0356,0.5149,0.0,alert
0.0,0.6864,56.0771,0.0153,0.178,0.0,patrol
0.0,0.4074,143.7277,0.5161,0.6706,1.0,investigate
0.0,0.0553,50.8554,0.0133,0.9322,0.0,alert
0.0,0.0043,49.7897,0.0,0.4893,0.0,alert
1.0,0.6572,106.7578,0.4307,0.3854,1.0,chase
0.0,0.0576,51.0289,0.0,0.9234,0.0,alert
0.0,0.7347,51.9049,0.0,0.2493,0.0,patrol
0.0,0.6499,72.5467,0.0,0.1378,0.0,patrol
0.0,0.2065,117.0481,0.5388,0.6338,1.0,investigate
0.0,0.2902,141.2428,0.4408,0.6474,1.0,investigate
0.0,0.4081,84.3713,0.2793,0.4891,1.0,investigate
0.0,0.6213,67.5014,0.0169,0.2627,0.0,patrol
0.0,0.6789,60.7573,0.0131,0.0507,0.0,patrol
1.0,0.6055,65.4077,0.2345,0.5127,0.0,chase
0.0,0.2496,119.2463,0.3133,0.5334,1.0,investigate
0.0,0.7094,49.3119,0.0,0.0378,0.0,patrol
0.0,0.3454,125.1872,0.0371,0.3293,0.0,investigate
0.0,0.6456,72.8459,0.0,0.1648,0.0,patrol
0.0,0.1067,57.8535,0.0,0.3506,0.0,alert
0.0,0.1707,105.5026,0.5142,0.6702,1.0,investigate
1.0,0.8136,43.4433,0.2505,0.3211,1.0,chase
0.0,0.1122,104.8122,0.3597,0.5584,1.0,investigate
0.0,0.7485,48.7332,0.0,0.1275,0.0,patrol
0.0,0.7799,122.0647,0.5103,0.7609,1.0,chase
0.0,0.0455,212.5254,0.5454,0.6948,0.0,investigate
0.0,0.8359,31.9975,0.0,0.0303,0.0,patrol
0.0,0.0903,166.4986,0.131,0.3839,1.0,investigate
0.0,0.1252,168.7199,0.2185,0.447,1.0,investigate
0.0,0.6397,68.5667,0.0,0.0223,0.0,patrol
0.0,0.0946,70.2868,0.0,0.9341,0.0,alert
0.0,0.792,40.7347,0.0,0.2194,0.0,patrol
0.0,0.8271,39.8423,0.0545,0.1107,0.0,patrol
0.0,0.7108,55.4503,0.0427,0.1849,0.0,patrol
0.0,0.087,62.4984,0.0115,0.8051,0.0,alert
1.0,0.6555,174.6709,0.4963,0.4754,1.0,chase
0.0,0.0837,36.7229,0.019,0.9251,0.0,alert
0.0,0.7227,54.1237,0.0334,0.0701,0.0,patrol
1.0,0.5187,166.8181,0.5513,0.5814,1.0,chase
0.0,0.0682,69.7814,0.0663,0.9156,0.0,alert
0.0,0.7665,52.6627,0.0,0.2133,0.0,patrol
0.0,0.0874,186.4588,0.138,0.3918,1.0,investigate
0.0,0.3661,163.7746,0.3687,0.565,1.0,investigate
0.0,0.7114,61.9822,0.0,0.0526,0.0,patrol
1.0,0.7511,75.688,0.3993,0.4459,1.0,chase
0.0,0.3732,210.4993,0.1356,0.3885,1.0,investigate
0.0,0.6652,69.2122,0.0,0.016,0.0,patrol
1.0,0.6073,188.4334,0.5426,0.7305,1.0,chase
0.0,0.7353,53.3449,0.0,0.0926,0.0,patrol
0.0,0.0833,29.9971,0.0,0.679,0.0,alert
0.0,0.2459,32.5073,0.3896,0.534,1.0,investigate
0.0,0.6801,66.2526,0.0174,0.2757,0.0,patrol
0.0,0.1287,42.1415,0.1258,0.9325,0.0,alert
0.0,0.0332,53.9886,0.0,0.8284,0.0,alert
0.0,0.7477,47.0003,0.0,0.0332,0.0,patrol
0.0,0.8565,36.2865,0.0234,0.0274,0.0,patrol
0.0,0.0294,78.3186,0.0,0.4461,0.0,alert
0.0,0.3374,40.4716,0.101,0.3633,1.0,investigate
1.0,0.7658,81.3961,0.2675,0.585,1.0,chase
1.0,0.6868,128.2421,0.4933,0.9663,1.0,chase
0.0,0.788,44.6939,0.0403,0.2313,0.0,patrol
0.0,0.4872,91.7053,0.5706,0.7033,1.0,investigate
0.0,0.7942,40.8222,0.0,0.205,0.0,patrol
1.0,0.8172,186.7123,0.1889,0.4147,1.0,chase
0.0,0.739,51.7084,0.0084,0.289,0.0,patrol
1.0,0.5634,116.241,0.1085,0.6311,1.0,chase
0.0,0.3849,42.4389,0.1693,0.4583,1.0,investigate
1.0,0.605,78.5504,0.1127,0.6937,1.0,chase
0.0,0.6588,65.0384,0.0025,0.2119,0.0,patrol
0.0,0.0548,46.9961,0.0,0.9836,0.0,alert
0.0,0.679,60.1878,0.0318,0.166,0.0,patrol
0.0,0.6599,64.0483,0.0,0.0885,0.0,patrol
0.0,0.7537,53.0186,0.0676,0.1426,0.0,patrol
0.0,0.0388,58.7952,0.0,0.8817,0.0,alert
1.0,0.5473,56.4859,0.3833,0.8653,1.0,chase
0.0,0.1251,52.7171,0.0,0.3387,0.0,alert
0.0,0.7604,57.7093,0.0307,0.0623,0.0,patrol
0.0,0.6612,66.1953,0.0815,0.072,0.0,patrol
1.0,0.0162,88.764,0.1438,0.3821,1.0,investigate
0.0,0.7473,47.1223,0.0033,0.0734,0.0,patrol
0.0,0.0856,53.7986,0.0,0.8542,0.0,alert
1.0,0.5228,164.3654,0.122,0.7135,1.0,chase
0.0,0.2765,148.3611,0.3682,0.5316,1.0,investigate
0.0,0.7553,43.1415,0.0,0.1995,0.0,patrol
0.0,0.0838,70.7956,0.0,0.6129,0.0,alert
1.0,0.6507,37.9735,0.4531,0.7307,0.0,chase
1.0,0.6093,82.9208,0.3877,0.5853,1.0,chase
1.0,0.6401,157.2067,0.2969,0.7387,1.0,chase
1.0,0.7213,188.422,0.0534,0.9146,1.0,chase
0.0,0.3859,117.8194,0.1504,0.3874,0.0,investigate
1.0,0.7692,183.1864,0.3407,0.4205,1.0,chase
0.0,0.0,42.5718,0.0,0.961,0.0,alert
1.0,0.636,52.3827,0.465,0.8475,1.0,chase
1.0,0.4744,139.507,0.1313,0.3782,1.0,investigate
0.0,0.7357,51.3442,0.0095,0.2377,0.0,patrol
0.0,0.801,36.1226,0.0,0.1792,0.0,patrol
0.0,0.0217,85.4948,0.5081,0.6544,1.0,investigate
0.0,0.2161,163.9565,0.5283,0.7017,1.0,investigate
0.0,0.0813,123.7591,0.289,0.5043,1.0,investigate
0.0,0.147,73.9205,0.0018,0.7371,0.0,alert
0.0,0.3385,150.4956,0.0999,0.3639,1.0,investigate
0.0,0.1956,80.8513,0.537,0.6233,1.0,investigate
0.0,0.8537,35.8638,0.0,0.1612,0.0,patrol
0.0,0.7648,44.294,0.0099,0.3087,0.0,patrol
0.0,0.2004,140.7308,0.3851,0.5676,1.0,investigate
0.0,0.4198,131.2398,0.5221,0.6615,1.0,investigate
0.0,0.761,50.2924,0.0,0.041,0.0,patrol
1.0,0.5611,170.3161,0.2875,0.3484,1.0,chase
0.0,0.3458,86.6506,0.5277,0.6784,1.0,investigate
1.0,0.2578,215.1432,0.0089,0.2996,1.0,investigate
1.0,0.4633,70.501,0.3466,0.7757,1.0,chase
0.0,0.0431,34.2919,0.0197,0.4298,0.0,alert
0.0,0.1013,55.2232,0.0392,0.5017,0.0,alert
1.0,0.6146,57.8517,0.3367,0.8557,1.0,chase
0.0,0.8412,33.2762,0.0525,0.0609,0.0,patrol
1.0,0.8026,197.5794,0.1999,0.959,1.0,chase
0.0,0.8602,29.7101,0.0055,0.023,0.0,patrol
0.0,0.711,60.6705,0.0,0.1071,0.0,patrol
0.0,0.7033,54.7312,0.0,0.0421,0.0,patrol
0.0,0.2887,37.468,0.2495,0.4722,1.0,investigate
0.0,0.724,52.5467,0.0,0.0042,0.0,patrol
0.0,0.5054,169.7685,0.4106,0.6301,1.0,investigate
0.0,0.7885,44.6061,0.0,0.1891,0.0,patrol
0.0,0.0611,64.543,0.0269,0.8188,0.0,alert
0.0,0.5202,192.1283,0.2432,0.4491,1.0,investigate
1.0,0.8177,117.742,0.2984,0.797,0.0,chase
0.0,0.8008,42.062,0.0538,0.2355,0.0,patrol
1.0,0.7769,140.3875,0.4809,0.7615,1.0,chase
0.0,0.1355,35.975,0.0241,0.7243,0.0,alert
1.0,0.5697,174.3706,0.0756,0.2996,1.0,chase
0.0,0.0,67.6953,0.0336,0.324,0.0,alert
0.0,0.0129,56.1995,0.0,0.4063,0.0,alert
0.0,0.0609,61.1033,0.0,0.8823,0.0,alert
0.0,0.0468,59.3307,0.0249,0.5977,0.0,alert
0.0,0.6425,65.4763,0.0,0.1044,0.0,patrol
1.0,0.7573,82.2862,0.5221,0.8842,1.0,chase
1.0,0.4948,97.1912,0.4829,0.5451,1.0,chase
0.0,0.1083,43.7469,0.0,0.9645,0.0,alert
1.0,0.5861,123.1981,0.3091,0.3958,1.0,chase
0.0,0.0021,46.7636,0.0,0.7496,0.0,alert
0.0,0.1094,29.4207,0.0615,0.9727,0.0,alert
0.0,0.4343,117.9751,0.136,0.3812,0.0,investigate
1.0,0.8882,66.3981,0.2969,0.631,1.0,chase
0.0,0.2881,121.6881,0.1392,0.4153,1.0,investigate
1.0,0.0256,66.5205,0.1399,0.4152,1.0,investigate
0.0,0.8167,37.1831,0.0,0.1143,0.0,patrol
0.0,0.6368,72.0355,0.0,0.2015,0.0,patrol
0.0,0.2332,41.4721,0.5505,0.6334,1.0,investigate
1.0,0.6265,48.6382,0.2799,0.7838,1.0,chase
1.0,0.8489,189.654,0.3425,0.3083,1.0,chase
0.0,0.313,89.865,0.1721,0.4184,1.0,investigate
1.0,0.6046,89.7827,0.4182,0.6038,1.0,chase
0.0,0.6856,69.5688,0.0055,0.0513,0.0,patrol
0.0,0.4155,164.5626,0.1602,0.4053,1.0,investigate
0.0,0.1124,220.8612,0.0225,0.3108,1.0,investigate
0.0,0.4388,111.5892,0.0153,0.2996,1.0,investigate
0.0,0.7919,40.4012,0.005,0.1624,0.0,patrol
1.0,0.5822,93.0317,0.5139,0.8058,1.0,chase
1.0,0.8206,36.3703,0.3919,0.6825,1.0,chase
0.0,0.789,45.3119,0.0,0.1146,0.0,patrol
1.0,0.6312,84.7632,0.3417,0.9118,0.0,chase
0.0,0.7798,40.6437,0.012,0.2126,0.0,patrol
0.0,0.0549,64.3085,0.0154,0.6843,0.0,alert
0.0,0.1217,63.4218,0.0,1.0,0.0,alert
0.0,0.7331,56.7796,0.042,0.1181,0.0,patrol
0.0,0.8789,28.6554,0.0,0.1675,0.0,patrol
0.0,0.8434,32.1248,0.0,0.1383,0.0,patrol
0.0,0.6946,60.1302,0.0317,0.1111,0.0,patrol
0.0,0.8228,36.0291,0.0,0.0899,0.0,patrol
0.0,0.1571,87.5502,0.1964,0.4391,0.0,investigate
1.0,0.6839,85.5546,0.2004,0.9865,1.0,chase
0.0,0.1535,134.7979,0.1385,0.4169,1.0,investigate
0.0,0.0074,56.5641,0.0,0.7989,0.0,alert
0.0,0.0924,166.2748,0.3207,0.5519,1.0,investigate
0.0,0.778,46.1006,0.0088,0.2609,0.0,patrol
1.0,0.6216,139.0479,0.0487,0.5174,1.0,chase
0.0,0.1087,54.9393,0.0,0.749,0.0,alert
1.0,0.7986,154.6009,0.3744,0.4609,1.0,chase
0.0,0.0707,59.2985,0.0,0.7487,0.0,alert
0.0,0.0,44.8848,0.0,0.8997,0.0,alert
1.0,0.668,113.1463,0.2161,0.3106,1.0,chase
0.0,0.4337,168.4537,0.2125,0.4645,1.0,investigate
0.0,0.7047,56.526,0.0092,0.2806,0.0,patrol
0.0,0.1505,38.5901,0.0456,0.3236,0.0,alert
0.0,0.0,53.1329,0.0125,0.9725,0.0,alert
0.0,0.378,191.6288,0.3031,0.4986,1.0,investigate
0.0,0.6197,70.4435,0.0816,0.0584,0.0,patrol
0.0,0.1307,49.0605,0.0159,0.5983,0.0,alert
1.0,0.6565,122.0879,0.344,0.8882,0.0,chase
1.0,0.5323,198.7122,0.3995,0.5136,1.0,chase
0.0,0.1012,70.6027,0.0,0.5889,0.0,alert
0.0,0.6647,70.5343,0.0064,0.0933,0.0,patrol
0.0,0.0446,62.5599,0.0109,0.3859,0.0,alert
0.0,0.2694,219.1303,0.249,0.4788,1.0,investigate
0.0,0.6612,65.5968,0.0313,0.0992,0.0,patrol
0.0,0.7539,49.9119,0.0372,0.1183,0.0,patrol
0.0,0.0932,68.2993,0.0,0.5872,0.0,alert
1.0,0.5158,134.9234,0.5507,0.4897,1.0,chase
0.0,0.759,50.96,0.0,0.095,0.0,patrol
0.0,0.0835,52.2886,0.0501,0.3627,0.0,alert
1.0,0.5368,186.3805,0.0328,0.8482,0.0,chase
0.0,0.0668,58.1482,0.0,0.5282,0.0,alert
0.0,0.0,32.6243,0.008,0.3591,0.0,alert
0.0,0.0723,46.8802,0.0,0.6954,0.0,alert
0.0,0.1416,46.0315,0.0,0.8767,0.0,alert
1.0,0.6089,182.7245,0.1208,0.4922,1.0,chase
1.0,0.7114,44.1362,0.2856,0.92,1.0,chase
0.0,0.1251,206.995,0.2018,0.4171,1.0,investigate
0.0,0.0669,197.4743,0.5386,0.6567,1.0,investigate
0.0,0.7382,53.9408,0.0,0.2144,0.0,patrol
0.0,0.3976,38.2811,0.1368,0.422,1.0,investigate
0.0,0.0424,49.5271,0.009,0.4337,0.0,alert
0.0,0.0158,70.2717,0.0234,0.9625,0.0,alert
1.0,0.4332,215.7024,0.1943,0.4261,1.0,investigate
1.0,0.5561,62.7775,0.0188,0.8454,1.0,chase
0.0,0.0319,35.4172,0.0003,0.9002,0.0,alert
0.0,0.0098,45.5629,0.0,0.2225,0.0,alert
1.0,0.603,186.6227,0.3606,0.4784,1.0,chase
0.0,0.7405,49.7241,0.0,0.1354,0.0,patrol
0.0,0.8142,36.9387,0.0,0.0151,0.0,patrol
0.0,0.0775,57.9498,0.0227,0.5895,0.0,alert
0.0,0.2478,112.6868,0.0297,0.2996,1.0,investigate
1.0,0.6804,180.6212,0.3845,0.6843,1.0,chase
1.0,0.815,199.3377,0.2589,0.9941,1.0,chase
1.0,0.855,94.2576,0.1005,0.9275,1.0,chase
1.0,0.6473,137.5958,0.0339,0.4588,1.0,chase
0.0,0.0361,53.8409,0.0277,0.5384,0.0,alert
0.0,0.0,60.5908,0.0306,0.5992,0.0,alert
0.0,0.3183,177.9117,0.1641,0.4326,1.0,investigate
0.0,0.3275,181.6763,0.4985,0.6556,1.0,investigate
0.0,0.1196,61.4317,0.0,0.5457,0.0,alert
0.0,0.1475,129.5295,0.6056,0.7264,1.0,investigate
1.0,0.5578,130.8538,0.15,0.8395,1.0,chase
1.0,0.4762,149.3851,0.4011,0.5944,0.0,investigate
0.0,0.0353,71.4026,0.02,0.8593,0.0,alert
0.0,0.3713,177.3867,0.5516,0.6744,1.0,investigate
0.0,0.756,42.231,0.0,0.1764,0.0,patrol
0.0,0.1655,59.0325,0.0,0.6021,0.0,alert
0.0,0.0518,30.7398,0.0,0.4068,0.0,alert
1.0,0.6229,166.7542,0.2504,0.6088,1.0,chase
1.0,0.6807,101.8611,0.0155,0.4593,1.0,chase
0.0,0.0955,65.059,0.0,0.7995,0.0,alert
0.0,0.3042,74.5477,0.1538,0.3867,1.0,investigate
1.0,0.6139,161.158,0.2516,0.7728,1.0,chase
0.0,0.0359,47.141,0.0,0.5632,0.0,alert
0.0,0.756,50.0839,0.0754,0.0621,0.0,patrol
0.0,0.7009,57.5017,0.0,0.2109,0.0,patrol
1.0,0.4849,55.8368,0.1311,0.4515,1.0,chase
0.0,0.6674,67.0037,0.0744,0.0,0.0,patrol
0.0,0.1189,170.7436,0.4239,0.5755,1.0,investigate
1.0,0.5626,120.9172,0.0801,0.3647,1.0,investigate
0.0,0.0862,42.6735,0.0225,0.5062,0.0,alert
0.0,0.0927,50.8197,0.1086,0.8263,0.0,alert
0.0,0.6731,61.5604,0.1005,0.0391,0.0,patrol
1.0,0.5645,106.4675,0.4257,0.9726,0.0,chase
1.0,0.4747,49.423,0.3892,0.582,1.0,investigate
0.0,0.0301,55.1283,0.0,0.4993,0.0,alert
0.0,0.4302,92.328,0.4613,0.6375,1.0,investigate
1.0,0.8333,82.5046,0.4164,0.3703,1.0,chase
0.0,0.2664,93.2306,0.3716,0.5379,1.0,investigate
0.0,0.7899,44.5947,0.0044,0.0325,0.0,patrol
0.0,0.7877,41.7721,0.0489,0.2,0.0,patrol
0.0,0.664,67.0367,0.0199,0.2032,0.0,patrol
1.0,0.6089,45.4067,0.1565,0.3347,1.0,chase
0.0,0.085,67.1285,0.0204,0.6499,0.0,alert
0.0,0.1633,58.5779,0.0081,0.6939,0.0,alert
0.0,0.4087,185.212,0.3061,0.5217,1.0,investigate
1.0,0.7202,118.1181,0.3787,0.9004,1.0,chase
0.0,0.7018,66.2146,0.1063,0.0244,0.0,patrol
0.0,0.0453,202.3889,0.3369,0.5415,1.0,investigate
0.0,0.0175,40.7781,0.0134,0.5386,0.0,alert
0.0,0.6826,61.742,0.0262,0.2408,0.0,patrol
1.0,0.5864,127.4113,0.0132,0.4805,1.0,chase
1.0,0.5433,108.0901,0.0862,0.54,1.0,chase
0.0,0.1482,42.5332,0.0,0.7093,0.0,alert
0.0,0.3244,44.5353,0.5566,0.6839,1.0,investigate
0.0,0.0682,48.2187,0.0386,0.8204,0.0,alert
0.0,0.0945,43.6206,0.0,0.807,0.0,alert
1.0,0.54,189.7152,0.5691,0.9141,1.0,chase
0.0,0.8239,37.3033,0.0244,0.125,0.0,patrol
1.0,0.0,27.1853,0.1436,0.3885,1.0,investigate
0.0,0.0724,54.2592,0.0913,0.9633,0.0,alert
0.0,0.6433,69.3938,0.0,0.0989,0.0,patrol
0.0,0.0152,36.9797,0.0076,0.2693,0.0,alert
1.0,0.5449,104.8949,0.2846,0.2996,1.0,chase
0.0,0.7443,58.0031,0.0,0.145,0.0,patrol
0.0,0.2879,191.803,0.2069,0.4227,1.0,investigate
1.0,0.5184,198.4708,0.4453,0.8901,1.0,chase
0.0,0.7648,43.6618,0.0285,0.0395,0.0,patrol
1.0,0.5266,115.1589,0.4822,0.4453,1.0,chase
1.0,0.7662,146.3569,0.1369,0.9864,1.0,chase
0.0,0.8391,30.6756,0.0318,0.1885,0.0,patrol
1.0,0.6775,138.1421,0.1192,0.9513,1.0,chase
1.0,0.5125,90.4365,0.2918,0.765,0.0,chase
0.0,0.074,69.0376,0.0342,0.3888,0.0,alert
1.0,0.6133,154.9944,0.1755,0.9249,1.0,chase
0.0,0.0113,61.3571,0.0204,0.5987,0.0,alert
0.0,0.0609,31.4216,0.0,0.3999,0.0,alert
1.0,0.5082,197.9426,0.4459,0.3907,1.0,chase
1.0,0.0581,137.7421,0.0865,0.3537,1.0,investigate
0.0,0.3891,111.6228,0.5684,0.7024,1.0,investigate
0.0,0.0608,203.3973,0.2722,0.4967,1.0,investigate
1.0,0.6037,43.5588,0.458,0.4913,1.0,chase
0.0,0.6516,188.4957,0.1505,0.832,1.0,chase
0.0,0.8517,33.1078,0.0074,0.3235,0.0,patrol
0.0,0.6865,61.9421,0.0,0.298,0.0,patrol
1.0,0.218,97.1743,0.1623,0.4166,1.0,investigate
1.0,0.8217,145.9553,0.0563,0.8775,1.0,chase
1.0,0.5735,171.183,0.199,0.4237,1.0,investigate
0.0,0.0631,53.8328,0.0,0.9473,0.0,alert
0.0,0.7483,53.9261,0.0,0.2999,0.0,patrol
1.0,0.6338,75.369,0.0625,0.6969,1.0,chase
0.0,0.0228,43.8382,0.0,0.5031,0.0,alert
0.0,0.143,154.12,0.1169,0.3597,1.0,investigate
0.0,0.2889,58.2492,0.3555,0.589,1.0,investigate
0.0,0.0247,37.5561,0.017,0.5418,0.0,alert
0.0,0.0204,46.3057,0.0,0.9307,0.0,alert
0.0,0.188,212.783,0.0913,0.3965,1.0,investigate
0.0,0.0368,36.1316,0.0015,0.7169,0.0,alert
0.0,0.748,45.3629,0.0,0.0076,0.0,patrol
0.0,0.0266,33.4111,0.0427,0.8309,0.0,alert
1.0,0.8036,111.574,0.3485,0.4189,1.0,chase
0.0,0.04,57.7121,0.0,0.9075,0.0,alert
1.0,0.6977,158.3787,0.2289,0.797,1.0,chase
0.0,0.2703,129.7546,0.1893,0.4423,1.0,investigate
1.0,0.707,182.8571,0.4966,0.5885,0.0,chase
0.0,0.5693,159.1784,0.4669,0.9481,1.0,chase
0.0,0.0616,55.4553,0.064,0.3357,0.0,alert
0.0,0.7217,54.879,0.0133,0.0988,0.0,patrol
1.0,0.8712,174.0071,0.1294,0.6223,0.0,chase
0.0,0.0657,47.3343,0.028,0.9458,0.0,alert
0.0,0.6845,70.3552,0.0,0.2811,0.0,patrol
0.0,0.0995,38.5728,0.0,0.7221,0.0,alert
0.0,0.1649,137.7279,0.3194,0.5265,1.0,investigate
0.0,0.101,48.8052,0.0,0.6758,0.0,alert
0.0,0.2975,80.0447,0.0996,0.3774,1.0,investigate
1.0,0.7349,112.3849,0.0719,0.9049,1.0,chase
0.0,0.0688,58.057,0.0,0.9381,0.0,alert
1.0,0.5047,132.4939,0.526,0.5597,0.0,chase
0.0,0.2627,171.9881,0.2295,0.4225,1.0,investigate
0.0,0.0492,37.6176,0.0164,1.0,0.0,alert
0.0,0.4009,63.2446,0.3906,0.6012,1.0,investigate
1.0,0.5745,88.6976,0.4071,0.5127,1.0,chase
1.0,0.7945,108.3298,0.0237,0.3632,0.0,chase
0.0,0.0784,41.4967,0.0216,0.8757,0.0,alert
1.0,0.7453,86.313,0.2515,0.5933,1.0,chase
1.0,0.7098,95.4136,0.3408,0.73,1.0,chase
1.0,0.493,112.5776,0.1149,0.368,1.0,investigate
0.0,0.0,39.7521,0.0,0.9499,0.0,alert
1.0,0.5505,128.1809,0.5443,0.6739,0.0,chase
0.0,0.7071,64.5826,0.0326,0.0537,0.0,patrol
0.0,0.1362,52.2614,0.0,0.9416,0.0,alert
0.0,0.6592,66.0826,0.0674,0.2313,0.0,patrol
0.0,0.3843,177.4743,0.1055,0.3853,1.0,investigate
0.0,0.0461,61.1631,0.0031,0.587,0.0,alert
0.0,0.7639,46.5291,0.0,0.2589,0.0,patrol
0.0,0.086,168.7514,0.2249,0.4613,1.0,investigate
0.0,0.7672,44.8174,0.0981,0.2929,0.0,patrol
0.0,0.3738,218.853,0.2128,0.4646,1.0,investigate
0.0,0.7902,38.7686,0.0,0.0277,0.0,patrol
0.0,0.6875,61.7962,0.0,0.1581,0.0,patrol
0.0,0.0499,148.3552,0.0998,0.3786,1.0,investigate
0.0,0.6246,71.9679,0.0472,0.1401,0.0,patrol
1.0,0.6102,66.1049,0.057,0.6853,1.0,chase
0.0,0.268,77.4515,0.3613,0.5575,1.0,investigate
0.0,0.236,132.5799,0.5775,0.7168,1.0,investigate
0.0,0.7957,43.0528,0.022,0.0,0.0,patrol
0.0,0.6475,63.3744,0.0401,0.1031,0.0,patrol
0.0,0.4029,138.4699,0.2433,0.4729,1.0,investigate
0.0,0.0215,35.0774,0.0269,0.679,0.0,alert
0.0,0.0,34.3267,0.0185,0.9629,0.0,alert
1.0,0.8502,137.3616,0.0577,0.3419,1.0,chase
0.0,0.0265,51.2515,0.0,0.4009,0.0,alert
1.0,0.2479,64.6577,0.0,0.3129,1.0,investigate
0.0,0.1846,187.9817,0.4491,0.5995,1.0,investigate
1.0,0.8991,134.276,0.2508,0.4838,1.0,chase
0.0,0.0334,66.2251,0.0082,0.9795,0.0,alert
0.0,0.7638,67.0678,0.415,0.847,1.0,chase
1.0,0.8149,133.776,0.1584,0.3139,1.0,chase
0.0,0.3463,169.162,0.2073,0.4571,1.0,investigate
0.0,0.0747,64.4845,0.0,0.879,0.0,alert
0.0,0.3314,202.6709,0.2763,0.5262,0.0,investigate
1.0,0.6186,165.096,0.2312,0.5369,1.0,chase
0.0,0.704,53.5112,0.0506,0.0323,0.0,patrol
1.0,0.4628,74.7436,0.2477,0.9352,1.0,chase
0.0,0.0419,87.7091,0.5612,0.6827,1.0,investigate
0.0,0.839,32.2776,0.0037,0.2017,0.0,patrol
0.0,0.0783,49.6902,0.0,0.9911,0.0,alert
1.0,0.4537,84.0045,0.0931,0.3412,1.0,investigate
0.0,0.1301,206.5971,0.5861,0.7043,1.0,investigate
0.0,0.8101,41.0124,0.1111,0.164,0.0,patrol
1.0,0.0313,65.4344,0.1187,0.4293,1.0,investigate
0.0,0.1783,57.0079,0.1163,0.3792,0.0,investigate
0.0,0.6404,71.7057,0.0222,0.0129,0.0,patrol
1.0,0.6383,72.5887,0.1833,0.5391,1.0,chase
1.0,0.7167,35.5311,0.0184,0.7169,1.0,chase
0.0,0.788,47.8953,0.0,0.1425,0.0,patrol
0.0,0.6656,60.8267,0.0446,0.2714,0.0,patrol
0.0,0.8539,34.0411,0.0437,0.094,0.0,patrol
0.0,0.0615,35.5949,0.0,0.3175,0.0,alert
0.0,0.0582,45.2058,0.0194,0.8089,0.0,alert
0.0,0.1711,204.7954,0.2735,0.4968,1.0,investigate
0.0,0.1093,53.1022,0.0,0.4062,0.0,alert
1.0,0.6075,118.4652,0.0097,0.8011,1.0,chase
0.0,0.7167,56.0612,0.0591,0.2514,0.0,patrol
0.0,0.0596,60.8475,0.0,0.4918,0.0,alert
1.0,0.7209,121.8835,0.4804,0.9174,1.0,chase
0.0,0.8108,42.3658,0.0,0.0401,0.0,patrol
1.0,0.8572,63.0548,0.2794,0.4594,1.0,chase
1.0,0.6927,93.3086,0.2538,0.3915,1.0,chase
1.0,0.7941,67.8781,0.4094,0.4628,1.0,chase
0.0,0.7258,55.6267,0.0,0.1878,0.0,patrol
0.0,0.0018,61.129,0.0,0.5144,0.0,alert
0.0,0.0832,69.4245,0.0,0.4143,0.0,alert
1.0,0.7218,56.4955,0.4311,0.8954,1.0,chase
0.0,0.0496,57.8026,0.0179,0.6449,0.0,alert
0.0,0.4109,136.536,0.1167,0.3601,1.0,investigate
0.0,0.1167,65.7998,0.0359,0.7691,0.0,alert
0.0,0.759,49.6742,0.0206,0.056,0.0,patrol
1.0,0.6372,54.5906,0.0242,0.8262,1.0,chase
0.0,0.0,67.8372,0.0,0.7613,0.0,alert
0.0,0.7026,54.9021,0.0113,0.3201,0.0,patrol
0.0,0.1047,61.1487,0.0,0.8324,0.0,alert
0.0,0.7003,64.0351,0.0,0.0475,0.0,patrol
0.0,0.7676,46.8274,0.0576,0.1321,0.0,patrol
0.0,0.062,63.9377,0.0416,0.589,0.0,alert
0.0,0.7953,91.2233,0.3305,0.8786,1.0,chase
1.0,0.8074,56.7115,0.0981,0.9134,1.0,chase
0.0,0.0374,104.9563,0.0305,0.2996,1.0,investigate
1.0,0.741,41.9332,0.5145,0.5433,1.0,chase
0.0,0.7479,54.4923,0.014,0.1419,0.0,patrol
0.0,0.0077,64.1808,0.0,0.8426,0.0,alert
0.0,0.7063,59.6918,0.0,0.1771,0.0,patrol
1.0,0.7706,156.562,0.2416,0.6278,1.0,chase
0.0,0.2603,78.2307,0.4196,0.5664,1.0,investigate
0.0,0.7662,47.0615,0.0,0.3222,0.0,patrol
0.0,0.8924,131.6636,0.3539,0.6605,1.0,chase
1.0,0.5782,123.4828,0.4373,0.3305,1.0,chase
0.0,0.3584,125.4631,0.0901,0.3395,1.0,investigate
0.0,0.0691,42.1173,0.0,0.356,0.0,alert
1.0,0.4626,142.451,0.0721,0.3827,1.0,chase
0.0,0.0721,71.6055,0.0003,0.2692,0.0,alert
0.0,0.3619,73.4036,0.0358,0.3523,1.0,investigate
0.0,0.1612,44.0125,0.0,0.7436,0.0,alert
0.0,0.1791,205.678,0.3945,0.5583,1.0,investigate
0.0,0.0,44.0321,0.0,0.7802,0.0,alert
0.0,0.6996,64.5803,0.0406,0.1209,0.0,patrol
0.0,0.0576,61.9248,0.0,0.9473,0.0,alert
1.0,0.6954,43.6521,0.0728,0.409,0.0,chase
1.0,0.7052,139.1209,0.137,0.4323,1.0,chase
0.0,0.2164,110.1012,0.3587,0.5444,1.0,investigate
1.0,0.848,195.6454,0.2784,0.2996,1.0,chase
0.0,0.7355,51.6372,0.0,0.2366,0.0,patrol
0.0,0.8559,33.5667,0.0,0.0723,0.0,patrol
0.0,0.6866,55.1223,0.0,0.2372,0.0,patrol
0.0,0.2116,196.7901,0.4772,0.6384,1.0,investigate
1.0,0.812,114.1049,0.2032,0.473,1.0,chase
0.0,0.7873,39.2131,0.0,0.0952,0.0,patrol
1.0,0.5657,91.3811,0.2117,0.9159,1.0,chase
0.0,0.0353,64.2627,0.034,0.5981,0.0,alert
0.0,0.3089,106.3836,0.4175,0.6208,1.0,investigate
0.0,0.0666,55.3604,0.0,0.7326,0.0,alert
1.0,0.7127,79.1884,0.4957,0.7124,1.0,chase
1.0,0.4894,70.9513,0.0303,0.6772,1.0,chase
0.0,0.115,52.2948,0.0701,0.6056,0.0,alert
0.0,0.3659,91.0966,0.3741,0.5269,1.0,investigate
0.0,0.707,48.1676,0.0,0.009,0.0,patrol
0.0,0.0047,126.8156,0.0663,0.3499,0.0,investigate
0.0,0.7871,46.2716,0.0361,0.1989,0.0,patrol
0.0,0.8271,32.6729,0.0065,0.0929,0.0,patrol
0.0,0.048,50.9,0.0,0.5118,0.0,alert
0.0,0.1413,50.5154,0.0,0.9632,0.0,alert
1.0,0.7263,166.357,0.0485,0.8499,1.0,chase
0.0,0.0211,50.685,0.0,0.4949,0.0,alert
1.0,0.4471,76.7319,0.1386,0.6314,1.0,chase
1.0,0.6928,45.368,0.1155,0.7565,1.0,chase
1.0,0.6412,194.8965,0.3746,0.3391,1.0,chase
0.0,0.8598,29.8622,0.0,0.1691,0.0,patrol
0.0,0.8359,36.7779,0.0548,0.2532,0.0,patrol
0.0,0.1151,64.0841,0.0,0.7802,0.0,alert
1.0,0.5871,195.0368,0.4966,0.6081,1.0,chase
0.0,0.0374,168.5141,0.0,0.3133,1.0,investigate
0.0,0.6681,67.8904,0.0,0.1692,0.0,patrol
0.0,0.0,67.0022,0.0,0.9342,0.0,alert
1.0,0.637,66.683,0.3931,0.6221,1.0,chase
1.0,0.4901,81.9627,0.1525,0.4066,1.0,investigate
1.0,0.6435,191.3053,0.2105,0.3956,1.0,chase
0.0,0.3861,148.6717,0.2293,0.4878,1.0,investigate
0.0,0.3373,202.4663,0.0838,0.3582,1.0,investigate
1.0,0.7141,162.4413,0.462,0.7924,1.0,chase
0.0,0.0262,56.2315,0.0171,0.3971,0.0,alert
0.0,0.2892,139.1849,0.3001,0.5026,1.0,investigate
1.0,0.4525,138.4316,0.3199,0.5455,1.0,investigate
0.0,0.8132,36.3116,0.0,0.0064,0.0,patrol
0.0,0.7561,46.4851,0.018,0.2957,0.0,patrol
0.0,0.1266,199.9797,0.2405,0.4823,1.0,investigate
0.0,0.7824,45.2688,0.0,0.2009,0.0,patrol
0.0,0.794,40.3162,0.0105,0.1641,0.0,patrol
0.0,0.1824,67.1275,0.1138,0.3799,1.0,investigate
1.0,0.5598,196.3885,0.3288,0.4979,1.0,chase
0.0,0.0463,75.3806,0.0007,0.6914,0.0,alert
0.0,0.0538,29.6419,0.018,0.3588,0.0,alert
0.0,0.0489,48.5304,0.0631,0.4301,0.0,alert
0.0,0.6461,73.4658,0.0,0.2552,0.0,patrol
1.0,0.6282,182.6634,0.2389,0.8541,1.0,chase
0.0,0.7194,55.9351,0.0384,0.2588,0.0,patrol
1.0,0.8483,152.677,0.1298,0.6139,1.0,chase
0.0,0.3814,41.1724,0.3111,0.5283,1.0,investigate
0.0,0.078,40.4044,0.0091,0.6362,0.0,alert
1.0,0.4989,131.9535,0.5305,0.5485,1.0,chase
0.0,0.1226,67.8629,0.0274,0.389,0.0,alert
1.0,0.7043,94.7503,0.3203,0.3495,1.0,chase
1.0,0.5434,109.3955,0.2757,0.9291,1.0,chase
1.0,0.5512,137.0426,0.048,0.6057,1.0,chase
0.0,0.8058,38.203,0.0277,0.2133,0.0,patrol
0.0,0.7984,39.9337,0.0,0.1517,0.0,patrol
0.0,0.8267,34.5808,0.0,0.0049,0.0,patrol
1.0,0.4894,136.9802,0.2495,0.5043,1.0,investigate
0.0,0.639,71.6528,0.0,0.0092,0.0,patrol
0.0,0.1374,79.574,0.0891,0.3432,1.0,investigate
0.0,0.1386,179.4706,0.0981,0.3868,1.0,investigate
0.0,0.1298,52.3502,0.0,0.2736,0.0,alert
0.0,0.089,56.122,0.0083,0.7143,0.0,alert
1.0,0.7309,117.7086,0.3418,0.4237,1.0,chase
0.0,0.7415,48.6317,0.0,0.2673,0.0,patrol
0.0,0.009,35.7858,0.0812,0.4287,0.0,alert
0.0,0.6443,74.5668,0.0382,0.1683,0.0,patrol
0.0,0.0068,51.5385,0.0893,0.5236,0.0,alert
1.0,0.7248,178.2261,0.1585,0.743,1.0,chase
1.0,0.7178,140.707,0.3306,0.6931,1.0,chase
1.0,0.6626,191.0295,0.1383,0.7591,0.0,chase
0.0,0.2497,116.7661,0.2441,0.4712,1.0,investigate
1.0,0.5197,105.0004,0.0829,0.3494,1.0,investigate
0.0,0.0291,43.248,0.0,0.5481,0.0,alert
0.0,0.0557,176.7411,0.1783,0.4294,1.0,investigate
0.0,0.8375,40.7188,0.0,0.2066,0.0,patrol
0.0,0.0358,132.2481,0.2032,0.4524,1.0,investigate
0.0,0.7501,51.2523,0.0471,0.0305,0.0,patrol
0.0,0.0246,56.4593,0.0067,0.9601,0.0,alert
0.0,0.1397,44.4445,0.0104,0.5167,0.0,alert
0.0,0.6887,57.6748,0.0,0.2248,0.0,patrol
0.0,0.0312,39.9939,0.0357,0.7565,0.0,alert
0.0,0.0099,33.4975,0.0,0.9083,0.0,alert
1.0,0.547,154.8896,0.1962,0.407,1.0,chase
1.0,0.8366,74.3998,0.2402,0.3936,1.0,chase
0.0,0.2553,53.9788,0.2211,0.458,1.0,investigate
0.0,0.3025,196.6961,0.5851,0.725,1.0,investigate
0.0,0.24,63.0488,0.0976,0.3867,1.0,investigate
1.0,0.6882,98.1689,0.4158,0.7808,1.0,chase
0.0,0.0467,59.0242,0.0,0.8651,0.0,alert
0.0,0.0425,44.5701,0.0064,0.313,0.0,alert
1.0,0.7252,57.7047,0.316,0.5483,1.0,chase
1.0,0.5553,58.5885,0.2536,0.9818,1.0,chase
0.0,0.284,211.4487,0.147,0.4184,1.0,investigate
0.0,0.3457,204.8429,0.0,0.3178,1.0,investigate
1.0,0.5948,54.0074,0.4865,0.9546,1.0,chase
1.0,0.1078,33.5016,0.1473,0.4432,1.0,investigate
0.0,0.7536,51.1998,0.0,0.272,0.0,patrol
0.0,0.2962,112.3444,0.2093,0.4415,1.0,investigate
0.0,0.0782,36.8226,0.0295,0.954,0.0,alert
0.0,0.0403,58.241,0.0566,0.6918,0.0,alert
0.0,0.0513,33.7297,0.0,0.5824,0.0,alert
1.0,0.6729,53.1714,0.2432,0.6068,1.0,chase
1.0,0.8025,182.704,0.0494,0.6506,1.0,chase
0.0,0.809,37.3328,0.0295,0.0186,0.0,patrol
1.0,0.6354,193.3228,0.118,0.9303,1.0,chase
0.0,0.7487,49.3356,0.0,0.0829,0.0,patrol
0.0,0.5686,153.6977,0.0767,0.3289,1.0,chase
0.0,0.0465,76.2038,0.0,0.5077,0.0,alert
0.0,0.8028,38.2852,0.0,0.1334,0.0,patrol
1.0,0.1865,93.1437,0.0985,0.3297,1.0,investigate
0.0,0.0242,44.4851,0.0,0.6583,0.0,alert
0.0,0.0591,118.4809,0.3499,0.5284,1.0,investigate
0.0,0.0741,36.4206,0.0,0.6894,0.0,alert
1.0,0.751,147.2544,0.334,0.9834,1.0,chase
0.0,0.1882,122.6284,0.045,0.322,1.0,investigate
1.0,0.4947,149.5834,0.2292,0.4716,1.0,chase
0.0,0.7952,39.9664,0.0,0.2423,0.0,patrol
1.0,0.7788,125.0583,0.4459,0.3749,1.0,chase
0.0,0.71,64.1364,0.0,0.1383,0.0,patrol
0.0,0.6327,66.9767,0.0,0.2959,0.0,patrol
0.0,0.3089,223.2524,0.2985,0.4997,1.0,investigate
1.0,0.5963,172.1015,0.1271,0.9842,1.0,chase
0.0,0.7668,44.3801,0.0,0.2621,0.0,patrol
1.0,0.4882,38.5679,0.2226,0.9436,1.0,chase
0.0,0.3169,172.8387,0.5478,0.7202,1.0,investigate
0.0,0.0992,102.2297,0.3783,0.5867,1.0,investigate
0.0,0.0,70.051,0.0,0.8892,0.0,alert
0.0,0.409,95.6148,0.1855,0.457,1.0,investigate
0.0,0.0081,40.1502,0.0225,0.5468,0.0,alert
0.0,0.7079,64.8705,0.0719,0.0405,0.0,patrol
0.0,0.6104,70.697,0.0153,0.0774,0.0,patrol
0.0,0.0618,48.1626,0.0856,0.8998,0.0,alert
1.0,0.4898,59.6343,0.5435,0.6635,1.0,investigate
0.0,0.0,38.2169,0.0298,0.867,0.0,alert
0.0,0.349,185.1177,0.5184,0.6772,1.0,investigate
0.0,0.1323,62.1827,0.5482,0.6569,1.0,investigate
0.0,0.7557,43.4744,0.0,0.1942,0.0,patrol
0.0,0.6763,68.3218,0.0,0.2505,0.0,patrol
1.0,0.5428,112.7912,0.286,0.5197,1.0,investigate
1.0,0.5143,119.7497,0.3325,0.3727,1.0,chase
0.0,0.8362,36.8295,0.0,0.1303,0.0,patrol
1.0,0.7205,90.7201,0.2651,0.7448,1.0,chase
0.0,0.7048,58.8917,0.0235,0.1381,0.0,patrol
1.0,0.6789,40.1222,0.556,0.8437,1.0,chase
0.0,0.0539,134.3058,0.2973,0.5161,1.0,investigate
0.0,0.6919,59.1191,0.0605,0.1048,0.0,patrol
1.0,0.5141,77.4529,0.2472,0.4669,1.0,investigate
0.0,0.3985,195.4103,0.1698,0.4146,1.0,investigate
0.0,0.3662,194.1958,0.5822,0.7055,1.0,investigate
1.0,0.7583,79.3464,0.3987,0.3323,1.0,chase
0.0,0.7223,47.5515,0.0,0.0096,0.0,patrol
0.0,0.1367,208.4802,0.252,0.47,1.0,investigate
0.0,0.0851,30.6917,0.0276,0.3712,0.0,alert
0.0,0.0714,54.6051,0.006,0.9136,0.0,alert
0.0,0.0233,60.5531,0.0,0.409,0.0,alert
1.0,0.5537,137.1786,0.2962,0.4886,0.0,chase
1.0,0.81,102.5316,0.1619,0.4758,1.0,chase
1.0,0.7112,118.4899,0.4616,0.4171,1.0,chase
0.0,0.0328,51.3887,0.0,0.9626,0.0,alert
0.0,0.6612,71.4598,0.0071,0.2744,0.0,patrol
1.0,0.5041,123.1153,0.1128,0.3625,1.0,investigate
0.0,0.1225,74.195,0.0,0.6912,0.0,alert
0.0,0.6465,68.1409,0.044,0.3017,0.0,patrol
0.0,0.3915,116.5288,0.5256,0.6906,0.0,investigate
0.0,0.1386,33.6091,0.0,0.8725,0.0,alert
0.0,0.1204,34.3884,0.0,0.545,0.0,alert
1.0,0.7431,192.4345,0.0134,0.5734,1.0,chase
0.0,0.0063,38.0143,0.0437,0.3979,0.0,alert
0.0,0.1197,46.0333,0.063,0.78,0.0,alert
1.0,0.432,173.9803,0.5507,0.7203,1.0,investigate
0.0,0.7364,40.7651,0.2373,0.6227,1.0,chase
0.0,0.1303,68.5871,0.0,0.7003,0.0,alert
1.0,0.7371,175.6606,0.0747,0.6167,1.0,chase
0.0,0.027,46.7664,0.0482,0.42,0.0,alert
0.0,0.3225,183.3916,0.2756,0.5011,1.0,investigate
0.0,0.6577,65.3617,0.0,0.1977,0.0,patrol
1.0,0.8209,144.1118,0.3809,0.6075,1.0,chase
0.0,0.0,43.442,0.0573,0.7924,0.0,alert
0.0,0.132,35.8514,0.0306,0.5946,0.0,alert
1.0,0.6819,181.8146,0.028,0.7126,1.0,chase
1.0,0.4758,32.1078,0.4751,0.6416,1.0,investigate
0.0,0.1394,62.8769,0.0,0.8766,0.0,alert
0.0,0.3095,201.003,0.1402,0.4044,1.0,investigate
1.0,0.885,27.7072,0.1286,0.4288,1.0,chase
0.0,0.2769,230.31,0.5022,0.6948,1.0,investigate
0.0,0.3179,52.8612,0.0,0.3215,1.0,investigate
1.0,0.7047,183.7532,0.3938,0.7609,1.0,chase
0.0,0.0035,148.103,0.4888,0.6481,1.0,investigate
1.0,0.581,83.5043,0.297,0.5915,1.0,chase
0.0,0.0681,69.9459,0.0,0.3072,0.0,alert
0.0,0.7071,58.7818,0.066,0.2013,0.0,patrol
1.0,0.4987,156.314,0.4065,0.7438,1.0,chase
0.0,0.0145,212.8284,0.426,0.5762,1.0,investigate
1.0,0.3504,94.387,0.5844,0.7461,1.0,investigate
0.0,0.2674,189.3825,0.3291,0.5813,1.0,investigate
0.0,0.0614,36.2549,0.043,0.6275,0.0,alert
0.0,0.0,140.4594,0.2924,0.489,1.0,investigate
0.0,0.6671,69.8854,0.0147,0.2831,0.0,patrol
0.0,0.0,44.2828,0.0099,0.7302,0.0,alert
0.0,0.1246,54.5463,0.0755,0.629,0.0,alert
1.0,0.668,144.4586,0.1081,0.993,1.0,chase
0.0,0.1828,71.4479,0.2157,0.4355,1.0,investigate
0.0,0.0412,35.5958,0.0,0.7838,0.0,alert
0.0,0.6352,73.6394,0.0523,0.1618,0.0,patrol
0.0,0.0,154.6695,0.2545,0.4516,0.0,investigate
0.0,0.0493,34.2432,0.0,0.8813,0.0,alert
1.0,0.5877,125.1084,0.2251,0.9014,1.0,chase
0.0,0.0647,51.7388,0.0,0.6311,0.0,alert
0.0,0.0584,39.9367,0.0,0.3516,0.0,alert
0.0,0.8032,45.4458,0.0139,0.0271,0.0,patrol
0.0,0.2182,181.9569,0.1708,0.4286,1.0,investigate
0.0,0.7706,48.9194,0.0,0.0763,0.0,patrol
0.0,0.1002,37.0134,0.0,0.336,0.0,alert
0.0,0.7275,53.1901,0.0,0.0358,0.0,patrol
1.0,0.8696,182.7418,0.4213,0.7655,1.0,chase
0.0,0.116,42.5296,0.0018,0.6394,0.0,alert
0.0,0.1561,35.9042,0.0,0.8628,0.0,alert
1.0,0.6362,170.1771,0.1772,0.3427,1.0,chase
0.0,0.7959,34.9957,0.0,0.2921,0.0,patrol
0.0,0.7399,52.701,0.0,0.138,0.0,patrol
0.0,0.7192,57.161,0.0,0.2863,0.0,patrol
1.0,0.5413,137.9366,0.2155,0.7719,1.0,chase
0.0,0.1424,173.1014,0.4611,0.6208,1.0,investigate
0.0,0.7299,53.2177,0.0,0.0592,0.0,patrol
0.0,0.8724,34.0603,0.0,0.2231,0.0,patrol
0.0,0.1454,38.4319,0.0,0.605,0.0,alert
0.0,0.1639,210.9561,0.4444,0.6067,1.0,investigate
1.0,0.7334,132.153,0.3338,0.4831,1.0,chase
0.0,0.0625,43.4196,0.0,0.5105,0.0,alert
1.0,0.6203,46.2535,0.3816,0.876,1.0,chase
0.0,0.2053,201.963,0.2276,0.4453,1.0,investigate
0.0,0.0069,35.6959,0.0181,0.4819,0.0,alert
1.0,0.6077,32.488,0.0268,0.9116,0.0,chase
0.0,0.1345,35.1583,0.0,0.4665,0.0,alert
0.0,0.6299,68.7104,0.0,0.1093,0.0,patrol
0.0,0.6865,60.1501,0.0028,0.1647,0.0,patrol
0.0,0.1561,39.9497,0.0,0.9192,0.0,alert
0.0,0.0497,64.4859,0.0101,0.8954,0.0,alert
0.0,0.6454,70.2285,0.0,0.0949,0.0,patrol
0.0,0.2747,189.8457,0.0746,0.3457,1.0,investigate
0.0,0.2964,115.81,0.0678,0.3367,1.0,investigate
0.0,0.0867,67.6778,0.0421,0.3906,0.0,alert
0.0,0.0521,128.4464,0.3589,0.591,0.0,investigate
0.0,0.1285,177.4999,0.2547,0.46,1.0,investigate
1.0,0.4713,72.2212,0.1199,0.4003,0.0,investigate
0.0,0.0329,68.0842,0.0,0.4219,0.0,alert
0.0,0.7205,59.9142,0.0,0.1044,0.0,patrol
0.0,0.002,36.3215,0.0,0.3835,0.0,alert
0.0,0.0724,217.2651,0.117,0.366,1.0,investigate
0.0,0.6897,72.1739,0.0339,0.0523,0.0,patrol
0.0,0.3669,126.322,0.2846,0.488,1.0,investigate
1.0,0.6786,124.2094,0.5164,0.6498,1.0,chase
0.0,0.0245,57.5057,0.0847,0.8332,0.0,alert
1.0,0.8218,137.3782,0.2047,0.6654,1.0,chase
0.0,0.1259,52.2319,0.0,0.3182,0.0,alert
1.0,0.8556,181.0599,0.4477,0.335,1.0,chase
0.0,0.4149,113.2325,0.3043,0.5045,1.0,investigate
0.0,0.7171,61.1497,0.0134,0.2241,0.0,patrol
0.0,0.8277,38.5018,0.0,0.2052,0.0,patrol
1.0,0.6818,64.1397,0.1741,0.8793,1.0,chase
1.0,0.8664,161.5812,0.2072,0.6201,1.0,chase
0.0,0.0988,39.0705,0.0509,0.4143,0.0,alert
0.0,0.0563,175.1621,0.1604,0.3837,1.0,investigate
1.0,0.4809,37.1839,0.5147,0.6901,1.0,chase
0.0,0.104,70.4782,0.027,0.4358,0.0,alert
0.0,0.8309,37.8351,0.0,0.1743,0.0,patrol
0.0,0.3101,57.0203,0.569,0.7213,1.0,investigate
1.0,0.5769,65.7498,0.5873,0.3513,1.0,chase
1.0,0.7073,109.6758,0.4588,0.4301,1.0,chase
1.0,0.5818,99.2841,0.3013,0.919,1.0,chase
1.0,0.6335,89.6725,0.1865,0.4396,1.0,chase
0.0,0.127,77.3948,0.0065,0.5152,0.0,alert
0.0,0.1127,54.6627,0.0,0.8583,0.0,alert
0.0,0.222,101.2671,0.3462,0.5705,1.0,investigate
0.0,0.7366,51.0356,0.0788,0.0131,0.0,patrol
0.0,0.654,70.1812,0.0,0.1937,0.0,patrol
0.0,0.1273,64.5029,0.037,0.5354,0.0,alert
0.0,0.7953,41.7421,0.0103,0.0163,0.0,patrol
0.0,0.1039,194.937,0.4914,0.6534,1.0,investigate
0.0,0.6921,65.4277,0.0,0.2663,0.0,patrol
0.0,0.3952,193.3875,0.5013,0.656,1.0,investigate
0.0,0.4228,48.6658,0.1957,0.4301,1.0,investigate
0.0,0.3243,91.0915,0.0941,0.3818,1.0,investigate
1.0,0.7834,163.4372,0.6147,0.8474,1.0,chase
0.0,0.6364,69.9606,0.0247,0.1569,0.0,patrol
1.0,0.4552,164.839,0.3017,0.5362,1.0,investigate
0.0,0.124,54.8909,0.0261,0.7831,0.0,alert
1.0,0.4511,84.8938,0.4893,0.5992,1.0,investigate
1.0,0.5062,166.1588,0.0236,0.2996,1.0,investigate
0.0,0.3235,109.7185,0.259,0.5076,1.0,investigate
0.0,0.144,66.3067,0.0,0.7204,0.0,alert
0.0,0.6687,66.7321,0.0176,0.0415,0.0,patrol
0.0,0.841,31.1609,0.0,0.1546,0.0,patrol
1.0,0.7918,67.9988,0.2615,0.7771,1.0,chase
0.0,0.0383,80.3852,0.3137,0.5241,0.0,investigate
0.0,0.3015,125.5802,0.4181,0.6214,1.0,investigate
0.0,0.1023,73.9092,0.0048,0.6867,0.0,alert
0.0,0.1144,41.9756,0.0059,0.5775,0.0,alert
0.0,0.123,38.1651,0.0101,0.6324,0.0,alert
0.0,0.1957,48.3211,0.4919,0.6458,1.0,investigate
0.0,0.7726,44.5057,0.0,0.0474,0.0,patrol
0.0,0.0245,74.0385,0.0707,0.3679,0.0,alert
0.0,0.3586,51.6209,0.4913,0.645,1.0,investigate
0.0,0.1296,213.9466,0.258,0.4852,1.0,investigate
0.0,0.1421,58.8442,0.0,0.955,0.0,alert
0.0,0.1125,69.06,0.0966,0.4857,0.0,alert
0.0,0.3298,189.434,0.4082,0.5856,1.0,investigate
0.0,0.8364,33.1707,0.0,0.0691,0.0,patrol
0.0,0.7091,50.2384,0.0,0.2598,0.0,patrol
1.0,0.7937,50.4766,0.2624,0.7401,1.0,chase
0.0,0.0647,31.5691,0.0248,0.5129,0.0,alert
0.0,0.0145,51.0611,0.0248,0.2196,0.0,alert
0.0,0.0769,48.8394,0.0725,0.7865,0.0,alert
0.0,0.7661,36.4064,0.0,0.0835,0.0,patrol
0.0,0.1126,44.074,0.0322,0.5596,0.0,alert
1.0,0.693,97.6116,0.5224,0.3377,1.0,chase
0.0,0.5992,72.3866,0.0,0.2049,0.0,patrol
0.0,0.0556,74.7324,0.0458,0.6,0.0,alert
0.0,0.6796,64.2061,0.0,0.2119,0.0,patrol
0.0,0.1458,37.7541,0.0,0.5687,0.0,alert
0.0,0.1943,192.7881,0.4608,0.6292,1.0,investigate
0.0,0.1536,67.2552,0.0,0.6624,0.0,alert
1.0,0.199,96.313,0.3319,0.5378,1.0,investigate
0.0,0.4628,121.4499,0.5317,0.5646,1.0,chase
0.0,0.0,121.9739,0.1925,0.4341,1.0,investigate
1.0,0.6518,107.2922,0.2295,0.7663,1.0,chase
0.0,0.0919,47.606,0.0,0.9226,0.0,alert
1.0,0.0491,122.2596,0.0689,0.3592,1.0,investigate
0.0,0.7812,42.9473,0.0188,0.036,0.0,patrol
0.0,0.0433,47.4567,0.0,0.4691,0.0,alert
0.0,0.7827,41.8621,0.0,0.2039,0.0,patrol
1.0,0.7927,65.1982,0.5401,0.6617,1.0,chase
0.0,0.0931,47.4316,0.5613,0.6672,1.0,investigate
0.0,0.8307,40.4459,0.0281,0.009,0.0,patrol
0.0,0.06,63.307,0.104,0.554,0.0,alert
1.0,0.4867,72.1314,0.0,0.3017,0.0,investigate
1.0,0.7852,167.2358,0.5091,0.5339,1.0,chase
0.0,0.6975,61.2805,0.0,0.2423,0.0,patrol
0.0,0.3963,91.26,0.3291,0.5372,1.0,investigate
0.0,0.73,50.0282,0.0,0.2155,0.0,patrol
0.0,0.1174,47.8205,0.0,0.843,0.0,alert
0.0,0.2035,107.6793,0.5024,0.6763,1.0,investigate
0.0,0.1264,39.4256,0.0415,1.0,0.0,alert
1.0,0.6738,55.0893,0.4259,0.3777,1.0,chase
0.0,0.0269,48.6508,0.0222,0.5846,0.0,alert
1.0,0.4828,195.9962,0.3458,0.6123,1.0,chase
0.0,0.6358,64.3367,0.0,0.0546,0.0,patrol
1.0,0.76,190.0493,0.0,0.7515,1.0,chase
0.0,0.7625,53.7748,0.0012,0.2005,0.0,patrol
0.0,0.0369,44.0423,0.0,0.5667,0.0,alert
1.0,0.8421,107.3546,0.0,0.2996,1.0,chase
1.0,0.383,169.7359,0.5697,0.6929,1.0,investigate
0.0,0.8101,37.8852,0.0362,0.1234,0.0,patrol
0.0,0.0301,59.569,0.0,0.514,0.0,alert
0.0,0.7053,60.8073,0.0213,0.2114,0.0,patrol
1.0,0.5129,152.6502,0.235,0.7248,1.0,chase
1.0,0.7981,69.1796,0.4776,0.516,1.0,chase
0.0,0.7839,45.8162,0.0,0.1286,0.0,patrol
0.0,0.813,34.1609,0.0,0.116,0.0,patrol
0.0,0.8521,34.1188,0.0,0.3013,0.0,patrol
0.0,0.7152,53.585,0.0508,0.074,0.0,patrol
1.0,0.6162,74.396,0.2355,0.5669,1.0,chase
1.0,0.6905,96.0024,0.036,0.3616,0.0,chase
0.0,0.5984,72.8274,0.0196,0.2219,0.0,patrol
0.0,0.131,169.0006,0.0733,0.3506,1.0,investigate
0.0,0.0811,92.7164,0.1053,0.3597,1.0,investigate
0.0,0.1466,42.1173,0.1098,0.3897,1.0,investigate
0.0,0.0657,46.2136,0.0232,0.8974,0.0,alert
0.0,0.1644,43.9202,0.0,0.8049,0.0,alert
0.0,0.7447,39.9744,0.0,0.2353,0.0,patrol
1.0,0.8413,118.1415,0.091,0.4198,1.0,chase
0.0,0.296,127.1879,0.4994,0.6269,1.0,investigate
1.0,0.746,165.107,0.2361,0.9232,1.0,chase
0.0,0.0402,58.964,0.0222,0.9479,0.0,alert
0.0,0.6975,55.1183,0.0241,0.2273,0.0,patrol
0.0,0.1278,66.0554,0.0,0.5166,0.0,alert
0.0,0.0324,73.5282,0.0061,0.5615,0.0,alert
1.0,0.791,183.1033,0.1831,0.868,1.0,chase
0.0,0.7217,53.5789,0.0,0.1007,0.0,patrol
1.0,0.57,84.1249,0.4226,0.7056,1.0,chase
0.0,0.8461,31.3064,0.0,0.3231,0.0,patrol
0.0,0.1599,88.2728,0.0269,0.3079,1.0,investigate
0.0,0.0244,60.5061,0.0,0.307,0.0,alert
1.0,0.7873,159.6925,0.044,0.4509,1.0,chase
0.0,0.137,38.1236,0.0031,0.5122,0.0,alert
0.0,0.049,44.3647,0.0,0.4724,0.0,alert
0.0,0.0525,38.2945,0.0,0.325,0.0,alert
0.0,0.3855,165.0855,0.038,0.3216,1.0,investigate
0.0,0.7699,48.3774,0.0462,0.1654,0.0,patrol
0.0,0.0484,69.7076,0.2608,0.4972,1.0,investigate
1.0,0.4626,117.0028,0.5488,0.701,1.0,investigate
0.0,0.317,182.7011,0.4522,0.5865,1.0,investigate
0.0,0.0532,76.4725,0.0179,0.522,0.0,alert
1.0,0.6237,171.9184,0.478,0.6131,1.0,chase
0.0,0.008,147.6627,0.3841,0.5548,1.0,investigate
0.0,0.0315,66.8274,0.0116,0.3807,0.0,alert
0.0,0.0784,41.7831,0.0,0.3081,0.0,alert
0.0,0.8278,38.4427,0.0412,0.054,0.0,patrol
0.0,0.6473,70.1199,0.0,0.2165,0.0,patrol
1.0,0.0262,199.7638,0.1364,0.4081,1.0,investigate
0.0,0.0872,46.1809,0.044,0.5323,0.0,alert
1.0,0.743,168.9217,0.0579,0.5225,1.0,chase
0.0,0.7311,53.0831,0.0252,0.039,0.0,patrol
1.0,0.7249,120.1939,0.4712,0.8328,1.0,chase
0.0,0.7193,52.0019,0.0346,0.0997,0.0,patrol
0.0,0.0305,49.053,0.0,0.69,0.0,alert
0.0,0.6675,66.2957,0.0,0.2416,0.0,patrol
0.0,0.0625,183.6547,0.3925,0.5384,1.0,investigate
0.0,0.7172,50.842,0.0,0.1952,0.0,patrol
1.0,0.8155,86.1663,0.1824,0.5599,1.0,chase
0.0,0.816,39.2049,0.0,0.3122,0.0,patrol
0.0,0.668,65.6514,0.0132,0.1891,0.0,patrol
1.0,0.6838,169.2548,0.3225,0.9889,1.0,chase
1.0,0.6998,168.6405,0.5135,0.9707,1.0,chase
0.0,0.0396,33.3952,0.0223,0.4727,0.0,alert
0.0,0.0136,57.3865,0.5213,0.6497,1.0,investigate
1.0,0.8718,48.9819,0.2083,0.404,1.0,chase
0.0,0.1073,57.3865,0.0371,0.8168,0.0,alert
0.0,0.6474,71.4992,0.0407,0.2851,0.0,patrol
0.0,0.0409,39.7443,0.3509,0.5554,1.0,investigate
1.0,0.7277,57.8063,0.1121,0.3068,1.0,chase
0.0,0.408,183.892,0.0993,0.3642,1.0,investigate
1.0,0.7968,119.9143,0.5335,0.8751,1.0,chase
1.0,0.8158,34.1032,0.3535,0.2996,1.0,chase
0.0,0.1797,55.8717,0.563,0.6977,1.0,investigate
1.0,0.2315,210.3608,0.4533,0.5898,1.0,investigate
0.0,0.7162,60.3727,0.0145,0.2292,0.0,patrol
0.0,0.3024,35.9105,0.3141,0.5025,1.0,investigate
0.0,0.3374,49.3898,0.022,0.3347,1.0,investigate
1.0,0.4544,121.2273,0.2874,0.481,1.0,investigate
0.0,0.6041,70.8469,0.0305,0.1434,0.0,patrol
0.0,0.4146,144.562,0.3907,0.5642,1.0,investigate
0.0,0.0963,70.0916,0.0,0.3896,0.0,alert
1.0,0.6921,38.7493,0.5245,0.389,1.0,chase
0.0,0.0102,45.1407,0.0,0.434,0.0,alert
1.0,0.2457,98.0075,0.4181,0.5997,1.0,investigate
0.0,0.5985,66.6742,0.0,0.2089,0.0,patrol
0.0,0.791,42.9113,0.0031,0.2972,0.0,patrol
1.0,0.6278,35.6726,0.4857,0.7499,1.0,chase
0.0,0.0496,56.6422,0.0,0.6919,0.0,alert
1.0,0.5281,38.0779,0.2351,0.454,1.0,investigate
0.0,0.0337,50.3788,0.0342,0.8033,0.0,alert
1.0,0.4691,33.7302,0.5568,0.8069,1.0,chase
1.0,0.4849,97.612,0.5729,0.7105,1.0,investigate
1.0,0.2252,183.2291,0.4385,0.6179,1.0,investigate
1.0,0.6925,181.3822,0.2595,0.3938,1.0,chase
1.0,0.758,33.137,0.0927,0.5896,1.0,chase
0.0,0.1943,47.4411,0.131,0.4237,1.0,investigate
1.0,0.8186,194.8804,0.3248,0.8044,1.0,chase
0.0,0.1071,69.3465,0.0406,0.4512,0.0,alert
0.0,0.8361,34.1496,0.0,0.1781,0.0,patrol
0.0,0.8385,31.8894,0.0,0.1228,0.0,patrol
0.0,0.6342,74.8791,0.0,0.1475,0.0,patrol
0.0,0.1577,54.6818,0.0,0.803,0.0,alert
0.0,0.7988,32.8863,0.0569,0.0,0.0,patrol
0.0,0.787,41.7519,0.0379,0.1229,0.0,patrol
0.0,0.3544,107.3163,0.4562,0.6036,1.0,investigate
0.0,0.4142,88.0133,0.5936,0.6872,0.0,investigate
0.0,0.242,59.2371,0.357,0.5468,1.0,investigate
0.0,0.7938,44.7437,0.025,0.2224,0.0,patrol
0.0,0.5441,67.3876,0.295,0.5108,1.0,investigate
0.0,0.2538,159.7105,0.0112,0.3282,1.0,investigate
1.0,0.5742,132.5811,0.219,0.759,1.0,chase
1.0,0.8215,72.9574,0.5839,0.821,1.0,chase
0.0,0.0175,39.486,0.3005,0.5245,1.0,investigate
0.0,0.065,34.0477,0.0091,0.4757,0.0,alert
1.0,0.8254,47.2119,0.3766,0.3569,1.0,chase
0.0,0.0566,125.9939,0.1597,0.4587,1.0,investigate
0.0,0.694,62.4914,0.0,0.0584,0.0,patrol
0.0,0.7063,50.1265,0.0,0.1185,0.0,patrol
0.0,0.3104,92.5402,0.4863,0.6382,1.0,investigate
0.0,0.8145,40.28,0.0,0.3062,0.0,patrol
0.0,0.1185,70.1993,0.0258,0.4981,0.0,alert
0.0,0.0,65.684,0.0296,0.5009,0.0,alert
0.0,0.752,44.7917,0.0434,0.1274,0.0,patrol
1.0,0.6922,54.5128,0.3539,0.656,1.0,chase
1.0,0.6492,163.8728,0.1643,0.3105,1.0,chase
1.0,0.5223,121.4524,0.3945,0.4803,1.0,chase
0.0,0.6557,67.8794,0.0,0.2151,0.0,patrol
0.0,0.7941,43.2656,0.0176,0.0681,0.0,patrol
0.0,0.0642,36.5474,0.0237,0.3276,0.0,alert
0.0,0.7239,50.9776,0.0,0.2532,0.0,patrol
0.0,0.6387,73.6768,0.055,0.2748,0.0,patrol
1.0,0.2142,82.2749,0.5273,0.6725,1.0,investigate
0.0,0.2432,134.8148,0.4037,0.5806,1.0,investigate
0.0,0.8222,35.5755,0.0578,0.318,0.0,patrol
0.0,0.0991,29.4662,0.0,0.3564,0.0,alert
0.0,0.7809,48.4235,0.0,0.1989,0.0,patrol
0.0,0.6891,64.3526,0.018,0.1951,0.0,patrol
0.0,0.3025,163.3627,0.1351,0.3996,1.0,investigate
1.0,0.7408,60.8295,0.3321,0.3979,1.0,chase
0.0,0.7625,52.5257,0.0223,0.087,0.0,patrol
1.0,0.5248,75.0111,0.4332,0.688,1.0,chase
0.0,0.0967,42.0045,0.0276,0.6113,0.0,alert
0.0,0.0214,31.6693,0.0103,0.773,0.0,alert
0.0,0.3969,182.265,0.3667,0.544,1.0,investigate
0.0,0.13,72.2533,0.0333,0.6523,0.0,alert
1.0,0.5263,94.0831,0.2714,0.5794,1.0,chase
0.0,0.0701,48.4402,0.0,0.7487,0.0,alert
0.0,0.1216,79.0599,0.0,0.7184,0.0,alert
0.0,0.7509,57.484,0.0411,0.0503,0.0,patrol
1.0,0.7911,39.5706,0.3017,0.9441,1.0,chase
0.0,0.3797,111.1353,0.2884,0.5385,1.0,investigate
0.0,0.763,52.7638,0.0,0.1642,0.0,patrol
0.0,0.7373,60.222,0.5256,0.3978,1.0,chase
1.0,0.0,57.6429,0.3462,0.5292,1.0,investigate
0.0,0.3087,152.1493,0.4066,0.542,1.0,investigate
0.0,0.0571,33.3724,0.0,0.7762,0.0,alert
0.0,0.1276,82.329,0.3717,0.5625,1.0,investigate
0.0,0.5853,46.3713,0.328,1.0,1.0,chase
1.0,0.8417,151.4733,0.1254,0.6028,1.0,chase
0.0,0.0287,210.8115,0.244,0.448,1.0,investigate
0.0,0.0133,36.9145,0.0,0.6715,0.0,alert
1.0,0.4878,81.1148,0.5234,0.5194,1.0,chase
0.0,0.0886,35.6142,0.054,0.6844,0.0,alert
0.0,0.1245,59.348,0.0,0.3799,0.0,alert
0.0,0.8158,39.2386,0.0236,0.0826,0.0,patrol
1.0,0.7663,183.7363,0.2207,0.7987,1.0,chase
0.0,0.014,69.2066,0.0,0.8442,0.0,alert
0.0,0.6198,151.4017,0.5016,0.3815,1.0,chase
0.0,0.0891,134.8981,0.1856,0.4484,1.0,investigate
0.0,0.0948,55.413,0.0388,0.5916,0.0,alert
1.0,0.689,180.4809,0.2555,0.8236,1.0,chase
0.0,0.3942,79.1145,0.345,0.5548,1.0,investigate
0.0,0.7835,126.2285,0.2844,0.7989,1.0,chase
0.0,0.2433,26.9176,0.2238,0.4431,1.0,investigate
1.0,0.7061,105.4362,0.5792,0.3915,1.0,chase
0.0,0.0906,39.288,0.0,0.9529,0.0,alert
0.0,0.0952,50.3238,0.0606,0.7174,0.0,alert
0.0,0.6013,95.4706,0.1428,1.0,1.0,chase
0.0,0.6325,61.5623,0.0541,0.2487,0.0,patrol
1.0,0.0136,191.7543,0.3785,0.5691,1.0,investigate
0.0,0.819,34.2693,0.0372,0.1598,0.0,patrol
1.0,0.8864,166.4514,0.3917,0.9131,1.0,chase
0.0,0.1182,44.9253,0.0,0.5071,0.0,alert
0.0,0.0731,73.8659,0.0,0.8807,0.0,alert
0.0,0.4581,199.4012,0.4511,0.6223,0.0,investigate
0.0,0.1172,206.8732,0.5791,0.6645,1.0,investigate
1.0,0.6395,180.6,0.0996,0.5798,1.0,chase
0.0,0.8128,37.0179,0.0,0.1675,0.0,patrol
0.0,0.1451,67.9093,0.0694,0.8909,0.0,alert
0.0,0.2495,127.7775,0.4872,0.6279,1.0,investigate
0.0,0.2568,179.6013,0.0,0.2996,1.0,investigate
0.0,0.7124,59.4261,0.0045,0.0474,0.0,patrol
1.0,0.6204,155.0008,0.338,0.9574,1.0,chase
0.0,0.8097,37.6625,0.0,0.1489,0.0,patrol
1.0,0.7214,179.6855,0.0814,0.5425,1.0,chase
0.0,0.0124,40.8889,0.0304,0.7793,0.0,alert
0.0,0.7697,50.3438,0.0255,0.1409,0.0,patrol
0.0,0.6405,72.8616,0.0,0.1561,0.0,patrol
1.0,0.9105,156.4397,0.4028,0.8291,1.0,chase
0.0,0.4015,146.5682,0.5169,0.6503,1.0,investigate
1.0,0.6028,190.7732,0.2137,0.4538,1.0,chase
1.0,0.504,115.7262,0.6407,0.9123,1.0,chase
0.0,0.0031,36.8801,0.0,0.465,0.0,alert
0.0,0.2728,157.3997,0.377,0.5743,1.0,investigate
0.0,0.0709,67.7401,0.0,0.8585,0.0,alert
1.0,0.6142,116.4672,0.1059,0.6518,1.0,chase
0.0,0.4104,147.6189,0.0081,0.2996,1.0,investigate
0.0,0.8581,31.0241,0.0,0.0735,0.0,patrol
1.0,0.7506,158.3033,0.2963,0.4183,1.0,chase
0.0,0.3868,187.3296,0.2514,0.4911,1.0,investigate
0.0,0.0527,38.6579,0.0,0.4612,0.0,alert
0.0,0.7478,41.6242,0.0295,0.098,0.0,patrol
0.0,0.0944,53.5819,0.0352,0.9469,0.0,alert
1.0,0.7622,149.3703,0.5304,0.4881,1.0,chase
0.0,0.8228,34.6214,0.0407,0.1566,0.0,patrol
0.0,0.0409,55.6222,0.0,0.3123,0.0,alert
0.0,0.3138,34.9466,0.2957,0.5239,0.0,investigate
0.0,0.0392,52.9353,0.0403,0.7977,0.0,alert
0.0,0.2556,211.0014,0.2952,0.4972,0.0,investigate
0.0,0.7961,36.2614,0.0,0.244,0.0,patrol
0.0,0.1123,74.7428,0.0379,0.9453,0.0,alert
0.0,0.0896,65.5903,0.0,0.7586,0.0,alert
1.0,0.7267,128.0931,0.5661,0.5241,1.0,chase
0.0,0.1362,106.0822,0.0384,0.3546,1.0,investigate
0.0,0.7423,52.2227,0.0,0.1937,0.0,patrol
1.0,0.6168,67.8991,0.3895,0.3259,1.0,chase
1.0,0.3006,135.931,0.0,0.2996,1.0,investigate
1.0,0.6847,169.9143,0.3729,0.8569,1.0,chase
0.0,0.0863,54.6309,0.0,0.3516,0.0,alert
0.0,0.0971,57.9962,0.0,0.4248,0.0,alert
0.0,0.8353,38.8802,0.004,0.1769,0.0,patrol
1.0,0.5008,144.0756,0.071,0.3558,1.0,investigate
0.0,0.0979,63.5385,0.0,0.5473,0.0,alert
0.0,0.7196,54.8231,0.0,0.1607,0.0,patrol
0.0,0.2136,132.2755,0.1052,0.3521,1.0,investigate
0.0,0.186,216.5584,0.5169,0.6387,1.0,investigate
0.0,0.1682,102.4744,0.5582,0.6934,1.0,investigate
1.0,0.4572,137.5075,0.2444,0.4321,1.0,chase
1.0,0.7914,102.6556,0.1464,0.5426,1.0,chase
1.0,0.7824,145.4405,0.037,0.5609,0.0,chase
0.0,0.2444,155.461,0.3309,0.544,1.0,investigate
1.0,0.5193,94.0506,0.3311,0.9477,1.0,chase
1.0,0.7767,106.44,0.0371,0.4064,1.0,chase
0.0,0.1123,59.2453,0.0,0.4051,0.0,alert
0.0,0.7263,52.4103,0.0209,0.2579,0.0,patrol
0.0,0.0346,68.8486,0.0103,0.6684,0.0,alert
0.0,0.8198,38.9838,0.0164,0.0533,0.0,patrol
0.0,0.0714,56.5876,0.0,0.7905,0.0,alert
1.0,0.7757,179.7937,0.237,0.7841,1.0,chase
0.0,0.3669,189.1093,0.4217,0.5847,1.0,investigate
0.0,0.81,60.1759,0.0635,0.432,1.0,chase
0.0,0.251,186.4677,0.3219,0.5183,1.0,investigate
1.0,0.5674,83.0119,0.3643,0.5679,1.0,investigate
0.0,0.4587,52.2812,0.4342,0.6796,1.0,chase
0.0,0.1494,63.8413,0.008,0.5864,0.0,alert
0.0,0.7322,54.275,0.1017,0.2754,0.0,patrol
0.0,0.7706,42.6338,0.0221,0.0007,0.0,patrol
0.0,0.1543,37.8611,0.0602,0.3251,0.0,alert
1.0,0.4793,145.3199,0.3658,0.3951,1.0,chase
1.0,0.8329,52.3396,0.4289,0.5624,1.0,chase
1.0,0.7114,41.9817,0.4613,0.9116,1.0,chase
0.0,0.8174,37.4446,0.0406,0.1726,0.0,patrol
0.0,0.7644,49.3606,0.036,0.2171,0.0,patrol
1.0,0.5874,91.5774,0.3341,0.9284,0.0,chase
0.0,0.792,41.2618,0.0542,0.0209,0.0,patrol
1.0,0.6223,67.2626,0.0256,0.3244,1.0,chase
0.0,0.7205,165.0776,0.1052,0.598,1.0,chase
1.0,0.6893,140.8018,0.1197,0.7021,1.0,chase
0.0,0.0938,39.9525,0.0127,0.3942,0.0,alert
0.0,0.7757,42.6231,0.0115,0.0904,0.0,patrol
0.0,0.2977,62.8688,0.2924,0.5072,1.0,investigate
0.0,0.0277,199.0808,0.0843,0.3745,1.0,investigate
1.0,0.5319,103.3495,0.4253,0.5901,1.0,chase
0.0,0.5281,101.6245,0.5562,0.6574,1.0,investigate
0.0,0.6689,60.9635,0.0,0.0934,0.0,patrol
0.0,0.7456,52.6126,0.0,0.1618,0.0,patrol
0.0,0.8753,29.5385,0.0,0.1942,0.0,patrol
0.0,0.432,132.1871,0.1664,0.4138,1.0,investigate
1.0,0.6493,180.4036,0.1646,0.7579,1.0,chase
0.0,0.0711,56.5015,0.0,0.4895,0.0,alert
0.0,0.1303,50.8517,0.0615,0.3435,1.0,investigate
0.0,0.0853,61.2648,0.0,0.4002,0.0,alert
1.0,0.7173,72.2146,0.4076,0.4065,1.0,chase
0.0,0.3691,131.7861,0.1429,0.4452,1.0,investigate
0.0,0.1523,76.2319,0.4771,0.6072,1.0,investigate
0.0,0.0186,74.2378,0.0187,0.9907,0.0,alert
0.0,0.1942,175.7523,0.0038,0.2996,1.0,investigate
0.0,0.7592,53.0571,0.0679,0.1634,0.0,patrol
1.0,0.7094,192.8906,0.1603,0.7171,1.0,chase
0.0,0.6778,64.5425,0.0036,0.1803,0.0,patrol
0.0,0.2679,178.1075,0.1088,0.3749,1.0,investigate
1.0,0.8007,188.9781,0.4511,0.9593,1.0,chase
1.0,0.6511,123.6413,0.5307,0.6486,1.0,chase
0.0,0.4123,167.174,0.3471,0.5527,1.0,investigate
0.0,0.1294,60.6248,0.0,0.9763,0.0,alert
1.0,0.5051,156.8984,0.4974,0.6524,1.0,investigate
1.0,0.6388,41.4719,0.5231,0.9616,1.0,chase
1.0,0.6076,72.8992,0.2845,0.383,1.0,chase
1.0,0.9401,184.1908,0.5412,0.7623,1.0,chase
0.0,0.1428,66.0866,0.0,0.6582,0.0,alert
1.0,0.6178,185.9578,0.4602,0.6134,1.0,chase
0.0,0.7533,43.8175,0.0452,0.0597,0.0,patrol
0.0,0.1039,71.5949,0.0,0.5192,0.0,alert
0.0,0.13,41.8687,0.567,0.712,1.0,investigate
0.0,0.0539,61.3991,0.0,0.5922,0.0,alert
0.0,0.1573,55.1429,0.0,0.5681,0.0,alert
0.0,0.0966,80.8972,0.1779,0.4124,1.0,investigate
0.0,0.6763,60.5165,0.0139,0.1301,0.0,patrol
0.0,0.1334,46.9167,0.0289,0.7624,0.0,alert
1.0,0.7633,37.2297,0.4527,0.8469,1.0,chase
0.0,0.0077,64.8968,0.0,0.8813,0.0,alert
0.0,0.0991,72.1936,0.0,0.9957,0.0,alert
0.0,0.0195,183.1624,0.1334,0.3925,1.0,investigate
0.0,0.0083,51.7871,0.0,0.7828,0.0,alert
0.0,0.114,46.9721,0.0881,0.9714,0.0,alert
1.0,0.6812,170.4026,0.453,0.3918,1.0,chase
0.0,0.7959,41.4599,0.0,0.2028,0.0,patrol
0.0,0.0361,68.9132,0.0013,0.9741,0.0,alert
1.0,0.7959,67.295,0.4208,0.6784,0.0,chase
0.0,0.6699,65.0527,0.0,0.2986,0.0,patrol
0.0,0.0566,38.8423,0.0,0.983,0.0,alert
0.0,0.7609,43.1926,0.0,0.0901,0.0,patrol
0.0,0.3225,136.9318,0.0836,0.3553,1.0,investigate
1.0,0.6155,165.5595,0.1302,0.4328,1.0,chase
0.0,0.1349,134.7813,0.5634,0.7057,1.0,investigate
0.0,0.0937,36.9706,0.0,0.6359,0.0,alert
0.0,0.074,152.205,0.0768,0.3397,1.0,investigate
0.0,0.7181,56.5314,0.0401,0.0088,0.0,patrol
1.0,0.638,41.4771,0.0793,0.8246,1.0,chase
0.0,0.2745,75.6536,0.0681,0.3506,1.0,investigate
0.0,0.3457,125.9634,0.415,0.5917,1.0,investigate
0.0,0.0913,67.5942,0.0106,0.692,0.0,alert
1.0,0.7672,84.472,0.4513,0.3787,1.0,chase
0.0,0.1116,40.9556,0.0,0.9507,0.0,alert
0.0,0.7897,36.2465,0.0555,0.1009,0.0,patrol
0.0,0.6929,56.2993,0.0,0.1994,0.0,patrol
0.0,0.3541,189.5543,0.4234,0.5973,1.0,investigate
0.0,0.029,61.7857,0.0,0.4551,0.0,alert
0.0,0.0607,69.6585,0.0302,0.5665,0.0,alert
0.0,0.7508,49.3465,0.0,0.0605,0.0,patrol
0.0,0.8025,40.4133,0.0,0.2325,0.0,patrol
0.0,0.2065,154.7425,0.4086,0.6084,1.0,investigate
0.0,0.2567,52.595,0.053,0.3205,1.0,investigate
1.0,0.5048,186.9987,0.4747,0.7634,1.0,chase
0.0,0.8185,36.7121,0.0635,0.1568,0.0,patrol
0.0,0.0729,52.3977,0.0,0.8832,0.0,alert
1.0,0.8085,137.7297,0.0504,0.2996,1.0,chase
1.0,0.7105,91.8805,0.15,0.569,1.0,chase
1.0,0.1048,170.8503,0.1406,0.3902,1.0,investigate
0.0,0.1465,42.91,0.0,0.5828,0.0,alert
0.0,0.032,52.1185,0.0078,0.742,0.0,alert
1.0,0.8881,191.886,0.4994,0.3245,1.0,chase
0.0,0.0467,55.3039,0.0134,0.3858,0.0,alert
0.0,0.3779,49.3883,0.4182,0.6046,1.0,investigate
0.0,0.1014,126.5155,0.3097,0.5307,1.0,investigate
0.0,0.1032,51.7089,0.0437,0.7367,0.0,alert
0.0,0.6534,67.9968,0.0,0.178,0.0,patrol
1.0,0.5372,166.7804,0.285,0.9494,1.0,chase
0.0,0.7007,58.6139,0.0775,0.0199,0.0,patrol
0.0,0.6963,59.1457,0.0857,0.1884,0.0,patrol
0.0,0.8046,43.0051,0.0,0.0703,0.0,patrol
1.0,0.7844,86.5419,0.2617,0.8265,1.0,chase
0.0,0.8098,45.7466,0.0,0.0404,0.0,patrol
0.0,0.1234,62.4821,0.0,0.4788,0.0,alert
0.0,0.3882,67.7632,0.2604,0.4575,1.0,investigate
1.0,0.5347,127.9449,0.262,0.717,1.0,chase
1.0,0.7694,176.0002,0.4292,0.4059,1.0,chase
0.0,0.0,49.5902,0.0403,0.9174,0.0,alert
1.0,0.593,163.0456,0.5577,0.756,1.0,chase
0.0,0.0197,57.252,0.0,0.7888,0.0,alert
1.0,0.596,152.1757,0.2861,0.4993,1.0,chase
1.0,0.2465,147.0803,0.3693,0.5609,1.0,investigate
0.0,0.0766,36.7413,0.0217,0.802,0.0,alert
0.0,0.5868,125.1943,0.3338,0.589,0.0,chase
0.0,0.1048,176.966,0.2979,0.5062,1.0,investigate
1.0,0.6912,143.5995,0.041,0.9015,1.0,chase
0.0,0.6392,70.0233,0.0,0.1789,0.0,patrol
1.0,0.8712,140.8976,0.1695,0.9239,1.0,chase
1.0,0.8267,141.183,0.5641,0.6527,1.0,chase
0.0,0.1618,162.4516,0.031,0.3254,1.0,investigate
1.0,0.6449,118.973,0.3537,0.6243,1.0,chase
0.0,0.145,49.7692,0.0289,0.9337,0.0,alert
0.0,0.0,161.6869,0.3085,0.4815,1.0,investigate
1.0,0.4656,84.904,0.4085,0.5652,1.0,investigate
0.0,0.0355,67.2411,0.0279,0.7971,0.0,alert
1.0,0.7475,31.8466,0.4851,0.9041,1.0,chase
1.0,0.6194,157.7546,0.3698,0.8393,1.0,chase
0.0,0.1291,42.1135,0.5261,0.6646,1.0,investigate
1.0,0.7473,173.4379,0.0495,0.4151,1.0,chase
0.0,0.0014,35.3959,0.0,0.6109,0.0,alert
0.0,0.1412,135.6321,0.4912,0.6564,1.0,investigate
1.0,0.77,156.2,0.1436,0.6931,1.0,chase
0.0,0.0106,61.2725,0.3811,0.5498,1.0,investigate
0.0,0.1135,55.7356,0.061,0.7738,0.0,alert
0.0,0.0537,60.3786,0.0022,0.3432,0.0,alert
0.0,0.7438,116.4129,0.3441,0.5671,1.0,chase
1.0,0.5582,94.6285,0.291,0.521,1.0,investigate
0.0,0.8138,42.1356,0.0221,0.1333,0.0,patrol
0.0,0.7695,45.5294,0.0,0.3029,0.0,patrol
0.0,0.0022,65.8844,0.0,0.5564,0.0,alert
0.0,0.7936,40.2033,0.0,0.083,0.0,patrol
0.0,0.7407,49.6068,0.0996,0.1998,0.0,patrol
0.0,0.0234,147.4266,0.3138,0.5455,1.0,investigate
0.0,0.6527,69.3227,0.0,0.329,0.0,patrol
0.0,0.8072,37.1534,0.0363,0.0916,0.0,patrol
0.0,0.8382,40.4341,0.0108,0.1622,0.0,patrol
1.0,0.6625,59.2468,0.0429,0.5053,1.0,chase
1.0,0.5429,89.3959,0.1083,0.3832,1.0,investigate
0.0,0.041,70.7404,0.0476,0.5447,0.0,alert
0.0,0.089,35.7486,0.0,0.8723,0.0,alert
0.0,0.7997,41.4078,0.0394,0.2734,0.0,patrol
0.0,0.2527,117.0774,0.237,0.4602,1.0,investigate
0.0,0.8254,38.6991,0.0,0.2381,0.0,patrol
1.0,0.6466,170.4968,0.4193,1.0,1.0,chase
0.0,0.8023,45.7634,0.0,0.3062,0.0,patrol
0.0,0.0898,70.014,0.3768,0.5813,1.0,investigate
0.0,0.0676,180.1286,0.5983,0.724,1.0,investigate
0.0,0.1214,68.8861,0.0,0.6439,0.0,alert
0.0,0.6658,68.7018,0.0247,0.0496,0.0,patrol
0.0,0.8921,32.4176,0.0674,0.2551,0.0,patrol
1.0,0.7656,126.9839,0.4754,0.4807,1.0,chase
0.0,0.2126,107.4716,0.2355,0.4733,1.0,investigate
0.0,0.0421,71.9954,0.0204,0.9599,0.0,alert
0.0,0.828,33.3306,0.0021,0.0621,0.0,patrol
0.0,0.7177,54.5277,0.0175,0.2095,0.0,patrol
1.0,0.5671,131.2057,0.4755,0.7129,1.0,chase
0.0,0.6777,68.9745,0.0,0.1711,0.0,patrol
1.0,0.7073,68.5827,0.4064,0.5936,1.0,chase
0.0,0.8165,36.1198,0.0586,0.1241,0.0,patrol
1.0,0.4709,172.3793,0.2731,0.5212,1.0,investigate
0.0,0.1599,130.8924,0.1454,0.3934,1.0,investigate
0.0,0.04,58.6312,0.0,0.6446,0.0,alert
1.0,0.6084,58.4626,0.1817,0.4782,1.0,chase
0.0,0.3274,138.9424,0.4348,0.6239,1.0,investigate
1.0,0.7104,169.5043,0.4815,0.398,1.0,chase
1.0,0.7928,79.8899,0.3348,0.6407,1.0,chase
1.0,0.8195,101.6039,0.2629,0.9143,1.0,chase
0.0,0.1376,63.6059,0.0013,0.5707,0.0,alert
0.0,0.3383,192.1398,0.0571,0.3373,1.0,investigate
0.0,0.4988,140.9647,0.5854,0.6942,1.0,investigate
0.0,0.8917,30.7463,0.0024,0.1987,0.0,patrol
0.0,0.8379,37.3876,0.0007,0.265,0.0,patrol
0.0,0.6155,71.7445,0.0,0.1527,0.0,patrol
0.0,0.0,57.9448,0.0,0.8917,0.0,alert
0.0,0.8311,34.9142,0.0,0.1381,0.0,patrol
0.0,0.7337,56.3838,0.0,0.1456,0.0,patrol
1.0,0.65,120.2565,0.0497,0.4771,1.0,chase
0.0,0.1249,40.3513,0.043,0.9069,0.0,alert
0.0,0.1627,55.5251,0.0,0.8369,0.0,alert
0.0,0.1043,35.386,0.0069,0.3446,0.0,alert
1.0,0.6326,134.2839,0.2523,0.905,1.0,chase
0.0,0.7669,56.575,0.0,0.0706,0.0,patrol
0.0,0.1322,78.099,0.1357,0.3977,1.0,investigate
0.0,0.663,71.9256,0.0,0.1295,0.0,patrol
0.0,0.0616,36.2367,0.0367,0.721,0.0,alert
1.0,0.7625,65.4633,0.1425,0.9749,1.0,chase
0.0,0.1413,45.8215,0.0231,0.8258,0.0,alert
0.0,0.3859,42.2143,0.5659,0.675,1.0,investigate
0.0,0.0344,51.9417,0.0452,0.8296,0.0,alert
1.0,0.6344,191.2066,0.3737,0.3967,1.0,chase
0.0,0.0834,58.5314,0.02,0.9916,0.0,alert
1.0,0.7246,167.9361,0.1059,0.6195,1.0,chase
0.0,0.8348,38.5113,0.0155,0.0401,0.0,patrol
0.0,0.1057,70.6264,0.0249,0.9674,0.0,alert
0.0,0.6661,71.3763,0.0343,0.1602,0.0,patrol
0.0,0.1549,46.7737,0.0,0.7014,0.0,alert
0.0,0.7957,149.7003,0.3945,0.8597,1.0,chase
0.0,0.0338,35.6668,0.0,0.8298,0.0,alert
0.0,0.3032,196.8921,0.1044,0.4076,1.0,investigate
0.0,0.2404,154.9529,0.1111,0.3768,1.0,investigate
0.0,0.0112,34.4122,0.0345,0.4749,0.0,alert
0.0,0.1377,158.1261,0.0328,0.2996,1.0,investigate
0.0,0.8065,38.8753,0.0,0.0507,0.0,patrol
0.0,0.6745,67.2819,0.0,0.0031,0.0,patrol
1.0,0.7251,190.6463,0.1844,0.7302,1.0,chase
0.0,0.096,51.6294,0.0,0.712,0.0,alert
0.0,0.0445,61.4435,0.0416,0.4402,0.0,alert
1.0,0.5912,95.6775,0.4981,0.9407,1.0,chase
0.0,0.3553,157.3126,0.1358,0.4019,1.0,investigate
0.0,0.8374,33.6625,0.077,0.0688,0.0,patrol
0.0,0.0,62.5434,0.0097,0.6167,0.0,alert
0.0,0.018,71.7625,0.0692,0.693,0.0,alert
0.0,0.8005,36.3455,0.0331,0.2438,0.0,patrol
0.0,0.132,73.9151,0.0205,0.574,0.0,alert
0.0,0.0543,66.5818,0.1063,0.384,0.0,alert
0.0,0.7251,55.5237,0.016,0.0579,0.0,patrol
1.0,0.7034,87.2625,0.0968,0.9147,1.0,chase
0.0,0.0741,231.3531,0.0,0.2996,1.0,investigate
0.0,0.8378,38.2225,0.0258,0.1879,0.0,patrol
0.0,0.1595,117.5156,0.1492,0.4171,1.0,investigate
0.0,0.7429,53.5603,0.0,0.0769,0.0,patrol
0.0,0.0794,49.0154,0.0,0.3255,0.0,alert
0.0,0.2991,123.0847,0.2551,0.4651,1.0,investigate
0.0,0.0641,196.172,0.362,0.5811,1.0,investigate
0.0,0.7545,56.331,0.0018,0.2982,0.0,patrol
1.0,0.7236,186.3063,0.2097,0.5149,1.0,chase
0.0,0.7977,38.9426,0.024,0.2668,0.0,patrol
1.0,0.7425,197.7055,0.4302,0.9231,1.0,chase
0.0,0.7192,63.0041,0.036,0.1722,0.0,patrol
0.0,0.8419,36.1462,0.0071,0.0286,0.0,patrol
1.0,0.0027,81.2472,0.3973,0.5852,1.0,investigate
0.0,0.7024,55.0413,0.0308,0.179,0.0,patrol
1.0,0.8224,180.2858,0.2966,0.8524,1.0,chase
0.0,0.0638,46.8975,0.0585,0.7067,0.0,alert
0.0,0.8838,104.6434,0.4161,0.8358,1.0,chase
0.0,0.3362,202.9102,0.1426,0.397,1.0,investigate
1.0,0.697,197.8962,0.1794,0.9426,1.0,chase
0.0,0.8375,27.8509,0.0,0.3519,0.0,patrol
0.0,0.1062,61.1641,0.0344,0.6016,0.0,alert
0.0,0.2986,155.9094,0.203,0.4616,1.0,investigate
1.0,0.5603,47.0285,0.0711,0.3628,1.0,chase
1.0,0.4783,152.1677,0.3793,0.425,1.0,chase
0.0,0.0943,64.8689,0.0,0.8685,0.0,alert
1.0,0.5712,69.0636,0.2916,0.3097,1.0,chase
0.0,0.1341,48.8353,0.0065,0.5921,0.0,alert
1.0,0.525,43.6649,0.2528,0.4481,1.0,chase
1.0,0.7548,124.4127,0.3635,0.4537,1.0,chase
0.0,0.0483,55.8088,0.0,0.6536,0.0,alert
0.0,0.7307,56.6834,0.0,0.2017,0.0,patrol
0.0,0.0913,69.6353,0.0,0.4027,0.0,alert
0.0,0.1008,52.8671,0.0,0.7321,0.0,alert
1.0,0.4819,188.3027,0.1382,0.9932,1.0,chase
1.0,0.7429,176.0356,0.3149,0.4247,1.0,chase
1.0,0.8495,191.4392,0.1051,1.0,1.0,chase
0.0,0.124,55.9977,0.0,0.6988,0.0,alert
0.0,0.2671,119.9047,0.1796,0.4024,1.0,investigate
0.0,0.0172,68.3111,0.0024,0.362,0.0,alert
0.0,0.8723,31.1744,0.0,0.0796,0.0,patrol
1.0,0.5557,148.7205,0.1263,0.7523,1.0,chase
0.0,0.8478,33.5635,0.0227,0.0383,0.0,patrol
0.0,0.6967,62.9336,0.02,0.2762,0.0,patrol
0.0,0.0749,46.9357,0.3349,0.5134,1.0,investigate
0.0,0.0724,35.1919,0.0,0.617,0.0,alert
1.0,0.6708,181.2078,0.3903,0.3668,1.0,chase
1.0,0.6069,32.6114,0.041,0.4559,1.0,chase
0.0,0.6347,148.1414,0.5678,0.8918,1.0,chase
0.0,0.2532,168.5169,0.424,0.584,1.0,investigate
0.0,0.031,60.4526,0.0,0.7133,0.0,alert
0.0,0.4217,85.452,0.112,0.4379,1.0,investigate
0.0,0.2734,209.5993,0.5007,0.6291,1.0,investigate
1.0,0.8208,191.3186,0.0855,0.5758,1.0,chase
0.0,0.0384,53.516,0.0,0.6916,0.0,alert
0.0,0.1538,36.2601,0.0,0.9146,0.0,alert
0.0,0.0,219.9071,0.189,0.4458,0.0,investigate
0.0,0.7327,51.9356,0.0486,0.1963,0.0,patrol
1.0,0.7205,117.5553,0.1654,0.7047,1.0,chase
0.0,0.057,41.1176,0.0,0.4491,0.0,alert
0.0,0.7663,43.3626,0.0,0.1996,0.0,patrol
0.0,0.1213,44.2547,0.0236,0.6632,0.0,alert
1.0,0.597,122.7621,0.2616,0.6188,1.0,chase
0.0,0.7975,38.6564,0.0318,0.1632,0.0,patrol
0.0,0.7198,58.4528,0.0,0.0794,0.0,patrol
0.0,0.1589,109.6588,0.1305,0.423,0.0,investigate
0.0,0.0549,64.67,0.0,0.4683,0.0,alert
1.0,0.6337,193.6242,0.5557,0.58,1.0,chase
0.0,0.3316,88.058,0.4617,0.603,1.0,investigate
0.0,0.4787,59.9317,0.2612,0.4641,1.0,investigate
1.0,0.8329,150.7856,0.5593,0.6432,1.0,chase
0.0,0.7312,114.802,0.5586,0.5288,1.0,chase
1.0,0.51,112.2012,0.2428,0.9529,1.0,chase
1.0,0.6841,82.6999,0.3727,0.9826,1.0,chase
0.0,0.5696,41.3658,0.1795,0.437,1.0,chase
1.0,0.8519,90.9774,0.5155,0.6647,1.0,chase
1.0,0.671,167.63,0.1977,0.6906,1.0,chase
1.0,0.4574,208.5336,0.0901,0.3983,1.0,investigate
0.0,0.6852,61.8408,0.0829,0.2761,0.0,patrol
0.0,0.7215,51.2369,0.0136,0.2894,0.0,patrol
0.0,0.7292,54.2934,0.0133,0.1767,0.0,patrol
0.0,0.0645,49.9066,0.0542,0.6666,0.0,alert
1.0,0.5863,103.0381,0.1178,0.9406,1.0,chase
1.0,0.8064,160.8571,0.1493,0.6781,1.0,chase
0.0,0.7898,140.4626,0.0505,0.9762,1.0,chase
0.0,0.7737,42.679,0.0146,0.0804,0.0,patrol
0.0,0.2716,209.8694,0.0943,0.378,1.0,investigate
0.0,0.0993,61.3254,0.0,0.9496,0.0,alert
1.0,0.5917,34.7619,0.2672,0.9167,1.0,chase
0.0,0.3193,180.2428,0.2837,0.4918,1.0,investigate
0.0,0.1063,55.0761,0.0,0.4178,0.0,alert
1.0,0.7998,94.0337,0.2214,0.7811,1.0,chase
0.0,0.191,106.6405,0.1807,0.4204,1.0,investigate
0.0,0.0935,76.6577,0.0524,0.2837,0.0,alert
0.0,0.0492,33.7536,0.0,0.6998,0.0,alert
1.0,0.5623,112.4549,0.1093,0.5184,1.0,chase
1.0,0.7921,69.817,0.2281,0.8788,1.0,chase
1.0,0.5464,98.9898,0.1847,0.6698,1.0,chase
1.0,0.5871,114.1529,0.3703,0.3228,1.0,chase
0.0,0.0101,142.6818,0.4752,0.6172,1.0,investigate
1.0,0.714,25.984,0.4017,0.8865,1.0,chase
0.0,0.8071,41.353,0.0,0.2782,0.0,patrol
0.0,0.7697,41.7348,0.0,0.3358,0.0,patrol
1.0,0.8897,64.5068,0.0078,0.6631,1.0,chase
1.0,0.751,162.8494,0.0704,0.3831,1.0,chase
1.0,0.8572,143.0699,0.1126,0.6273,1.0,chase
0.0,0.8291,41.1837,0.0024,0.0222,0.0,patrol
0.0,0.047,43.9071,0.0493,0.4655,0.0,alert
1.0,0.6156,35.2168,0.5504,0.3815,1.0,chase
0.0,0.7045,55.6659,0.0,0.0,0.0,patrol
0.0,0.077,62.6323,0.0,0.4397,0.0,alert
1.0,0.8186,95.2473,0.4815,0.502,1.0,chase
0.0,0.3873,176.5245,0.517,0.6326,1.0,investigate
1.0,0.888,88.8151,0.2744,0.6537,1.0,chase
0.0,0.1418,42.718,0.0174,0.8782,0.0,alert
0.0,0.2465,202.7727,0.5756,0.7008,1.0,investigate
1.0,0.6018,186.3011,0.4322,0.5137,1.0,chase
1.0,0.6552,73.6645,0.157,0.7531,1.0,chase
0.0,0.7677,49.0923,0.0471,0.1451,0.0,patrol
1.0,0.5299,185.8413,0.483,0.6331,1.0,investigate
0.0,0.2778,31.0348,0.1356,0.3906,1.0,investigate
0.0,0.0647,34.2899,0.0413,0.3472,1.0,investigate
0.0,0.1229,58.5645,0.0,0.5403,0.0,alert
0.0,0.7295,49.9626,0.0,0.0619,0.0,patrol
0.0,0.0,38.7593,0.0741,0.9083,0.0,alert
0.0,0.3585,61.3754,0.0,0.3037,1.0,investigate
0.0,0.0,52.0461,0.0,0.9595,0.0,alert
0.0,0.4043,60.2698,0.2777,0.4781,1.0,investigate
1.0,0.8144,183.8327,0.2435,0.4537,1.0,chase
1.0,0.8547,154.7828,0.4085,0.9885,1.0,chase
0.0,0.0763,66.1624,0.0,0.4187,0.0,alert
1.0,0.5888,31.8402,0.4093,0.8062,1.0,chase
1.0,0.6247,123.5293,0.5288,0.9184,1.0,chase
0.0,0.7748,43.058,0.0,0.1079,0.0,patrol
0.0,0.0927,50.4336,0.0602,0.61,0.0,alert
1.0,0.6614,187.5494,0.4256,0.8876,1.0,chase
0.0,0.0,58.916,0.0,0.7708,0.0,alert
0.0,0.0222,33.8762,0.0,0.521,0.0,alert
0.0,0.4191,109.177,0.1918,0.4453,1.0,investigate
0.0,0.0299,29.1499,0.0,0.9258,0.0,alert
0.0,0.6799,64.927,0.0,0.0185,0.0,patrol
0.0,0.2971,139.9903,0.0375,0.3558,1.0,investigate
0.0,0.0933,109.933,0.4944,0.6358,1.0,investigate
1.0,0.7909,154.4771,0.3091,0.9689,1.0,chase
0.0,0.2187,187.935,0.5051,0.6673,1.0,investigate
0.0,0.8987,30.545,0.0244,0.2337,0.0,patrol
0.0,0.7987,43.2438,0.0287,0.088,0.0,patrol
1.0,0.4822,103.9731,0.3805,0.5584,1.0,investigate
0.0,0.0115,50.1169,0.0,0.7076,0.0,alert
1.0,0.7352,107.0269,0.1516,0.4789,1.0,chase
0.0,0.7937,35.0003,0.0,0.1498,0.0,patrol
0.0,0.1708,189.1077,0.5488,0.7139,1.0,investigate
0.0,0.2584,148.7083,0.5886,0.7177,1.0,investigate
0.0,0.2769,163.9652,0.2095,0.449,1.0,investigate
0.0,0.1273,57.0672,0.4281,0.5986,1.0,investigate
0.0,0.2288,150.7925,0.5205,0.6619,1.0,investigate
0.0,0.623,69.51,0.0,0.0965,0.0,patrol
0.0,0.0,72.7829,0.0297,0.4463,0.0,alert
0.0,0.098,33.2219,0.0,0.5658,0.0,alert
0.0,0.1468,64.9914,0.0,0.3905,0.0,alert
0.0,0.2342,134.5981,0.2971,0.4813,0.0,investigate
0.0,0.0041,52.5934,0.0468,0.4964,0.0,alert
0.0,0.7288,58.3491,0.0463,0.1148,0.0,patrol
1.0,0.5739,71.7316,0.0382,0.9315,1.0,chase
1.0,0.7571,83.8899,0.5438,0.9492,1.0,chase
0.0,0.074,62.2447,0.0,0.759,0.0,alert
0.0,0.8383,35.4678,0.0023,0.2336,0.0,patrol
1.0,0.468,161.3154,0.3734,0.537,1.0,investigate
0.0,0.4028,204.3934,0.1137,0.3609,1.0,investigate
0.0,0.3625,197.2893,0.0,0.2996,1.0,investigate
0.0,0.8633,123.6978,0.0326,0.8957,1.0,chase
0.0,0.2966,133.7881,0.5499,0.6956,1.0,investigate
1.0,0.6068,131.017,0.0479,0.3781,1.0,chase
0.0,0.0262,144.6209,0.1688,0.42,1.0,investigate
0.0,0.8157,45.2422,0.0,0.1466,0.0,patrol
0.0,0.1049,48.0625,0.0386,0.8546,0.0,alert
0.0,0.687,67.1049,0.0429,0.0565,0.0,patrol
0.0,0.7476,48.5472,0.0,0.0416,0.0,patrol
0.0,0.7659,51.6696,0.0127,0.2142,0.0,patrol
1.0,0.5805,36.8883,0.0,0.3463,1.0,chase
0.0,0.7034,62.355,0.0218,0.0903,0.0,patrol
0.0,0.022,33.0355,0.0,0.66,0.0,alert
0.0,0.0768,60.2504,0.0,0.4477,0.0,alert
1.0,0.641,164.9116,0.4701,0.9821,1.0,chase
1.0,0.4789,31.2975,0.3545,0.4343,1.0,chase
0.0,0.1119,43.5647,0.0704,0.7282,0.0,alert
0.0,0.0957,38.2535,0.0,0.8676,0.0,alert
0.0,0.7346,48.3524,0.0314,0.1467,0.0,patrol
0.0,0.7256,57.4512,0.0312,0.2661,0.0,patrol
0.0,0.7358,63.1318,0.098,0.2142,0.0,patrol
1.0,0.6467,70.6908,0.5751,0.9943,1.0,chase
0.0,0.6462,70.2124,0.013,0.0748,0.0,patrol
0.0,0.0422,30.1593,0.0,0.3997,0.0,alert
0.0,0.0352,41.0413,0.0508,0.3984,0.0,alert
0.0,0.3033,93.2136,0.1486,0.4187,1.0,investigate
0.0,0.2974,79.591,0.4803,0.6223,0.0,investigate
1.0,0.649,36.1976,0.4853,0.9759,1.0,chase
0.0,0.089,40.4296,0.0,0.732,0.0,alert
1.0,0.8595,114.3941,0.1819,0.8518,1.0,chase
0.0,0.0417,37.4651,0.0093,0.6369,0.0,alert
1.0,0.7252,62.0385,0.3624,0.6728,1.0,chase
1.0,0.6268,182.6581,0.3205,0.3238,1.0,chase
1.0,0.8372,78.9998,0.1803,0.729,1.0,chase
1.0,0.5641,171.6778,0.2958,0.4235,1.0,chase
1.0,0.8935,54.5124,0.1031,0.5277,1.0,chase
0.0,0.7063,62.7689,0.0,0.2071,0.0,patrol
1.0,0.6068,73.6024,0.3849,0.359,1.0,chase
0.0,0.7711,51.7202,0.0,0.1488,0.0,patrol
1.0,0.4751,209.9737,0.471,0.6102,1.0,investigate
0.0,0.1159,151.484,0.2575,0.4692,1.0,investigate
0.0,0.846,35.2099,0.0,0.092,0.0,patrol
0.0,0.7028,41.885,0.0,0.1169,0.0,patrol
0.0,0.0313,76.2326,0.0208,0.3708,0.0,alert
1.0,0.6195,59.2274,0.5707,0.9739,1.0,chase
0.0,0.0168,47.0614,0.0,0.4485,0.0,alert
1.0,0.7053,76.4113,0.5278,0.6759,1.0,chase
0.0,0.7826,37.9937,0.0507,0.0151,0.0,patrol
0.0,0.7235,59.7354,0.0264,0.0988,0.0,patrol
0.0,0.475,181.3815,0.464,0.6332,1.0,investigate
0.0,0.0193,77.2728,0.2247,0.4666,1.0,investigate
0.0,0.1146,42.4092,0.0239,0.4288,0.0,alert
0.0,0.0829,53.6881,0.0,0.5373,0.0,alert
0.0,0.1734,53.6841,0.0,0.4182,0.0,alert
0.0,0.7723,43.3749,0.0171,0.2474,0.0,patrol
0.0,0.7478,53.9082,0.0028,0.1693,0.0,patrol
0.0,0.1522,56.4886,0.049,0.9661,0.0,alert
0.0,0.8223,41.9904,0.0,0.2462,0.0,patrol
0.0,0.1318,45.8124,0.0,0.5561,0.0,alert
0.0,0.1361,40.4654,0.0512,0.3358,0.0,alert
0.0,0.1105,29.6522,0.0,0.7093,0.0,alert
0.0,0.6817,63.7422,0.0436,0.1645,0.0,patrol
0.0,0.2019,74.4876,0.4643,0.6492,1.0,investigate
1.0,0.5436,61.3175,0.1983,0.9438,1.0,chase
0.0,0.1579,167.3832,0.5398,0.7086,1.0,investigate
1.0,0.4871,128.9206,0.1232,0.3927,0.0,investigate
0.0,0.7085,62.8498,0.042,0.074,0.0,patrol
0.0,0.0911,37.8367,0.0,0.8266,0.0,alert
0.0,0.1519,62.6654,0.0,0.6087,0.0,alert
1.0,0.7737,192.8219,0.3185,0.5026,1.0,chase
1.0,0.6935,146.4875,0.3498,0.9337,1.0,chase
0.0,0.5114,41.8128,0.4765,0.5021,1.0,chase
0.0,0.0335,46.3549,0.0457,0.784,0.0,alert
0.0,0.7327,51.4419,0.0,0.0407,0.0,patrol
0.0,0.6823,68.2839,0.0,0.1963,0.0,patrol
0.0,0.808,45.1511,0.0105,0.1926,0.0,patrol
0.0,0.0218,164.0739,0.1977,0.4349,1.0,investigate
1.0,0.5344,74.8701,0.4835,0.9455,1.0,chase
1.0,0.7637,162.8147,0.4632,0.4984,1.0,chase
0.0,0.0129,74.8715,0.2316,0.4851,1.0,investigate
1.0,0.7354,199.6378,0.0679,0.7347,1.0,chase
0.0,0.0658,58.1839,0.0123,0.6648,0.0,alert
0.0,0.038,159.9092,0.4941,0.6462,1.0,investigate
0.0,0.0452,45.7993,0.0776,0.9741,0.0,alert
0.0,0.7347,60.0968,0.0043,0.0238,0.0,patrol
1.0,0.8786,171.4159,0.1361,0.4465,1.0,chase
0.0,0.6589,69.0639,0.0,0.1394,0.0,patrol
1.0,0.7053,136.9267,0.4362,0.4386,1.0,chase
0.0,0.6328,78.6515,0.0,0.032,0.0,patrol
0.0,0.1685,223.9353,0.0,0.3377,0.0,investigate
0.0,0.769,45.8837,0.0,0.0045,0.0,patrol
0.0,0.0313,51.2502,0.0125,0.6499,0.0,alert
0.0,0.0586,55.1722,0.042,0.8,0.0,alert
1.0,0.7076,72.8591,0.5083,0.3518,1.0,chase
0.0,0.2994,216.4692,0.3165,0.4833,1.0,investigate
0.0,0.7843,43.8517,0.0416,0.1947,0.0,patrol
0.0,0.0585,37.0453,0.0256,0.8709,0.0,alert
0.0,0.393,224.3749,0.0157,0.3287,1.0,investigate
0.0,0.092,71.7861,0.0,0.8213,0.0,alert
0.0,0.7611,55.6787,0.0,0.305,0.0,patrol
0.0,0.8032,45.1133,0.0,0.1613,0.0,patrol
1.0,0.5987,125.8441,0.4648,0.3994,1.0,chase
0.0,0.1703,65.7466,0.0724,0.7947,0.0,alert
0.0,0.1357,67.002,0.0379,0.6866,0.0,alert
0.0,0.1185,78.7018,0.0,0.9597,0.0,alert
1.0,0.7803,83.1302,0.4637,0.9768,1.0,chase
0.0,0.7547,45.9703,0.0875,0.2132,0.0,patrol
0.0,0.0534,57.4667,0.0739,0.8268,0.0,alert
1.0,0.6576,135.9364,0.2478,0.6861,1.0,chase
1.0,0.6771,38.8223,0.066,0.4336,1.0,chase
1.0,0.8223,52.9573,0.3077,0.5799,1.0,chase
0.0,0.1349,138.8182,0.2793,0.4876,0.0,investigate
1.0,0.7816,198.8967,0.211,0.5034,1.0,chase
0.0,0.0229,63.3931,0.0947,0.5104,0.0,alert
1.0,0.523,37.3439,0.0714,0.369,1.0,investigate
0.0,0.8429,34.8789,0.0,0.2153,0.0,patrol
1.0,0.6339,97.7844,0.5821,0.8502,1.0,chase
0.0,0.2205,210.4213,0.4814,0.6263,1.0,investigate
1.0,0.2575,225.1395,0.3793,0.581,1.0,investigate
1.0,0.6294,115.7419,0.5691,0.695,1.0,chase
0.0,0.074,49.0627,0.0,0.8105,0.0,alert
1.0,0.7633,96.011,0.1282,0.706,1.0,chase
0.0,0.0984,58.6784,0.0,0.3152,0.0,alert
1.0,0.7687,119.3323,0.5344,0.7974,1.0,chase
1.0,0.619,115.55,0.2295,0.8073,1.0,chase
0.0,0.8251,32.2031,0.0,0.2557,0.0,patrol
1.0,0.5451,47.0352,0.1958,0.58,1.0,chase
1.0,0.5594,147.4744,0.3137,0.7807,1.0,chase
0.0,0.0566,220.488,0.3766,0.5798,1.0,investigate
0.0,0.1654,79.0531,0.3983,0.602,1.0,investigate
0.0,0.0826,62.5623,0.031,0.6437,0.0,alert
1.0,0.7161,110.6695,0.2858,0.3423,1.0,chase
0.0,0.6518,113.154,0.3697,0.6871,1.0,chase
0.0,0.0506,65.127,0.0,0.4173,0.0,alert
0.0,0.1803,176.7866,0.3226,0.5416,1.0,investigate
0.0,0.11,31.9434,0.0135,0.7475,0.0,alert
0.0,0.7823,44.1292,0.0,0.2432,0.0,patrol
0.0,0.2986,91.1502,0.0,0.2996,1.0,investigate
1.0,0.5335,105.4637,0.1763,0.3984,0.0,chase
0.0,0.0425,29.4708,0.5514,0.6837,0.0,investigate
0.0,0.4252,116.0677,0.1133,0.3575,1.0,investigate
0.0,0.4121,70.3559,0.4585,0.6053,0.0,investigate
0.0,0.0928,50.7297,0.0,0.9015,0.0,alert
1.0,0.566,56.7613,0.066,0.85,1.0,chase
0.0,0.0073,40.5664,0.0215,0.8905,0.0,alert
1.0,0.136,187.3225,0.399,0.5572,1.0,investigate
0.0,0.6469,137.9556,0.0168,0.7281,1.0,chase
0.0,0.8401,32.1019,0.0181,0.0921,0.0,patrol
0.0,0.0639,220.0628,0.1517,0.389,1.0,investigate
0.0,0.1298,44.0565,0.0694,0.322,0.0,alert
0.0,0.7101,56.6751,0.0638,0.1539,0.0,patrol
0.0,0.0,65.5334,0.0,0.415,0.0,alert
0.0,0.2583,74.4161,0.4953,0.6816,1.0,investigate
0.0,0.104,33.0828,0.0,0.7458,0.0,alert
0.0,0.8199,38.8846,0.0575,0.0282,0.0,patrol
0.0,0.8374,39.3524,0.0,0.1171,0.0,patrol
1.0,0.8532,82.6892,0.3851,0.691,1.0,chase
1.0,0.75,84.9663,0.4142,0.2996,1.0,chase
0.0,0.8147,37.1041,0.0596,0.2077,0.0,patrol
0.0,0.2293,159.7644,0.0826,0.3945,1.0,investigate
0.0,0.8404,32.8981,0.0,0.1106,0.0,patrol
1.0,0.7283,143.0276,0.3756,0.7698,1.0,chase
0.0,0.0211,61.6499,0.0502,0.3498,1.0,investigate
0.0,0.0691,136.5203,0.5591,0.7234,0.0,investigate
0.0,0.7195,56.2278,0.0,0.0119,0.0,patrol
1.0,0.4242,92.2575,0.0934,0.7835,1.0,chase
0.0,0.7355,51.2451,0.0,0.0834,0.0,patrol
0.0,0.6564,66.6888,0.0098,0.1607,0.0,patrol
0.0,0.0556,168.9232,0.4922,0.6197,1.0,investigate
1.0,0.8288,81.3072,0.3974,0.9727,1.0,chase
0.0,0.1746,184.952,0.5068,0.6666,1.0,investigate
1.0,0.4849,67.4972,0.0424,0.6009,1.0,chase
0.0,0.4055,160.4733,0.5476,0.6722,1.0,investigate
1.0,0.5189,130.8429,0.4768,0.5766,1.0,chase
0.0,0.2652,162.2417,0.1151,0.3863,1.0,investigate
0.0,0.188,207.0033,0.3885,0.6,1.0,investigate
0.0,0.6945,61.7153,0.0,0.0808,0.0,patrol
1.0,0.0378,138.9127,0.5203,0.6552,1.0,investigate
0.0,0.1121,41.7188,0.0,0.8379,0.0,alert
0.0,0.0807,32.7838,0.0117,0.5599,0.0,alert
0.0,0.0473,31.7787,0.0,0.7758,0.0,alert
0.0,0.4631,213.3654,0.246,0.4627,1.0,investigate
0.0,0.8225,40.3834,0.0,0.217,0.0,patrol
0.0,0.0,38.5219,0.0138,0.7527,0.0,alert
1.0,0.6414,71.645,0.5174,0.6528,1.0,chase
0.0,0.8454,33.3701,0.0,0.165,0.0,patrol
0.0,0.1268,191.617,0.4679,0.6419,1.0,investigate
0.0,0.2035,116.5916,0.3232,0.5142,1.0,investigate
0.0,0.2732,138.7138,0.5372,0.6688,1.0,investigate
0.0,0.2189,74.1029,0.1042,0.3756,1.0,investigate
0.0,0.0954,61.2016,0.0,0.5495,0.0,alert
0.0,0.0721,39.8832,0.0,0.4157,0.0,alert
0.0,0.2866,61.5563,0.3035,0.5126,0.0,investigate
1.0,0.419,147.994,0.5434,0.7948,1.0,chase
0.0,0.2108,146.629,0.5024,0.6432,1.0,investigate
0.0,0.0294,75.8212,0.4016,0.5643,1.0,investigate
0.0,0.0928,32.1556,0.0,0.4982,0.0,alert
0.0,0.3506,110.7545,0.3832,0.5938,1.0,investigate
1.0,0.6028,79.1903,0.379,0.8479,1.0,chase
0.0,0.0689,32.9522,0.0198,0.3472,0.0,alert
0.0,0.3337,50.6739,0.3705,0.5639,1.0,investigate
1.0,0.7203,126.228,0.1622,0.307,1.0,chase
0.0,0.2684,98.1095,0.4107,0.611,1.0,investigate
1.0,0.5739,39.293,0.1406,0.4724,1.0,chase
0.0,0.0,65.2869,0.0556,0.7447,0.0,alert
0.0,0.2575,121.4254,0.1678,0.4133,1.0,investigate
0.0,0.6396,69.5344,0.0,0.2215,0.0,patrol
0.0,0.1453,58.4609,0.0111,0.3805,0.0,alert
1.0,0.583,84.6883,0.4176,0.6933,1.0,chase
0.0,0.1117,35.4028,0.0673,0.3809,1.0,investigate
1.0,0.545,71.1592,0.2215,0.5919,1.0,chase
0.0,0.0888,181.1261,0.2442,0.4706,1.0,investigate
1.0,0.6634,123.6887,0.2595,0.9404,1.0,chase
0.0,0.7327,54.9875,0.0832,0.2585,0.0,patrol
0.0,0.7008,53.0858,0.0,0.2068,0.0,patrol
0.0,0.3879,157.1691,0.5223,0.6727,1.0,investigate
0.0,0.8242,36.6442,0.0306,0.0273,0.0,patrol
0.0,0.0894,60.658,0.0,0.8295,0.0,alert
0.0,0.0,191.2529,0.3078,0.5164,1.0,investigate
1.0,0.6565,149.9716,0.0324,0.4024,1.0,chase
1.0,0.5902,76.9223,0.2057,0.7044,1.0,chase
0.0,0.1435,39.2667,0.0,0.6974,0.0,alert
0.0,0.2068,129.7342,0.4902,0.6644,1.0,investigate
0.0,0.0774,73.0746,0.0534,0.7499,0.0,alert
1.0,0.864,125.795,0.5422,0.8037,1.0,chase
0.0,0.4187,197.4941,0.1027,0.3553,0.0,investigate
0.0,0.8264,41.5522,0.0,0.0512,0.0,patrol
0.0,0.3035,89.2464,0.4888,0.6772,1.0,investigate
0.0,0.7094,62.7617,0.0,0.2579,0.0,patrol
1.0,0.6062,194.5798,0.3838,0.42,1.0,chase
1.0,0.5995,114.8445,0.567,0.3713,1.0,chase
0.0,0.0362,166.127,0.292,0.4721,1.0,investigate
0.0,0.0438,58.5816,0.0067,0.5484,0.0,alert
1.0,0.5656,78.8164,0.2151,0.5398,1.0,chase
0.0,0.337,110.6934,0.3805,0.5771,1.0,investigate
1.0,0.8723,71.0631,0.3033,0.7894,1.0,chase
1.0,0.8834,104.2322,0.544,0.8578,1.0,chase
0.0,0.119,56.8501,0.0,0.2825,0.0,alert
0.0,0.6762,63.6054,0.0,0.3096,0.0,patrol
0.0,0.3075,205.9713,0.1395,0.3937,1.0,investigate
1.0,0.7479,111.3079,0.0573,0.6631,1.0,chase
1.0,0.4808,185.1133,0.3933,0.5575,1.0,investigate
1.0,0.4517,170.0938,0.2057,0.4562,1.0,investigate
0.0,0.4134,195.2999,0.2347,0.466,1.0,investigate
1.0,0.47,35.7774,0.1176,0.3685,1.0,investigate
0.0,0.797,36.7443,0.0,0.0557,0.0,patrol
1.0,0.7446,129.6952,0.1276,0.3394,1.0,chase
0.0,0.3346,83.5023,0.3399,0.5705,1.0,investigate
0.0,0.7408,50.8928,0.0167,0.1656,0.0,patrol
0.0,0.0823,32.5939,0.0068,0.4349,0.0,alert
0.0,0.4165,129.1882,0.3673,0.5402,1.0,investigate
0.0,0.7963,36.7751,0.0,0.2762,0.0,patrol
0.0,0.1496,112.3356,0.2552,0.4455,1.0,investigate
0.0,0.2286,63.6357,0.4406,0.6125,1.0,investigate
0.0,0.0278,35.396,0.0031,0.6881,0.0,alert
0.0,0.7046,52.4838,0.0,0.3032,0.0,patrol
0.0,0.7062,59.2987,0.0,0.0852,0.0,patrol
0.0,0.203,35.169,0.0848,0.331,1.0,investigate
1.0,0.6937,53.4697,0.131,0.3611,1.0,chase
0.0,0.696,62.0391,0.0153,0.1745,0.0,patrol
0.0,0.303,71.5308,0.2253,0.4522,1.0,investigate
0.0,0.7162,56.7923,0.0,0.0806,0.0,patrol
0.0,0.6181,72.8053,0.0,0.1905,0.0,patrol
0.0,0.6536,74.0955,0.0282,0.0847,0.0,patrol
0.0,0.6675,65.6816,0.0,0.2598,0.0,patrol
1.0,0.6487,103.7015,0.3679,0.7362,1.0,chase
1.0,0.6887,43.148,0.453,0.7278,1.0,chase
0.0,0.0106,59.7231,0.072,0.4823,0.0,alert
1.0,0.8117,191.5706,0.2402,0.8194,1.0,chase
1.0,0.6483,52.1751,0.3751,0.6505,1.0,chase
0.0,0.0,62.0129,0.0116,0.9594,0.0,alert
1.0,0.7425,63.5673,0.2163,0.6152,1.0,chase
0.0,0.1565,37.9298,0.0136,0.5344,0.0,alert
0.0,0.7748,49.5812,0.0,0.2056,0.0,patrol
0.0,0.0048,52.5038,0.0246,0.764,0.0,alert
0.0,0.0442,38.5831,0.0,0.4229,0.0,alert
0.0,0.4011,226.9887,0.5353,0.6832,1.0,investigate
0.0,0.2892,173.2776,0.4079,0.5859,1.0,investigate
0.0,0.8165,37.8453,0.0455,0.2112,0.0,patrol
0.0,0.7997,43.4889,0.0,0.2491,0.0,patrol
0.0,0.3305,86.4566,0.5214,0.6671,1.0,investigate
0.0,0.69,57.9753,0.0064,0.2219,0.0,patrol
0.0,0.745,61.1405,0.0219,0.0188,0.0,patrol
0.0,0.0715,163.4684,0.1791,0.4414,1.0,investigate
0.0,0.78,44.189,0.0541,0.3274,0.0,patrol
0.0,0.7986,39.6565,0.0,0.2438,0.0,patrol
0.0,0.0928,71.8255,0.0,0.3068,0.0,alert
0.0,0.0214,40.0272,0.0404,0.4226,0.0,alert
0.0,0.8825,33.6589,0.0,0.1912,0.0,patrol
0.0,0.0715,40.5338,0.0302,0.99,0.0,alert
0.0,0.7138,54.3334,0.007,0.0647,0.0,patrol
1.0,0.7367,46.9369,0.4584,0.5652,1.0,chase
0.0,0.1135,36.5144,0.0501,0.2651,0.0,alert
1.0,0.492,120.0731,0.1804,0.8777,1.0,chase
0.0,0.0832,61.434,0.0059,0.5581,0.0,alert
0.0,0.0886,90.7935,0.386,0.549,1.0,investigate
1.0,0.7051,33.8459,0.4828,0.7884,1.0,chase
1.0,0.5934,129.419,0.4491,0.5145,1.0,chase
1.0,0.789,200.7384,0.182,0.7242,1.0,chase
1.0,0.8304,143.2739,0.174,0.6851,1.0,chase
0.0,0.2273,219.8194,0.4375,0.6207,1.0,investigate
1.0,0.7161,90.0254,0.3135,0.9032,0.0,chase
1.0,0.1757,189.6802,0.2402,0.493,1.0,investigate
0.0,0.305,210.9392,0.4432,0.6204,1.0,investigate
0.0,0.1016,43.3429,0.0,0.4424,0.0,alert
0.0,0.1242,45.3832,0.0,0.4105,0.0,alert
0.0,0.7802,43.7017,0.0,0.2499,0.0,patrol
1.0,0.608,150.6735,0.3106,0.5402,1.0,chase
0.0,0.1484,71.1487,0.0772,0.809,0.0,alert
0.0,0.6479,62.6131,0.0752,0.1388,0.0,patrol
0.0,0.3927,151.6861,0.1276,0.3935,1.0,investigate
1.0,0.8044,65.6019,0.2166,0.6699,1.0,chase
0.0,0.1194,53.2215,0.0758,0.4504,0.0,alert
1.0,0.5991,192.7642,0.4301,0.3246,1.0,chase
0.0,0.7619,52.8594,0.0,0.2732,0.0,patrol
0.0,0.6714,62.9966,0.0468,0.1643,0.0,patrol
1.0,0.6529,112.0694,0.0159,0.6757,1.0,chase
0.0,0.2809,170.5102,0.098,0.3343,1.0,investigate
0.0,0.3836,40.5799,0.2756,0.4914,1.0,investigate
0.0,0.7255,56.3523,0.0,0.1474,0.0,patrol
0.0,0.7424,53.0675,0.0314,0.1585,0.0,patrol
0.0,0.3456,217.0471,0.3712,0.5675,0.0,investigate
0.0,0.0108,53.8427,0.0447,0.4376,0.0,alert
1.0,0.4977,24.7214,0.4273,0.522,1.0,chase
0.0,0.1831,72.3309,0.0591,0.3404,1.0,investigate
1.0,0.6269,68.0282,0.0901,0.8148,1.0,chase
1.0,0.8378,73.7217,0.0477,0.5503,1.0,chase
0.0,0.3594,95.1795,0.1439,0.3969,0.0,investigate
0.0,0.6843,64.5315,0.0274,0.0035,0.0,patrol
1.0,0.4687,29.4715,0.4141,0.5792,1.0,investigate
1.0,0.5378,156.6137,0.4298,0.3655,1.0,chase
1.0,0.6275,78.8664,0.4684,1.0,1.0,chase
1.0,0.5926,191.7529,0.2091,0.637,1.0,chase
0.0,0.4098,79.5767,0.2357,0.4592,1.0,investigate
0.0,0.1085,51.634,0.0342,0.8162,0.0,alert
1.0,0.4154,91.0899,0.1971,0.4457,1.0,investigate
0.0,0.0553,35.685,0.04,0.916,0.0,alert
0.0,0.1275,41.2729,0.0,0.7694,0.0,alert
0.0,0.0,32.0312,0.0323,0.9738,0.0,alert
0.0,0.0097,44.9961,0.0,0.8278,0.0,alert
0.0,0.3884,64.6399,0.5261,0.6559,1.0,investigate
0.0,0.8265,41.2038,0.0189,0.1954,0.0,patrol
0.0,0.3706,213.7081,0.0207,0.3457,1.0,investigate
0.0,0.6834,65.8008,0.0,0.0237,0.0,patrol
0.0,0.6463,70.0739,0.0,0.0349,0.0,patrol
0.0,0.614,71.8628,0.0,0.1178,0.0,patrol
0.0,0.6592,60.053,0.0,0.0013,0.0,patrol
0.0,0.76,53.3714,0.0,0.2795,0.0,patrol
0.0,0.7741,49.2115,0.0,0.2562,0.0,patrol
0.0,0.7518,51.9235,0.0452,0.1583,0.0,patrol
1.0,0.8182,48.2192,0.4061,0.4273,1.0,chase
0.0,0.0959,66.8408,0.0,0.4379,0.0,alert
1.0,0.7769,93.9151,0.2547,0.7163,1.0,chase
0.0,0.6766,69.9758,0.0,0.2812,0.0,patrol
0.0,0.2986,150.2442,0.0664,0.3559,0.0,investigate
0.0,0.0447,55.9642,0.0131,0.4675,0.0,alert
0.0,0.0646,60.0677,0.0118,0.5788,0.0,alert
0.0,0.6683,66.133,0.0,0.0149,0.0,patrol
0.0,0.6727,67.0315,0.0502,0.0888,0.0,patrol
0.0,0.6299,77.1257,0.0445,0.1345,0.0,patrol
0.0,0.0,51.69,0.0022,0.7206,0.0,alert
0.0,0.3761,201.8827,0.2892,0.4719,1.0,investigate
0.0,0.4124,114.1783,0.2108,0.4412,1.0,investigate
0.0,0.056,71.6009,0.0,0.7596,0.0,alert
1.0,0.6367,197.1905,0.3503,0.6538,1.0,chase
0.0,0.2733,215.8617,0.0974,0.3405,1.0,investigate
0.0,0.3018,58.9495,0.4955,0.6627,1.0,investigate
0.0,0.3717,140.7843,0.5064,0.6404,1.0,investigate
0.0,0.0545,35.4138,0.0,0.4331,0.0,alert
0.0,0.0169,109.8545,0.4772,0.661,1.0,investigate
1.0,0.6517,128.9587,0.0882,0.7559,1.0,chase
0.0,0.6337,69.4065,0.0,0.1587,0.0,patrol
0.0,0.4394,129.1657,0.1112,0.3926,1.0,investigate
0.0,0.0106,41.2075,0.0044,0.9187,0.0,alert
1.0,0.4828,53.8533,0.3693,0.6134,1.0,chase
0.0,0.7957,46.0113,0.0236,0.1999,0.0,patrol
0.0,0.0289,69.9009,0.0475,0.553,0.0,alert
1.0,0.6436,162.2466,0.3527,0.5939,1.0,chase
0.0,0.6032,78.5023,0.0,0.2042,0.0,patrol
1.0,0.6118,76.2593,0.5435,0.4045,1.0,chase
0.0,0.6588,65.591,0.0,0.1758,0.0,patrol
0.0,0.6418,73.0948,0.0137,0.1331,0.0,patrol
0.0,0.8001,43.9643,0.0235,0.2359,0.0,patrol
1.0,0.0763,200.1315,0.2522,0.4684,1.0,investigate
0.0,0.7056,62.7497,0.0,0.0006,0.0,patrol
0.0,0.3779,154.1122,0.0482,0.3533,1.0,investigate
0.0,0.7973,39.5811,0.0,0.1587,0.0,patrol
0.0,0.0,34.2381,0.0552,0.6493,0.0,alert
1.0,0.4535,203.1805,0.2226,0.466,1.0,investigate
1.0,0.4811,81.556,0.5523,0.6883,1.0,investigate
1.0,0.5851,194.3082,0.3572,0.4905,1.0,chase
0.0,0.7242,48.1227,0.0,0.2187,0.0,patrol
0.0,0.3626,198.3496,0.5617,0.6862,1.0,investigate
1.0,0.614,68.0421,0.5709,0.3847,1.0,chase
0.0,0.6654,66.1632,0.0333,0.2123,0.0,patrol
0.0,0.3434,76.8703,0.5577,0.6736,1.0,investigate
0.0,0.6679,67.9796,0.0,0.0,0.0,patrol
0.0,0.0647,48.4187,0.0365,0.6343,0.0,alert
0.0,0.358,208.8914,0.1549,0.3823,1.0,investigate
0.0,0.7644,50.2001,0.0394,0.0276,0.0,patrol
0.0,0.0592,28.2509,0.4223,0.6191,1.0,investigate
1.0,0.6564,170.433,0.1635,0.7893,1.0,chase
0.0,0.3922,45.8293,0.2746,0.5247,1.0,investigate
0.0,0.6538,65.7337,0.0292,0.1317,0.0,patrol
0.0,0.7403,54.439,0.0,0.0,0.0,patrol
0.0,0.4126,148.998,0.1843,0.4303,1.0,investigate
0.0,0.1233,141.9149,0.3507,0.541,0.0,investigate
0.0,0.7183,60.3052,0.0,0.0,0.0,patrol
0.0,0.7955,43.7362,0.0324,0.1746,0.0,patrol
0.0,0.1327,34.842,0.0,0.9928,0.0,alert
1.0,0.7112,166.8896,0.0597,0.4666,1.0,chase
0.0,0.7204,43.4018,0.0,0.117,0.0,patrol
0.0,0.7632,43.3803,0.0078,0.1087,0.0,patrol
0.0,0.1573,59.5499,0.0088,0.8566,0.0,alert
0.0,0.0396,104.5411,0.3851,0.5465,1.0,investigate
0.0,0.7173,57.5172,0.0521,0.2744,0.0,patrol
0.0,0.0623,46.9609,0.0,0.5203,0.0,alert
0.0,0.2879,141.1506,0.4016,0.5875,1.0,investigate
0.0,0.0145,62.0653,0.0156,0.644,0.0,alert
1.0,0.7654,46.3666,0.2765,0.9222,1.0,chase
0.0,0.2434,83.0422,0.404,0.561,0.0,investigate
0.0,0.6494,67.1208,0.0054,0.0055,0.0,patrol
0.0,0.0911,34.7556,0.2929,0.4706,1.0,investigate
0.0,0.8464,29.6592,0.0373,0.1686,0.0,patrol
1.0,0.7995,142.6554,0.4649,0.6167,1.0,chase
1.0,0.6237,154.3014,0.2943,0.4002,1.0,chase
1.0,0.778,83.6803,0.1848,0.41,1.0,chase
0.0,0.2691,146.9176,0.1671,0.4163,0.0,investigate
0.0,0.8283,39.4076,0.0142,0.024,0.0,patrol
0.0,0.6754,58.5787,0.0255,0.011,0.0,patrol
0.0,0.6615,61.5535,0.0,0.1676,0.0,patrol
1.0,0.4516,97.0066,0.2233,0.637,1.0,chase
0.0,0.2957,83.0657,0.1541,0.3711,1.0,investigate
0.0,0.6405,75.4327,0.0046,0.0404,0.0,patrol
0.0,0.7694,45.868,0.0052,0.0698,0.0,patrol
0.0,0.4166,102.0075,0.0626,0.3757,1.0,investigate
0.0,0.7289,57.0404,0.0645,0.1424,0.0,patrol
0.0,0.831,31.0283,0.0755,0.2621,0.0,patrol
0.0,0.6627,69.0316,0.0541,0.1338,0.0,patrol
1.0,0.532,180.609,0.1848,0.4537,1.0,investigate
0.0,0.1161,34.8891,0.0249,0.6072,0.0,alert
0.0,0.4346,35.0947,0.4022,0.5847,1.0,investigate
0.0,0.0881,140.7959,0.1536,0.4137,1.0,investigate
1.0,0.7866,96.6472,0.1222,0.3454,1.0,chase
1.0,0.5052,147.9446,0.4461,0.6526,1.0,chase
1.0,0.4848,55.6172,0.5469,0.3393,1.0,chase
0.0,0.6196,72.2056,0.0162,0.0044,0.0,patrol
0.0,0.0492,37.7332,0.0305,0.9005,0.0,alert
0.0,0.7807,42.5676,0.0,0.1772,0.0,patrol
1.0,0.5961,147.3516,0.1657,0.7015,1.0,chase
1.0,0.8489,66.3835,0.2663,0.4045,1.0,chase
0.0,0.1416,142.234,0.0508,0.3264,1.0,investigate
1.0,0.4899,219.4641,0.2978,0.5131,1.0,investigate
0.0,0.0159,54.2177,0.0361,0.5779,0.0,alert
0.0,0.8374,35.2235,0.0,0.2744,0.0,patrol
1.0,0.6096,143.1142,0.4748,0.3297,1.0,chase
0.0,0.155,36.7074,0.0272,0.8264,0.0,alert
0.0,0.3668,48.8526,0.1812,0.4279,1.0,investigate
0.0,0.4298,46.9734,0.0093,0.353,1.0,investigate
1.0,0.4959,136.7909,0.1121,0.3736,1.0,investigate
0.0,0.7497,43.2344,0.0,0.092,0.0,patrol
0.0,0.6766,66.6753,0.0175,0.2036,0.0,patrol
0.0,0.5944,77.6027,0.0,0.2442,0.0,patrol
0.0,0.7431,53.5016,0.0403,0.1197,0.0,patrol
1.0,0.6409,117.6783,0.4285,0.3671,1.0,chase
0.0,0.3902,188.4896,0.5785,0.7343,0.0,investigate
0.0,0.2387,69.0677,0.3708,0.5744,1.0,investigate
1.0,0.5321,88.179,0.0481,0.4202,1.0,chase
0.0,0.7707,45.2252,0.0,0.2865,0.0,patrol
0.0,0.0952,36.9753,0.0307,0.751,0.0,alert
0.0,0.7412,52.6778,0.0,0.1581,0.0,patrol
0.0,0.0914,30.0501,0.0812,0.3615,0.0,alert
1.0,0.7541,165.6752,0.223,0.8736,1.0,chase
1.0,0.5356,150.1359,0.3925,0.6736,1.0,chase
0.0,0.1062,67.7092,0.005,0.7817,0.0,alert
0.0,0.7961,41.3705,0.0,0.2874,0.0,patrol
1.0,0.4946,206.3986,0.3136,0.5327,1.0,investigate
0.0,0.7798,42.863,0.0215,0.0888,0.0,patrol
0.0,0.0212,35.2046,0.0981,0.348,1.0,investigate
1.0,0.8542,66.1658,0.0853,0.6249,1.0,chase
1.0,0.5336,65.7176,0.3021,0.9451,0.0,chase
1.0,0.6021,37.5715,0.4097,0.5944,1.0,chase
1.0,0.4924,125.918,0.1251,0.6303,1.0,chase
0.0,0.8149,37.6694,0.0155,0.1219,0.0,patrol
1.0,0.8419,154.1909,0.0,0.73,1.0,chase
0.0,0.2666,176.5688,0.3381,0.5277,1.0,investigate
0.0,0.0327,56.3386,0.0,0.3221,1.0,investigate
0.0,0.8542,30.0402,0.0,0.1274,0.0,patrol
0.0,0.7325,47.9289,0.0155,0.2468,0.0,patrol
1.0,0.4731,102.4472,0.1023,0.3643,1.0,investigate
0.0,0.6802,59.3171,0.0,0.2172,0.0,patrol
0.0,0.0018,43.8858,0.0013,0.267,0.0,alert
0.0,0.1018,48.3183,0.0,0.6259,0.0,alert
1.0,0.5939,170.4053,0.5502,0.503,1.0,chase
0.0,0.1407,132.2819,0.5294,0.6576,1.0,investigate
1.0,0.7412,162.4332,0.3377,0.6937,1.0,chase
0.0,0.0,64.1053,0.0775,0.4898,0.0,alert
0.0,0.1928,100.7942,0.573,0.6837,1.0,investigate
0.0,0.7095,52.9699,0.0,0.1261,0.0,patrol
0.0,0.6485,68.0438,0.0044,0.1289,0.0,patrol
0.0,0.0544,33.4143,0.0046,0.4573,0.0,alert
0.0,0.6708,60.3424,0.0,0.2555,0.0,patrol
1.0,0.653,131.1116,0.0643,0.365,1.0,chase
0.0,0.0717,65.1136,0.0396,0.7621,0.0,alert
0.0,0.0177,64.8201,0.0,0.6534,0.0,alert
0.0,0.1488,54.2834,0.0527,0.9674,0.0,alert
0.0,0.6798,65.8516,0.0,0.0891,0.0,patrol
0.0,0.6396,72.9146,0.0,0.2661,0.0,patrol
0.0,0.8084,38.8545,0.0,0.1978,0.0,patrol
0.0,0.0,66.05,0.0,0.992,0.0,alert
0.0,0.0419,40.0675,0.0,0.8611,0.0,alert
0.0,0.0937,36.8841,0.0,0.9415,0.0,alert
0.0,0.7627,51.5716,0.0,0.1338,0.0,patrol
0.0,0.0757,37.9175,0.016,0.7552,0.0,alert
1.0,0.7824,88.4839,0.3374,0.4944,1.0,chase
0.0,0.0855,45.6117,0.0476,0.6175,0.0,alert
0.0,0.1027,54.9805,0.0,0.837,0.0,alert
0.0,0.3361,96.1616,0.3197,0.5457,1.0,investigate
0.0,0.1518,48.3279,0.0579,0.9958,0.0,alert
1.0,0.8269,34.1661,0.0952,0.6041,1.0,chase
0.0,0.0193,67.6542,0.0,0.7493,0.0,alert
1.0,0.4696,187.3276,0.4264,0.5944,1.0,investigate
0.0,0.0876,55.0992,0.0611,0.4619,0.0,alert
1.0,0.5316,133.4701,0.5694,0.6667,1.0,chase
0.0,0.7915,46.6213,0.0099,0.2168,0.0,patrol
0.0,0.1249,38.5724,0.0,0.5307,0.0,alert
0.0,0.0497,50.0166,0.0,0.39,0.0,alert
0.0,0.4498,124.4023,0.4127,0.5942,0.0,investigate
0.0,0.21,74.2897,0.0229,0.3336,1.0,investigate
0.0,0.6284,114.4292,0.0844,0.8145,1.0,chase
1.0,0.0282,111.4917,0.4064,0.5539,1.0,investigate
0.0,0.6795,67.4942,0.0405,0.1198,0.0,patrol
0.0,0.0673,45.7547,0.0,0.4086,0.0,alert
0.0,0.0946,71.0869,0.0207,0.873,0.0,alert
0.0,0.1033,59.1411,0.0428,0.6155,0.0,alert
0.0,0.0157,70.9861,0.0,0.6383,0.0,alert
0.0,0.1465,39.289,0.0,0.7163,0.0,alert
0.0,0.1187,62.1526,0.0,0.38,0.0,alert
0.0,0.7097,55.1392,0.0,0.1496,0.0,patrol
1.0,0.8023,193.5332,0.2026,0.9452,1.0,chase
0.0,0.0609,157.4217,0.5493,0.6905,1.0,investigate
0.0,0.1031,161.6385,0.5409,0.6673,1.0,investigate
1.0,0.6752,26.4757,0.1504,0.4628,1.0,chase
0.0,0.3153,141.6427,0.3534,0.5479,1.0,investigate
0.0,0.0743,42.3796,0.0485,0.67,0.0,alert
0.0,0.0,50.3662,0.0,0.6089,0.0,alert
0.0,0.1252,74.3689,0.0428,0.9772,0.0,alert
1.0,0.62,190.9766,0.5274,0.5313,1.0,chase
1.0,0.6462,177.961,0.4789,0.4268,1.0,chase
0.0,0.1495,175.6612,0.3985,0.5372,0.0,investigate
1.0,0.8312,178.2578,0.5676,0.7435,1.0,chase
1.0,0.8726,127.6325,0.4473,0.4392,1.0,chase
0.0,0.4955,195.6939,0.1838,0.7757,1.0,chase
0.0,0.7713,42.7367,0.0,0.2051,0.0,patrol
0.0,0.778,48.5413,0.0685,0.0816,0.0,patrol
0.0,0.7103,55.7279,0.048,0.0648,0.0,patrol
0.0,0.5231,49.161,0.4642,0.4234,1.0,chase
0.0,0.7971,36.6538,0.051,0.2848,0.0,patrol
0.0,0.7465,52.4804,0.0081,0.0358,0.0,patrol
1.0,0.583,192.7999,0.3645,0.7705,1.0,chase
0.0,0.0325,50.4833,0.0,0.4048,0.0,alert
1.0,0.5942,89.4266,0.1222,0.8299,1.0,chase
1.0,0.6422,192.3255,0.1318,0.534,1.0,chase
0.0,0.0643,64.4671,0.4949,0.6206,0.0,investigate
0.0,0.0228,41.6994,0.0338,0.9936,0.0,alert
0.0,0.14,63.6655,0.0,0.446,0.0,alert
0.0,0.8274,32.128,0.0,0.0252,0.0,patrol
0.0,0.6437,69.1065,0.0,0.0335,0.0,patrol
0.0,0.4191,50.0045,0.2214,0.4343,1.0,investigate
0.0,0.6644,66.8881,0.0072,0.1596,0.0,patrol
1.0,0.747,39.7825,0.417,0.8995,1.0,chase
0.0,0.1422,62.9253,0.4095,0.5699,1.0,investigate
0.0,0.0,68.8599,0.0,0.5889,0.0,alert
0.0,0.1213,53.1756,0.0136,0.6162,0.0,alert
0.0,0.4243,116.5758,0.0176,0.3255,1.0,investigate
1.0,0.6213,162.4227,0.1648,0.3086,1.0,chase
0.0,0.3889,219.1354,0.4307,0.6409,0.0,investigate
0.0,0.1227,39.2716,0.0158,0.9688,0.0,alert
0.0,0.0423,40.8033,0.0,0.6246,0.0,alert
0.0,0.1566,70.4151,0.0024,0.4098,0.0,alert
0.0,0.1693,75.3962,0.4076,0.5977,0.0,investigate
1.0,0.7337,69.3916,0.3239,0.578,1.0,chase
0.0,0.4392,140.6947,0.3084,0.5466,1.0,investigate
0.0,0.0417,61.7801,0.0002,0.908,0.0,alert
0.0,0.0796,63.2036,0.0,0.4115,0.0,alert
1.0,0.588,84.6444,0.4271,0.836,0.0,chase
0.0,0.0602,50.0354,0.0,0.474,0.0,alert
0.0,0.7316,48.675,0.0139,0.0653,0.0,patrol
0.0,0.7164,55.6071,0.0,0.2833,0.0,patrol
0.0,0.8134,41.2122,0.0,0.0467,0.0,patrol
1.0,0.6138,89.4883,0.4187,0.5057,1.0,chase
0.0,0.0928,38.7642,0.0,0.9827,0.0,alert
1.0,0.5637,183.2183,0.2357,0.7481,0.0,chase
1.0,0.6123,60.2425,0.2129,0.9621,1.0,chase
0.0,0.0738,62.0536,0.0,0.4909,0.0,alert
0.0,0.0,43.191,0.0,0.5979,0.0,alert
1.0,0.4297,60.8698,0.3742,0.54,1.0,investigate
0.0,0.1741,51.5775,0.0588,0.4101,0.0,alert
1.0,0.7738,53.2794,0.5415,0.7186,1.0,chase
0.0,0.0065,42.8397,0.0048,0.5924,0.0,alert
0.0,0.0751,57.1531,0.0,0.8318,0.0,alert
1.0,0.7196,112.2046,0.2073,0.3019,1.0,chase
0.0,0.0479,31.3157,0.0,0.6995,0.0,alert
0.0,0.8004,36.3332,0.0079,0.1651,0.0,patrol
1.0,0.7155,39.2501,0.0908,0.6914,1.0,chase
0.0,0.0032,43.5733,0.0,0.6676,0.0,alert
0.0,0.6154,74.3178,0.0,0.0168,0.0,patrol
1.0,0.808,48.6036,0.3337,0.4947,1.0,chase
1.0,0.6405,106.5021,0.0336,0.7346,1.0,chase
0.0,0.6912,69.3203,0.0,0.2938,0.0,patrol
0.0,0.6813,64.4891,0.0213,0.088,0.0,patrol
1.0,0.7116,121.0264,0.1709,0.6977,1.0,chase
0.0,0.6636,61.3442,0.0691,0.1275,0.0,patrol
1.0,0.6122,85.1324,0.4955,0.3471,1.0,chase
0.0,0.4097,37.5157,0.5636,0.7315,1.0,investigate
1.0,0.6129,179.1882,0.596,0.8744,1.0,chase
0.0,0.7703,48.5982,0.0342,0.2814,0.0,patrol
0.0,0.0576,64.8649,0.0441,0.7576,0.0,alert
1.0,0.8501,40.7874,0.0746,0.3631,1.0,chase
1.0,0.2707,87.9496,0.5696,0.6962,1.0,investigate
0.0,0.8148,38.4572,0.0516,0.0871,0.0,patrol
0.0,0.1422,164.6692,0.2426,0.454,1.0,investigate
0.0,0.0505,35.722,0.0435,0.7543,0.0,alert
0.0,0.2471,164.2954,0.1788,0.4106,1.0,investigate
0.0,0.027,47.6752,0.0,0.5909,0.0,alert
1.0,0.7618,87.4321,0.4675,0.7481,1.0,chase
0.0,0.0345,89.3297,0.4498,0.6416,1.0,investigate
0.0,0.049,62.0445,0.0254,0.4384,0.0,alert
0.0,0.818,42.4043,0.0201,0.0376,0.0,patrol
1.0,0.5735,158.3738,0.3532,0.4712,1.0,chase
0.0,0.2443,40.8179,0.1988,0.4365,1.0,investigate
1.0,0.5922,158.3792,0.4956,0.3265,1.0,chase
0.0,0.0,52.3131,0.0445,0.828,0.0,alert
0.0,0.1095,42.1318,0.0,0.883,0.0,alert
0.0,0.1414,49.03,0.0,0.2988,0.0,alert
0.0,0.08,175.3425,0.0373,0.3279,0.0,investigate
1.0,0.6248,112.8025,0.0273,0.844,1.0,chase
0.0,0.2604,125.2802,0.1528,0.4171,1.0,investigate
0.0,0.7107,56.6049,0.0,0.1205,0.0,patrol
0.0,0.7788,43.7399,0.0,0.1435,0.0,patrol
0.0,0.7044,53.328,0.0046,0.0191,0.0,patrol
0.0,0.0701,36.0105,0.0,0.4169,0.0,alert
0.0,0.1128,64.139,0.3178,0.5333,1.0,investigate
0.0,0.1015,62.202,0.0,0.3465,0.0,alert
0.0,0.6208,76.1219,0.0,0.2323,0.0,patrol
0.0,0.7251,56.4911,0.0,0.042,0.0,patrol
0.0,0.7024,59.2525,0.0083,0.2057,0.0,patrol
0.0,0.4233,78.301,0.5174,0.6948,1.0,investigate
1.0,0.8542,59.5085,0.1242,0.6804,1.0,chase
1.0,0.7326,48.2056,0.4445,0.7272,1.0,chase
0.0,0.701,50.4026,0.0,0.1568,0.0,patrol
0.0,0.2422,202.1795,0.4868,0.6451,1.0,investigate
0.0,0.7313,51.4892,0.0283,0.1419,0.0,patrol
0.0,0.6913,131.2673,0.2108,0.875,1.0,chase
0.0,0.3699,83.2285,0.209,0.4357,1.0,investigate
0.0,0.7566,50.6551,0.0,0.2707,0.0,patrol
1.0,0.7792,75.1372,0.2211,0.4935,1.0,chase
0.0,0.6969,56.1738,0.0585,0.1574,0.0,patrol
0.0,0.0094,60.3804,0.0143,0.562,0.0,alert
0.0,0.0377,56.71,0.0542,0.2503,0.0,alert
0.0,0.016,57.0416,0.0,0.3962,0.0,alert
1.0,0.6178,52.6186,0.4532,0.403,1.0,chase
0.0,0.6674,125.6792,0.129,0.5361,1.0,chase
1.0,0.6091,171.7266,0.1567,0.8579,1.0,chase
0.0,0.034,69.6723,0.0768,0.5029,0.0,alert
1.0,0.805,87.6432,0.5571,0.7767,1.0,chase
1.0,0.7851,190.7677,0.3249,0.796,1.0,chase
0.0,0.1924,87.5074,0.3984,0.609,1.0,investigate
0.0,0.124,41.4312,0.0,0.405,0.0,alert
0.0,0.1604,159.1132,0.3909,0.5857,1.0,investigate
0.0,0.0328,73.1907,0.0,0.331,0.0,alert
0.0,0.5939,75.8495,0.0019,0.1209,0.0,patrol
0.0,0.3838,73.1072,0.252,0.4807,1.0,investigate
0.0,0.1602,53.8518,0.0949,0.3716,1.0,investigate
0.0,0.6738,63.8012,0.0665,0.1911,0.0,patrol
0.0,0.8007,36.3761,0.0116,0.0543,0.0,patrol
0.0,0.052,64.2796,0.0188,0.4633,0.0,alert
0.0,0.1106,58.3201,0.0,0.4855,0.0,alert
0.0,0.7321,99.4697,0.234,0.8723,1.0,chase
1.0,0.6579,92.8642,0.0172,0.9192,1.0,chase
0.0,0.1949,175.9253,0.3286,0.549,1.0,investigate
1.0,0.5686,157.3253,0.3056,0.4314,1.0,chase
0.0,0.2375,44.5235,0.5136,0.6893,1.0,investigate
0.0,0.0655,152.3434,0.309,0.5129,1.0,investigate
0.0,0.7637,46.6198,0.0181,0.2233,0.0,patrol
0.0,0.8268,188.8275,0.2988,0.872,0.0,chase
0.0,0.0605,44.5622,0.0615,0.5042,0.0,alert
1.0,0.542,170.6267,0.2584,0.504,1.0,investigate
0.0,0.8006,43.8431,0.004,0.133,0.0,patrol
1.0,0.4573,214.8063,0.0964,0.3781,1.0,investigate
1.0,0.7193,30.2384,0.0182,0.36,1.0,chase
0.0,0.8135,49.2426,0.3302,0.8926,1.0,chase
0.0,0.2366,195.32,0.224,0.4634,1.0,investigate
0.0,0.091,33.9619,0.0534,0.5137,0.0,alert
1.0,0.6735,108.5999,0.5332,0.8836,1.0,chase
0.0,0.1498,39.4331,0.0532,0.9507,0.0,alert
0.0,0.2517,46.3807,0.0644,0.3165,1.0,investigate
1.0,0.0211,67.9015,0.3034,0.5331,1.0,investigate
0.0,0.0379,34.3161,0.0,0.5805,0.0,alert
0.0,0.0209,73.1743,0.0468,0.4918,0.0,alert
1.0,0.8311,165.3227,0.4314,0.7897,0.0,chase
0.0,0.0576,42.1086,0.0,0.3598,0.0,alert
0.0,0.1483,211.1187,0.3008,0.5127,1.0,investigate
0.0,0.7956,33.4974,0.0366,0.1603,0.0,patrol
1.0,0.6637,147.9992,0.0105,0.7392,0.0,chase
0.0,0.7797,47.1908,0.0,0.1469,0.0,patrol
0.0,0.021,65.4986,0.0079,0.3106,0.0,alert
0.0,0.7231,56.3445,0.0,0.2757,0.0,patrol
0.0,0.087,66.9852,0.0154,0.7985,0.0,alert
0.0,0.0029,67.1903,0.0,0.3878,0.0,alert
0.0,0.6826,65.0439,0.077,0.0672,0.0,patrol
0.0,0.6337,73.9505,0.0108,0.1552,0.0,patrol
0.0,0.0277,74.8026,0.0,0.6223,0.0,alert
0.0,0.0898,55.6178,0.0,0.796,0.0,alert
0.0,0.6755,63.9727,0.0077,0.0,0.0,patrol
0.0,0.708,54.0516,0.0167,0.1067,0.0,patrol
1.0,0.5038,54.7851,0.3999,0.5933,1.0,chase
0.0,0.3064,85.8953,0.5564,0.6782,1.0,investigate
0.0,0.1088,74.9627,0.0004,0.6622,0.0,alert
0.0,0.2784,98.9954,0.0,0.2996,1.0,investigate
0.0,0.0669,48.7956,0.0,0.6334,0.0,alert
1.0,0.834,161.1813,0.1818,1.0,1.0,chase
0.0,0.6741,64.1301,0.0,0.2182,0.0,patrol
0.0,0.6723,70.4788,0.0548,0.0012,0.0,patrol
1.0,0.8953,61.6678,0.5349,0.7901,1.0,chase
0.0,0.3633,132.8202,0.3966,0.6079,1.0,investigate
0.0,0.0687,55.1705,0.0,0.9877,0.0,alert
0.0,0.4097,143.8214,0.072,0.3686,0.0,investigate
0.0,0.1135,39.784,0.0,0.6092,0.0,alert
0.0,0.7356,52.4923,0.0,0.1709,0.0,patrol
0.0,0.7627,48.0441,0.0364,0.2699,0.0,patrol
1.0,0.8664,181.696,0.2898,0.3666,1.0,chase
1.0,0.5149,63.7679,0.109,0.4906,1.0,chase
1.0,0.7626,70.5228,0.5824,0.9258,1.0,chase
0.0,0.6988,63.6322,0.0,0.0397,0.0,patrol
0.0,0.7632,48.6159,0.0,0.2371,0.0,patrol
0.0,0.8407,34.9378,0.0,0.0427,0.0,patrol
1.0,0.6359,130.6671,0.5031,0.4324,1.0,chase
0.0,0.7851,46.7245,0.0,0.1121,0.0,patrol
0.0,0.0736,45.7265,0.0573,0.6724,0.0,alert
0.0,0.1096,46.1863,0.0568,0.6774,0.0,alert
0.0,0.8706,29.7917,0.0289,0.2459,0.0,patrol
0.0,0.1265,73.7781,0.0278,0.9162,0.0,alert
0.0,0.0,61.2684,0.028,0.8824,0.0,alert
0.0,0.6517,72.5307,0.0321,0.0283,0.0,patrol
0.0,0.0073,29.7711,0.0204,0.8182,0.0,alert
0.0,0.2046,52.5184,0.1579,0.424,1.0,investigate
1.0,0.6307,86.0391,0.0391,0.686,1.0,chase
1.0,0.6863,184.1824,0.0438,0.3278,0.0,chase
0.0,0.1214,51.8519,0.0595,0.9903,0.0,alert
0.0,0.0559,38.3775,0.0,0.8484,0.0,alert
0.0,0.8525,33.079,0.0,0.0656,0.0,patrol
0.0,0.3776,220.5419,0.4281,0.6095,1.0,investigate
0.0,0.0876,206.781,0.3125,0.5222,1.0,investigate
1.0,0.6916,138.2397,0.4732,0.4349,1.0,chase
0.0,0.1598,208.9988,0.1302,0.3827,1.0,investigate
0.0,0.0827,168.8413,0.2141,0.4487,1.0,investigate
0.0,0.1398,63.1315,0.0421,0.9654,0.0,alert
0.0,0.8384,40.3213,0.1124,0.2162,0.0,patrol
0.0,0.6696,65.3254,0.0627,0.0551,0.0,patrol
0.0,0.0219,46.7622,0.0819,0.9572,0.0,alert
0.0,0.4453,44.0005,0.5575,0.6829,1.0,investigate
1.0,0.478,150.0045,0.0054,0.6296,1.0,chase
0.0,0.1974,118.9257,0.0998,0.3569,1.0,investigate
0.0,0.1787,39.3581,0.0059,0.3822,0.0,alert
0.0,0.0336,53.576,0.0583,0.5546,0.0,alert
0.0,0.0776,46.8682,0.0217,0.3102,0.0,alert
1.0,0.5877,50.4245,0.3891,0.6417,1.0,chase
0.0,0.2,186.7129,0.0596,0.3146,1.0,investigate
0.0,0.05,49.5384,0.0,0.8182,0.0,alert
1.0,0.6481,155.8677,0.0844,0.8415,1.0,chase
0.0,0.5956,73.5953,0.0363,0.1289,0.0,patrol
1.0,0.5317,191.3732,0.4772,0.5788,1.0,chase
0.0,0.4032,47.0436,0.0297,0.3112,1.0,investigate
0.0,0.7828,45.4749,0.0,0.1877,0.0,patrol
0.0,0.6702,65.9947,0.005,0.2048,0.0,patrol
0.0,0.6446,73.0399,0.0,0.0678,0.0,patrol
0.0,0.7506,141.6987,0.0985,0.5765,1.0,chase
0.0,0.6734,60.9841,0.0533,0.0384,0.0,patrol
1.0,0.6459,147.8585,0.1653,0.567,1.0,chase
0.0,0.1375,73.2737,0.0057,0.3884,0.0,alert
0.0,0.2889,144.2139,0.1722,0.4085,1.0,investigate
1.0,0.5321,130.8521,0.0305,0.2996,1.0,investigate
0.0,0.6121,73.1754,0.0239,0.0614,0.0,patrol
1.0,0.5413,52.4745,0.105,1.0,1.0,chase
1.0,0.4684,41.229,0.1679,0.4426,1.0,investigate
1.0,0.6401,179.223,0.2045,0.554,1.0,chase
0.0,0.7086,58.3995,0.0047,0.2313,0.0,patrol
0.0,0.8498,35.7905,0.0029,0.2338,0.0,patrol
0.0,0.0,53.3312,0.0803,0.4237,0.0,alert
1.0,0.758,92.7801,0.3881,0.4135,1.0,chase
0.0,0.647,69.4893,0.0421,0.0309,0.0,patrol
0.0,0.3298,178.0082,0.3869,0.5794,1.0,investigate
0.0,0.6454,63.5352,0.0,0.1419,0.0,patrol
1.0,0.7659,143.8797,0.3391,0.9928,1.0,chase
1.0,0.6319,46.2246,0.0566,0.8591,1.0,chase
0.0,0.0,72.2165,0.0,0.3188,0.0,alert
0.0,0.8029,45.2184,0.0,0.1595,0.0,patrol
0.0,0.8023,155.8426,0.4341,0.5248,1.0,chase
1.0,0.1774,144.7283,0.315,0.5641,1.0,investigate
0.0,0.3,172.5827,0.4919,0.6314,1.0,investigate
0.0,0.3679,176.4861,0.0876,0.3807,1.0,investigate
0.0,0.6924,60.3096,0.0041,0.0347,0.0,patrol
1.0,0.6896,149.431,0.5226,0.483,1.0,chase
0.0,0.2929,169.9613,0.3803,0.5575,1.0,investigate
0.0,0.1027,70.4013,0.0,0.6709,0.0,alert
1.0,0.7299,151.3862,0.0812,0.8614,1.0,chase
0.0,0.6664,68.5378,0.0,0.2498,0.0,patrol
0.0,0.1192,66.9726,0.049,0.9646,0.0,alert
0.0,0.0999,47.8165,0.023,0.9012,0.0,alert
0.0,0.7656,51.9024,0.0251,0.072,0.0,patrol
0.0,0.7758,40.1191,0.0,0.2845,0.0,patrol
0.0,0.6415,64.8534,0.0076,0.2187,0.0,patrol
0.0,0.8573,34.3283,0.0,0.0292,0.0,patrol
1.0,0.668,84.3348,0.4399,0.6272,1.0,chase
1.0,0.596,43.3379,0.2383,0.3109,1.0,chase
0.0,0.148,53.9616,0.0,0.697,0.0,alert
1.0,0.5166,35.5937,0.1811,0.8902,0.0,chase
1.0,0.7291,44.0631,0.2642,0.6406,1.0,chase
1.0,0.5512,112.2576,0.2431,0.6231,1.0,chase
0.0,0.1582,68.1174,0.0291,0.8685,0.0,alert
1.0,0.824,90.9823,0.0474,1.0,1.0,chase
0.0,0.0525,206.4251,0.2699,0.4988,1.0,investigate
0.0,0.1009,39.7042,0.0072,0.5847,0.0,alert
0.0,0.7693,47.9373,0.0,0.1666,0.0,patrol
1.0,0.5509,106.0387,0.1717,0.5175,1.0,chase
0.0,0.6459,69.4815,0.0355,0.1156,0.0,patrol
0.0,0.7819,43.3748,0.0119,0.1834,0.0,patrol
1.0,0.5834,169.4389,0.2699,0.5422,1.0,chase
1.0,0.6189,88.7733,0.3333,0.7916,1.0,chase
0.0,0.0269,48.0128,0.0,0.9637,0.0,alert
0.0,0.0263,35.6701,0.0,0.832,0.0,alert
0.0,0.1831,47.1396,0.1337,0.3825,1.0,investigate
0.0,0.6471,67.3538,0.0,0.0512,0.0,patrol
0.0,0.7381,54.7191,0.0265,0.2676,0.0,patrol
0.0,0.1427,191.0383,0.3527,0.5841,1.0,investigate
0.0,0.0672,149.1744,0.4045,0.5858,1.0,investigate
1.0,0.5791,181.8253,0.5156,0.3394,1.0,chase
1.0,0.8024,36.3506,0.157,0.7179,1.0,chase
0.0,0.4428,185.0185,0.4557,0.5995,1.0,investigate
0.0,0.3843,216.8127,0.3489,0.547,1.0,investigate
0.0,0.1139,153.2256,0.0,0.2996,1.0,investigate
1.0,0.7251,117.1188,0.3137,0.426,1.0,chase
0.0,0.0583,60.2224,0.0,0.9651,0.0,alert
0.0,0.7266,50.7683,0.0,0.1678,0.0,patrol
0.0,0.0269,61.3586,0.0,0.594,0.0,alert
1.0,0.7248,125.8816,0.3462,0.5973,1.0,chase
1.0,0.8285,54.9875,0.5189,0.881,1.0,chase
0.0,0.7219,49.8058,0.0184,0.2471,0.0,patrol
1.0,0.8669,58.7026,0.4732,0.6124,1.0,chase
0.0,0.1402,72.6985,0.0,0.8586,0.0,alert
0.0,0.0906,61.9921,0.0,0.6062,0.0,alert
0.0,0.0,40.8583,0.0423,0.7243,0.0,alert
1.0,0.6485,197.3363,0.3642,0.3158,1.0,chase
0.0,0.092,32.172,0.0385,0.8024,0.0,alert
1.0,0.755,102.0021,0.3401,0.6676,1.0,chase
0.0,0.1403,37.5018,0.0,0.9927,0.0,alert
1.0,0.7906,52.3213,0.2552,0.522,0.0,chase
1.0,0.8127,80.7149,0.0265,0.6417,1.0,chase
0.0,0.0253,72.1171,0.0904,0.3823,0.0,investigate
0.0,0.8085,42.3492,0.0042,0.0323,0.0,patrol
0.0,0.3724,127.6119,0.5595,0.6975,1.0,investigate
0.0,0.0209,49.1797,0.0059,0.6674,0.0,alert
1.0,0.7949,40.9238,0.0208,0.5245,1.0,chase
1.0,0.5836,48.4939,0.4629,0.4413,1.0,chase
0.0,0.0747,67.4734,0.0096,0.4661,0.0,alert
0.0,0.3091,148.6737,0.5878,0.698,0.0,investigate
0.0,0.3471,87.5844,0.4585,0.6338,1.0,investigate
0.0,0.4461,106.6284,0.5036,0.6666,1.0,investigate
0.0,0.6799,68.5379,0.0,0.0295,0.0,patrol
1.0,0.6962,126.9424,0.2809,0.5281,1.0,chase
1.0,0.6639,167.4761,0.3172,0.7586,1.0,chase
0.0,0.6897,63.7077,0.0,0.0804,0.0,patrol
0.0,0.7564,48.8894,0.0,0.309,0.0,patrol
0.0,0.0918,55.2915,0.05,0.3518,0.0,alert
0.0,0.1217,46.4422,0.0631,0.8787,0.0,alert
1.0,0.2698,214.048,0.1568,0.4164,1.0,investigate
0.0,0.6751,68.555,0.0,0.0494,0.0,patrol
0.0,0.7726,40.6659,0.0,0.0236,0.0,patrol
0.0,0.1274,124.226,0.5388,0.6688,1.0,investigate
0.0,0.3666,221.3744,0.0639,0.3511,1.0,investigate
1.0,0.4588,170.6893,0.1348,0.4133,1.0,investigate
0.0,0.7778,57.2721,0.0,0.0232,0.0,patrol
0.0,0.0749,70.0712,0.0,0.9489,0.0,alert
0.0,0.1651,85.1265,0.0,0.2996,1.0,investigate
1.0,0.7726,95.3792,0.1276,0.7277,1.0,chase
1.0,0.4279,208.8505,0.4209,0.6314,1.0,investigate
0.0,0.3996,138.6662,0.3675,0.5358,1.0,investigate
1.0,0.5335,126.8477,0.5098,0.6125,1.0,chase
0.0,0.76,48.8147,0.0,0.2167,0.0,patrol
0.0,0.3564,199.7682,0.1333,0.364,1.0,investigate
0.0,0.0225,74.579,0.031,0.8793,0.0,alert
0.0,0.0555,73.2729,0.4659,0.6085,1.0,investigate
0.0,0.0838,45.3624,0.0,0.6853,0.0,alert
1.0,0.4349,86.7403,0.5338,0.437,1.0,chase
0.0,0.769,54.5276,0.0361,0.1439,0.0,patrol
1.0,0.3837,71.9327,0.0606,0.3782,1.0,investigate
1.0,0.7702,37.1943,0.1141,0.7394,1.0,chase
1.0,0.2437,213.7063,0.0451,0.3624,1.0,investigate
0.0,0.8276,32.2214,0.0,0.088,0.0,patrol
0.0,0.4383,210.129,0.581,0.7262,1.0,investigate
0.0,0.069,50.6896,0.0,0.7691,0.0,alert
0.0,0.0379,162.6225,0.5677,0.7044,1.0,investigate
0.0,0.1198,147.5543,0.0481,0.3711,0.0,investigate
0.0,0.6708,57.8044,0.2788,0.8586,1.0,chase
0.0,0.2746,171.1244,0.1696,0.4204,1.0,investigate
0.0,0.8315,34.6071,0.0178,0.2173,0.0,patrol
1.0,0.755,193.7821,0.3914,0.7115,1.0,chase
1.0,0.0393,219.7096,0.2509,0.4758,1.0,investigate
1.0,0.8207,188.6229,0.0192,0.7293,1.0,chase
0.0,0.8646,170.3658,0.1296,0.8571,1.0,chase
0.0,0.4154,41.5797,0.2562,0.4689,1.0,investigate
0.0,0.8434,30.1186,0.0,0.1889,0.0,patrol
0.0,0.2062,60.4843,0.5355,0.7077,1.0,investigate
1.0,0.4473,163.9704,0.0978,0.3869,0.0,investigate
1.0,0.7777,136.1607,0.0758,0.5574,1.0,chase
0.0,0.6974,59.4441,0.0,0.1137,0.0,patrol
0.0,0.0456,66.2938,0.0,0.8057,0.0,alert
0.0,0.2162,87.8571,0.232,0.4722,1.0,investigate
0.0,0.0931,54.6267,0.0,0.4165,0.0,alert
1.0,0.5413,59.5832,0.2688,0.7341,1.0,chase
1.0,0.8181,70.0531,0.5686,0.786,1.0,chase
1.0,0.8405,188.7925,0.2439,0.9432,1.0,chase
0.0,0.6664,60.1916,0.0,0.1264,0.0,patrol
0.0,0.2555,147.9375,0.3431,0.5414,0.0,investigate
1.0,0.6321,133.6836,0.598,0.4893,0.0,chase
0.0,0.7798,49.5301,0.0,0.1071,0.0,patrol
0.0,0.0125,45.6089,0.0258,0.4167,0.0,alert
0.0,0.8712,32.8057,0.0,0.2465,0.0,patrol
0.0,0.4367,221.5694,0.4575,0.6353,1.0,investigate
1.0,0.7294,105.6109,0.1138,0.3771,1.0,chase
0.0,0.3894,221.7956,0.4173,0.5801,1.0,investigate
0.0,0.6715,68.3115,0.0,0.2883,0.0,patrol
1.0,0.6279,188.5891,0.3519,0.7148,1.0,chase
0.0,0.3727,45.9698,0.2694,0.4582,1.0,investigate
0.0,0.7581,42.6744,0.0,0.041,0.0,patrol
0.0,0.7317,53.9807,0.0518,0.0639,0.0,patrol
0.0,0.8066,42.0619,0.0319,0.079,0.0,patrol
0.0,0.7864,40.1264,0.0,0.0212,0.0,patrol
0.0,0.7373,49.604,0.0,0.1523,0.0,patrol
0.0,0.0,67.6874,0.0683,0.745,0.0,alert
0.0,0.4022,153.1054,0.1868,0.46,1.0,investigate
0.0,0.0399,38.9086,0.0791,0.7863,0.0,alert
0.0,0.402,52.1483,0.1534,0.425,1.0,investigate
0.0,0.0892,165.3256,0.3459,0.526,1.0,investigate
1.0,0.692,52.4282,0.2946,0.7949,1.0,chase
0.0,0.3763,148.6768,0.3037,0.5386,1.0,investigate
1.0,0.5833,49.9332,0.522,0.9326,1.0,chase
0.0,0.0749,49.2906,0.0297,0.9718,0.0,alert
0.0,0.2281,89.9328,0.2963,0.5013,1.0,investigate
1.0,0.7795,62.3344,0.0392,0.8245,1.0,chase
1.0,0.0947,184.05,0.2642,0.4974,1.0,investigate
0.0,0.0996,31.5382,0.0,0.6032,0.0,alert
0.0,0.0732,39.7843,0.0113,0.8102,0.0,alert
0.0,0.1596,153.6278,0.2409,0.4793,1.0,investigate
0.0,0.783,43.659,0.0,0.3014,0.0,patrol
0.0,0.7043,63.0882,0.0283,0.1451,0.0,patrol
1.0,0.3535,42.847,0.5771,0.7015,1.0,investigate
0.0,0.6628,73.6367,0.0188,0.1815,0.0,patrol
0.0,0.0,196.9802,0.5778,0.6967,1.0,investigate
0.0,0.0457,60.1037,0.0816,0.517,0.0,alert
0.0,0.7962,82.2694,0.5174,0.3273,1.0,chase
1.0,0.4989,66.3775,0.4158,0.8087,1.0,chase
0.0,0.1248,48.1122,0.0,0.9503,0.0,alert
0.0,0.2331,43.6694,0.4727,0.6431,1.0,investigate
0.0,0.1162,64.4332,0.0,0.6157,0.0,alert
1.0,0.6246,74.1452,0.4792,0.7143,1.0,chase
0.0,0.0663,105.3246,0.2048,0.4434,1.0,investigate
0.0,0.3688,195.9058,0.0457,0.3236,1.0,investigate
0.0,0.7698,43.564,0.0,0.0091,0.0,patrol
0.0,0.6842,62.6583,0.0,0.1319,0.0,patrol
0.0,0.0,35.7224,0.0748,0.5295,0.0,alert
0.0,0.7859,44.7561,0.0113,0.19,0.0,patrol
0.0,0.6987,58.4308,0.0635,0.2126,0.0,patrol
0.0,0.0777,50.5631,0.0668,0.2721,0.0,alert
0.0,0.0076,63.8289,0.0132,0.2423,0.0,alert
0.0,0.7594,51.8217,0.015,0.1597,0.0,patrol
0.0,0.0713,33.2325,0.0,0.835,0.0,alert
0.0,0.3533,74.3615,0.5347,0.673,1.0,investigate
0.0,0.0513,37.8766,0.0,0.5142,0.0,alert
1.0,0.8332,158.8221,0.1111,0.3234,1.0,chase
1.0,0.7687,58.8872,0.1862,0.3608,1.0,chase
0.0,0.1301,38.0947,0.0,0.9882,0.0,alert
0.0,0.0485,42.8122,0.0181,0.9015,0.0,alert
0.0,0.1377,59.4408,0.0201,0.3504,0.0,alert
0.0,0.2361,142.6669,0.3604,0.5667,0.0,investigate
0.0,0.1063,38.3676,0.0571,0.4278,0.0,alert
0.0,0.2063,167.0047,0.0323,0.3214,1.0,investigate
0.0,0.1149,43.3952,0.0202,0.8023,0.0,alert
0.0,0.1239,68.1315,0.5447,0.6763,1.0,investigate
0.0,0.1199,65.4173,0.0,0.9806,0.0,alert
1.0,0.6542,118.2445,0.2289,0.4345,1.0,chase
1.0,0.5832,80.4119,0.2451,0.7908,1.0,chase
1.0,0.4695,61.0407,0.081,0.3462,1.0,investigate
0.0,0.1084,45.6361,0.0317,0.9626,0.0,alert
0.0,0.7624,44.138,0.0,0.0975,0.0,patrol
1.0,0.5902,165.1119,0.1446,0.8755,1.0,chase
0.0,0.1001,42.8682,0.0,0.695,0.0,alert
0.0,0.822,33.8419,0.1121,0.3355,1.0,chase
1.0,0.7741,100.5514,0.1323,0.3648,1.0,chase
1.0,0.7767,110.755,0.5076,0.3943,1.0,chase
0.0,0.2334,211.8531,0.5087,0.664,1.0,investigate
1.0,0.4753,129.2384,0.4569,0.6233,1.0,investigate
0.0,0.1017,44.1223,0.0155,0.6118,0.0,alert
1.0,0.5166,145.767,0.6059,0.6126,1.0,chase
0.0,0.1204,47.6479,0.0047,0.8564,0.0,alert
0.0,0.7166,59.7869,0.0203,0.3002,0.0,patrol
0.0,0.0514,179.6036,0.1194,0.4022,1.0,investigate
1.0,0.8841,138.0244,0.2675,0.4539,1.0,chase
1.0,0.8363,155.6239,0.545,0.3996,1.0,chase
1.0,0.7841,150.0522,0.5125,0.7783,1.0,chase
0.0,0.4032,44.891,0.0911,0.3681,0.0,investigate
0.0,0.2662,151.9695,0.4353,0.6158,1.0,investigate
0.0,0.7713,38.2944,0.0181,0.1971,0.0,patrol
0.0,0.0044,54.2439,0.0,0.6913,0.0,alert
0.0,0.7501,47.0881,0.0,0.1937,0.0,patrol
1.0,0.5414,178.9939,0.1127,0.9068,1.0,chase
0.0,0.0891,64.8968,0.0,0.3825,0.0,alert
0.0,0.0,71.7619,0.0634,0.8894,0.0,alert
1.0,0.4823,155.5497,0.0169,0.6085,1.0,chase
0.0,0.1392,64.4484,0.2719,0.4869,1.0,investigate
0.0,0.0587,54.7522,0.0,0.3778,0.0,alert
0.0,0.65,74.4694,0.0275,0.0505,0.0,patrol
0.0,0.8219,36.603,0.0,0.1737,0.0,patrol
1.0,0.5699,159.4411,0.2922,0.5155,1.0,chase
0.0,0.0978,45.2497,0.0,0.9037,0.0,alert
0.0,0.6871,51.4583,0.0,0.1065,0.0,patrol
1.0,0.7345,64.935,0.4757,0.9346,1.0,chase
1.0,0.4444,187.6799,0.4334,0.8647,1.0,chase
0.0,0.0372,43.142,0.0156,0.5091,0.0,alert
1.0,0.8187,152.1622,0.3844,0.7732,1.0,chase
0.0,0.1313,49.5487,0.0,0.7064,0.0,alert
1.0,0.7992,117.1161,0.4805,0.9071,1.0,chase
0.0,0.0454,73.9892,0.0193,0.5235,0.0,alert
0.0,0.1032,57.9591,0.0392,0.2292,0.0,alert
1.0,0.6046,60.1774,0.0934,0.3553,1.0,chase
0.0,0.4084,39.4153,0.2447,0.4509,1.0,investigate
1.0,0.6631,157.3609,0.1201,0.8176,0.0,chase
0.0,0.2825,139.9781,0.1415,0.4151,1.0,investigate
0.0,0.0239,59.9335,0.0063,0.5098,0.0,alert
0.0,0.0384,97.0931,0.141,0.3601,1.0,investigate
1.0,0.7858,135.5911,0.058,0.8429,1.0,chase
0.0,0.693,64.7179,0.0259,0.1931,0.0,patrol
1.0,0.7511,107.7425,0.332,0.6283,1.0,chase
0.0,0.8158,47.102,0.0,0.2902,0.0,patrol
0.0,0.1805,118.9881,0.2596,0.512,1.0,investigate
0.0,0.6444,63.8368,0.0,0.212,0.0,patrol
1.0,0.4719,54.7206,0.4266,0.5654,1.0,investigate
1.0,0.5031,36.8019,0.5618,0.6655,1.0,investigate
1.0,0.5003,138.3042,0.2721,0.4891,1.0,chase
0.0,0.4026,53.3189,0.1407,0.3663,0.0,investigate
0.0,0.2095,101.3082,0.3987,0.5511,1.0,investigate
0.0,0.6329,68.3805,0.0,0.125,0.0,patrol
1.0,0.1216,93.9835,0.4315,0.5841,0.0,investigate
0.0,0.7192,63.7936,0.0,0.0655,0.0,patrol
0.0,0.1868,181.2669,0.477,0.6408,1.0,investigate
0.0,0.7816,46.7302,0.0094,0.0329,0.0,patrol
1.0,0.583,124.0503,0.5552,0.3061,0.0,chase
0.0,0.0286,43.2216,0.014,0.801,0.0,alert
0.0,0.1188,59.2704,0.0312,0.6416,0.0,alert
0.0,0.062,57.7311,0.0,0.7493,0.0,alert
1.0,0.5738,46.8704,0.5496,0.4473,1.0,chase
0.0,0.2018,128.7695,0.4448,0.6294,1.0,investigate
0.0,0.0034,43.9668,0.0028,0.4799,0.0,alert
0.0,0.113,62.1535,0.0,0.9676,0.0,alert
1.0,0.7936,92.3037,0.0003,0.5888,1.0,chase
0.0,0.688,66.0863,0.0,0.1826,0.0,patrol
0.0,0.1633,124.4372,0.1612,0.3819,1.0,investigate
0.0,0.1283,57.916,0.0088,0.5796,0.0,alert
0.0,0.6677,63.2346,0.0,0.2034,0.0,patrol
0.0,0.6116,73.8437,0.025,0.309,0.0,patrol
1.0,0.3907,203.3407,0.1657,0.415,1.0,investigate
0.0,0.7205,50.1185,0.0458,0.0298,0.0,patrol
0.0,0.1454,46.535,0.4823,0.6531,1.0,investigate
0.0,0.6323,68.0916,0.0553,0.1254,0.0,patrol
0.0,0.0884,71.4234,0.0405,0.9819,0.0,alert
0.0,0.1171,60.9242,0.0475,0.5218,0.0,alert
0.0,0.6825,63.2608,0.0265,0.2095,0.0,patrol
1.0,0.6973,149.64,0.481,0.6154,1.0,chase
0.0,0.2982,165.3355,0.438,0.6355,1.0,investigate
0.0,0.068,48.569,0.0477,0.962,0.0,alert
0.0,0.0221,45.4712,0.0,0.5007,0.0,alert
0.0,0.794,40.9879,0.0812,0.0602,0.0,patrol
0.0,0.0346,60.2168,0.0,0.9096,0.0,alert
0.0,0.1157,189.4044,0.0473,0.3306,1.0,investigate
0.0,0.1098,65.0728,0.0338,0.3182,0.0,alert
0.0,0.4146,53.2312,0.5709,0.6631,1.0,investigate
0.0,0.6989,54.222,0.0,0.293,0.0,patrol
0.0,0.6723,67.2532,0.0002,0.2777,0.0,patrol
0.0,0.0451,56.1194,0.0524,0.7999,0.0,alert
1.0,0.5645,74.9414,0.0921,0.8564,1.0,chase
1.0,0.7294,39.3517,0.1743,0.3335,1.0,chase
0.0,0.7239,62.4846,0.0,0.0464,0.0,patrol
0.0,0.0162,42.0615,0.0,0.4739,0.0,alert
0.0,0.0063,35.6395,0.0129,0.3577,0.0,alert
1.0,0.8096,120.0627,0.3855,0.6227,1.0,chase
0.0,0.0023,40.776,0.0279,0.5108,0.0,alert
1.0,0.4965,82.2247,0.0942,0.787,1.0,chase
0.0,0.058,48.9192,0.0136,0.7399,0.0,alert
0.0,0.3233,89.8923,0.2936,0.474,1.0,investigate
0.0,0.376,156.832,0.1692,0.4208,1.0,investigate
0.0,0.7057,60.4084,0.0198,0.1536,0.0,patrol
0.0,0.7982,39.3514,0.0,0.2145,0.0,patrol
1.0,0.6633,177.5038,0.4739,0.8952,1.0,chase
0.0,0.0575,64.7774,0.0,0.4892,0.0,alert
1.0,0.877,204.5675,0.4545,0.7491,0.0,chase
0.0,0.1187,41.3671,0.0334,0.9222,0.0,alert
0.0,0.3117,176.4865,0.4723,0.6049,1.0,investigate
0.0,0.1289,68.0251,0.0907,0.4635,0.0,alert
0.0,0.5063,115.1988,0.4943,0.3131,1.0,chase
1.0,0.8136,93.9526,0.2486,0.4315,1.0,chase
1.0,0.8231,161.2067,0.1989,0.4043,1.0,chase
1.0,0.5136,203.7856,0.2173,0.4595,1.0,investigate
0.0,0.7952,37.3034,0.0,0.1742,0.0,patrol
0.0,0.0667,220.6513,0.2548,0.512,1.0,investigate
0.0,0.2859,38.5375,0.0561,0.354,1.0,investigate
0.0,0.7194,54.0667,0.0,0.1279,0.0,patrol
1.0,0.8023,34.634,0.0367,0.6879,1.0,chase
0.0,0.0918,65.7855,0.0,0.7063,0.0,alert
0.0,0.2975,44.0324,0.4494,0.6095,1.0,investigate
1.0,0.6359,52.013,0.4954,0.6884,1.0,chase
0.0,0.4452,138.8743,0.0,0.3328,1.0,investigate
0.0,0.661,62.5035,0.0,0.0236,0.0,patrol
0.0,0.112,45.6186,0.0,0.9457,0.0,alert
1.0,0.7216,136.3151,0.3735,0.3134,1.0,chase
0.0,0.0224,60.4508,0.0,0.6577,0.0,alert
0.0,0.0668,165.958,0.0,0.2996,1.0,investigate
0.0,0.6718,70.8686,0.1173,0.2464,0.0,patrol
1.0,0.6336,182.9402,0.2156,0.3772,0.0,chase
1.0,0.7189,151.9789,0.3906,0.6116,1.0,chase
1.0,0.7173,38.3486,0.3006,0.4052,1.0,chase
0.0,0.6978,52.9983,0.0111,0.0827,0.0,patrol
0.0,0.3492,222.2344,0.3392,0.545,1.0,investigate
0.0,0.0503,49.9267,0.03,0.2981,0.0,alert
1.0,0.6997,166.8919,0.3588,0.7392,1.0,chase
0.0,0.2437,147.3295,0.5583,0.6875,1.0,investigate
1.0,0.7614,56.7419,0.521,0.3305,1.0,chase
0.0,0.0725,66.0625,0.0604,0.8538,0.0,alert
0.0,0.8016,39.2894,0.0,0.0938,0.0,patrol
1.0,0.5844,136.4605,0.0481,0.5448,1.0,chase
0.0,0.69,59.7648,0.0,0.1423,0.0,patrol
0.0,0.1408,35.5486,0.4761,0.6465,1.0,investigate
0.0,0.6083,73.4874,0.0,0.0937,0.0,patrol
0.0,0.6722,67.7445,0.0327,0.1963,0.0,patrol
0.0,0.0329,32.3742,0.0252,0.5518,0.0,alert
0.0,0.0402,206.3048,0.1248,0.3561,1.0,investigate
0.0,0.133,54.5357,0.076,0.9348,0.0,alert
0.0,0.1475,59.2034,0.0018,0.6223,0.0,alert
1.0,0.7882,92.1279,0.0,0.3037,1.0,chase
1.0,0.4781,94.9433,0.5885,0.9796,1.0,chase
0.0,0.1059,65.8777,0.0034,0.8809,0.0,alert
1.0,0.4779,185.4304,0.4836,0.6494,1.0,investigate
0.0,0.7259,62.6158,0.0651,0.201,0.0,patrol
1.0,0.485,150.1638,0.306,0.528,1.0,investigate
0.0,0.7405,45.3171,0.0237,0.055,0.0,patrol
1.0,0.6279,136.2927,0.1772,0.7827,1.0,chase
1.0,0.6611,166.1023,0.1532,0.7362,1.0,chase
0.0,0.2688,143.5059,0.1507,0.4023,1.0,investigate
0.0,0.0327,35.2829,0.0,0.6741,0.0,alert
0.0,0.7513,47.7262,0.0,0.2093,0.0,patrol
0.0,0.0773,36.3813,0.0281,0.4824,0.0,alert
0.0,0.697,63.6456,0.0,0.1948,0.0,patrol
0.0,0.2926,197.6025,0.1299,0.42,1.0,investigate
0.0,0.2612,118.3854,0.4579,0.6273,1.0,investigate
1.0,0.6884,96.4284,0.2764,0.8206,1.0,chase
0.0,0.0795,39.235,0.0776,0.8848,0.0,alert
0.0,0.1541,56.4187,0.0102,0.4264,0.0,alert
0.0,0.1701,50.0898,0.0258,0.9801,0.0,alert
0.0,0.1208,73.3784,0.0391,0.3851,0.0,alert
0.0,0.4788,167.3185,0.2988,0.2996,1.0,chase
