player_visible,visibility_score,player_distance,noise_level,paranoia_level,has_investigation_target,action
0.0,0.35249499511719,inf,0.0,0.0,0.0,patrol
0.0,0.35419901275635,inf,0.0,0.0,0.0,patrol
0.0,0.35589170837402,inf,0.0,0.0,0.0,patrol
0.0,0.35757297515869,inf,0.0,0.0,0.0,patrol
0.0,0.35924265289307,inf,0.0,0.0,0.0,patrol
0.0,0.36090058135986,inf,0.0,0.0,0.0,patrol
0.0,0.36254676055908,inf,0.0,0.0,0.0,patrol
0.0,0.36418097686768,inf,0.0,0.0,0.0,patrol
0.0,0.36580312347412,inf,0.0,0.0,0.0,patrol
0.0,0.36741314697266,inf,0.0,0.0,0.0,patrol
0.0,0.36901083374023,inf,0.0,0.0,0.0,patrol
0.0,0.37059607696533,inf,0.0,0.0,0.0,patrol
0.0,0.37216882324219,inf,0.0,0.0,0.0,patrol
0.0,0.37372880554199,inf,0.0,0.0,0.0,patrol
0.0,0.37527602386475,inf,0.0,0.0,0.0,patrol
0.0,0.3755057220459,inf,0.0,0.0,0.0,patrol
0.0,0.37571758270264,inf,0.0,0.0,0.0,patrol
0.0,0.37591160583496,inf,0.0,0.0,0.0,patrol
0.0,0.37608773803711,inf,0.0,0.0,0.0,patrol
0.0,0.37624597930908,inf,0.0,0.0,0.0,patrol
0.0,0.37638632965088,inf,0.0,0.0,0.0,patrol
0.0,0.37650873565674,inf,0.0,0.0,0.0,patrol
0.0,0.37661319732666,inf,0.0,0.0,0.0,patrol
0.0,0.37669971466064,inf,0.0,0.0,0.0,patrol
0.0,0.37676828765869,inf,0.0,0.0,0.0,patrol
0.0,0.0,inf,0.0,0.0,0.0,patrol
0.0,0.0,inf,0.04082312583923,0.0,1.0,investigate
0.0,0.0,inf,0.07976653575897,0.0,1.0,investigate
0.0,0.0,inf,0.0,0.0,0.0,patrol
1.0,0.66471053886414,105.879692077637,0.0,0.00082355269432,0.0,chase
1.0,0.66471053886414,105.879692077637,0.0,0.00164710538864,0.0,chase
1.0,0.66471053886414,105.879692077637,0.0,0.00247065808296,0.0,chase
1.0,0.66471053886414,105.879692077637,0.0,0.00329421077728,0.0,chase
1.0,0.66471053886414,105.879692077637,0.0,0.0041177634716,0.0,chase
1.0,0.66471053886414,105.879692077637,0.0,0.00494131616592,0.0,chase
1.0,0.66471053886414,105.879692077637,0.0,0.00576486886024,0.0,chase
1.0,0.66471053886414,105.879692077637,0.0,0.00658842155457,0.0,chase
1.0,0.66471053886414,105.879692077637,0.0,0.00741197424889,0.0,chase
1.0,0.66471053886414,105.879692077637,0.0,0.00823552694321,0.0,chase
1.0,0.66471053886414,105.879692077637,0.0,0.00905907963753,0.0,chase
1.0,0.66471053886414,105.879692077637,0.0,0.00988263233185,0.0,chase
1.0,0.66471053886414,105.879692077637,0.0,0.01070618502617,0.0,chase
1.0,0.66471053886414,105.879692077637,0.0,0.01152973772049,0.0,chase
1.0,0.66471053886414,105.879692077637,0.0,0.01235329041481,0.0,chase
1.0,0.66471053886414,105.879692077637,0.0,0.01317684310913,0.0,chase
1.0,0.66471053886414,105.879692077637,0.0,0.01400039580345,0.0,chase
1.0,0.66908475112915,103.380142211914,0.14615617593129,0.01606378769186,1.0,chase
1.0,0.67345893669128,100.88060760498,0.14615617593129,0.01814905050808,1.0,chase
1.0,0.6778330821991,98.3810958862305,0.14615617593129,0.02025618405183,1.0,chase
1.0,0.68220718765259,95.8816070556641,0.14615617593129,0.02238518812286,1.0,chase
1.0,0.68658122634888,93.3821563720703,0.14615617593129,0.02453606238736,1.0,chase
1.0,0.69095522499084,90.8827285766602,0.14615617593129,0.02670880664508,1.0,chase
1.0,0.69532917022705,88.3833312988281,0.14615617593129,0.02890342062897,1.0,chase
1.0,0.69970304870605,85.8839721679688,0.14615617593129,0.03111990400526,1.0,chase
1.0,0.70407686042786,83.384651184082,0.14615617593129,0.03335825644016,1.0,chase
1.0,0.70845060539246,80.885368347168,0.14615617593129,0.03561847759989,1.0,chase
1.0,0.71282425689697,78.3861389160156,0.14615617593129,0.03790056701713,1.0,chase
1.0,0.71719782829285,75.8869552612305,0.14615617593129,0.04020452429136,1.0,chase
1.0,0.7215712928772,73.3878326416016,0.14615617593129,0.0425303488885,1.0,chase
1.0,0.72594466400146,70.8887634277344,0.14615617593129,0.04487804034127,1.0,chase
1.0,0.73031791496277,68.389762878418,0.14615617593129,0.04724759804885,1.0,chase
1.0,0.73469101905823,65.8908462524414,0.14615617593129,0.0496390212769,1.0,chase
1.0,0.73906398296356,63.3920097351074,0.14615617593129,0.05205230932448,1.0,chase
1.0,0.74343677330017,60.8932723999023,0.14615617593129,0.05448746132374,1.0,chase
1.0,0.74780938339233,58.3946380615234,0.14615617593129,0.05694447637346,1.0,chase
1.0,0.75218177318573,55.8961296081543,0.14615617593129,0.05942335337215,1.0,chase
1.0,0.7565539226532,53.3977584838867,0.14615617593129,0.06192409111818,1.0,chase
1.0,0.76092579174042,50.8995475769043,0.14615617593129,0.06444668820964,1.0,chase
1.0,0.76529734039307,48.4015197753906,0.14615617593129,0.06699114304437,1.0,chase
1.0,0.76966850852966,45.9037094116211,0.14615617593129,0.06955745371977,1.0,chase
1.0,0.77670294857025,41.8840293884277,0.14615617593129,0.07215893659539,1.0,chase
1.0,0.78370731449127,37.881534576416,0.18027003407478,0.0750797234518,1.0,chase
1.0,0.79067095851898,33.9023094177246,0.18027003407478,0.07803532852835,1.0,chase
1.0,0.79541251564026,31.1928482055664,0.18027003407478,0.08101464139051,1.0,chase
1.0,0.7952583565712,31.2809391021729,0.18027003407478,0.08399318345732,1.0,chase
1.0,0.79508574581146,31.3795738220215,0.18027003407478,0.08697086247034,1.0,chase
1.0,0.7949142999649,31.4775428771973,0.18027003407478,0.08994768425412,1.0,chase
1.0,0.79473064422607,31.5824890136719,0.18027003407478,0.0929235877592,1.0,chase
1.0,0.79455375766754,31.6835670471191,0.18027003407478,0.0958986068315,1.0,chase
1.0,0.79436850976944,31.7894229888916,0.18027003407478,0.0988726996643,1.0,chase
1.0,0.79419317531586,31.8896141052246,0.18027003407478,0.10184591582484,1.0,chase
1.0,0.7940124168396,31.9929046630859,0.18027003407478,0.10481822819299,1.0,chase
1.0,0.79384393501282,32.0891799926758,0.18027003407478,0.10778969815201,1.0,chase
1.0,0.79367209529877,32.1873741149902,0.18027003407478,0.11076030891246,1.0,chase
1.0,0.79351337337494,32.2780723571777,0.18027003407478,0.11373012606329,1.0,chase
1.0,0.79404147291183,31.9763011932373,0.18027003407478,0.11670258371181,1.0,chase
1.0,0.79406246805191,31.9643039703369,0.18027003407478,0.11967514633603,1.0,chase
1.0,0.79391261482239,32.049934387207,0.18027003407478,0.12264695969409,1.0,chase
1.0,0.79382391452789,32.1006202697754,0.18027003407478,0.12561832955069,1.0,chase
1.0,0.79368269634247,32.1813163757324,0.18027003407478,0.12858899331636,1.0,chase
1.0,0.79360493087769,32.2257537841797,0.18027003407478,0.1315592682547,1.0,chase
1.0,0.79153127193451,33.410701751709,0.18027003407478,0.13451917489833,1.0,chase
1.0,0.79328530406952,32.4083976745605,0.18027003407478,0.13748785170264,1.0,chase
1.0,0.79319129657745,32.4621162414551,0.18027003407478,0.14045605846948,1.0,chase
1.0,0.79310200881958,32.5131378173828,0.18027003407478,0.14342381879754,1.0,chase
1.0,0.79301741409302,32.5614776611328,0.18027003407478,0.14639115615196,1.0,chase
1.0,0.79293740558624,32.6071968078613,0.18301708499591,0.14938098555485,1.0,chase
1.0,0.79286181640625,32.650390625,0.18301708499591,0.15237043701185,1.0,chase
1.0,0.79279047966003,32.6911544799805,0.18301708499591,0.15535953178512,1.0,chase
1.0,0.79272324848175,32.7295722961426,0.18301708499591,0.15834829040249,1.0,chase
1.0,0.79265990257263,32.7657699584961,0.18301708499591,0.16133673229032,1.0,chase
1.0,0.79260029506683,32.7998313903809,0.18301708499591,0.16432487614062,1.0,chase
1.0,0.79254424571991,32.831859588623,0.18301708499591,0.16731273974419,1.0,chase
1.0,0.79249158763885,32.8619499206543,0.18301708499591,0.17030034005735,1.0,chase
1.0,0.79244212055206,32.8902168273926,0.18301708499591,0.17328769303507,1.0,chase
1.0,0.79239569091797,32.916748046875,0.18301708499591,0.17627481386463,1.0,chase
1.0,0.79235213851929,32.9416351318359,0.18301708499591,0.17926171693219,1.0,chase
1.0,0.79231128311157,32.9649810791016,0.18301708499591,0.18224841572271,1.0,chase
1.0,0.79227301120758,32.9868507385254,0.18301708499591,0.18523492315372,1.0,chase
1.0,0.79223714923859,33.0073432922363,0.18301708499591,0.18822125127488,1.0,chase
1.0,0.79220355701447,33.026538848877,0.18301708499591,0.19120741143491,1.0,chase
1.0,0.79217210769653,33.0445098876953,0.18301708499591,0.19419341434836,1.0,chase
1.0,0.79214266109467,33.061336517334,0.18301708499591,0.1971792700288,1.0,chase
1.0,0.79211512374878,33.0770721435547,0.18301708499591,0.20016498802251,1.0,chase
1.0,0.79208938217163,33.0917816162109,0.18301708499591,0.20315057730834,1.0,chase
1.0,0.7920652961731,33.1055450439453,0.18301708499591,0.20613604616417,1.0,chase
1.0,0.79204277896881,33.1184120178223,0.18301708499591,0.20912140243398,1.0,chase
1.0,0.79202173709869,33.1304359436035,0.18301708499591,0.21210665349444,1.0,chase
1.0,0.79200205039978,33.1416854858398,0.18301708499591,0.2150918061214,1.0,chase
1.0,0.79198365879059,33.1521949768066,0.18301708499591,0.21807686679032,1.0,chase
1.0,0.7919664888382,33.1620063781738,0.18301708499591,0.22106184160948,1.0,chase
1.0,0.79195045375824,33.1711692810059,0.18301708499591,0.22404673625323,1.0,chase
1.0,0.79022042751312,34.1597557067871,0.18301708499591,0.22702298076577,1.0,chase
1.0,0.78822571563721,35.2995910644531,0.18301708499591,0.22998925171892,1.0,chase
1.0,0.7868999376297,36.0571784973145,0.18301708499591,0.23294889378203,1.0,chase
1.0,0.78555810451508,36.8239402770996,0.18301708499591,0.23590182667957,1.0,chase
1.0,0.78420119762421,37.5993156433105,0.18301708499591,0.23884797504266,1.0,chase
1.0,0.78283013153076,38.3827819824219,0.18301708499591,0.24178726807528,1.0,chase
1.0,0.78144574737549,39.1738586425781,0.18301708499591,0.24471963918712,1.0,chase
1.0,0.78004885292053,39.9720840454102,0.18301708499591,0.24764502582669,1.0,chase
1.0,0.77676238250732,41.8500671386719,0.18301708499591,0.25055398011419,1.0,chase
1.0,0.77343186569214,43.7532196044922,0.18301708499591,0.25344628181762,1.0,chase
1.0,0.77006296348572,45.6783065795898,0.18301708499591,0.25632173901002,1.0,chase
1.0,0.76666016864777,47.6227607727051,0.18301708499591,0.25918018222822,1.0,chase
1.0,0.76537084007263,48.3595199584961,0.18301708499591,0.26203217880355,1.0,chase
1.0,0.76406398105621,49.1062965393066,0.18301708499591,0.2648776410838,1.0,chase
1.0,0.76274037265778,49.8626441955566,0.18301708499591,0.26771648532205,1.0,chase
1.0,0.76140076255798,50.6281356811523,0.18301708499591,0.27054863150981,1.0,chase
1.0,0.76056884098053,51.1035194396973,0.18301708499591,0.27337661808968,1.0,chase
1.0,0.75968658447266,51.607666015625,0.18301708499591,0.276200193387,1.0,chase
1.0,0.75875550174713,52.1397132873535,0.18301708499591,0.27901911327071,1.0,chase
1.0,0.75777704143524,52.6988334655762,0.18301708499591,0.28183314085285,1.0,chase
1.0,0.75675270557404,53.2841682434082,0.18301708499591,0.28464204675568,1.0,chase
1.0,0.75560185813904,53.9417953491211,0.18301708499591,0.28744519842135,1.0,chase
1.0,0.75443858718872,54.6065216064453,0.18301708499591,0.29024253373225,1.0,chase
1.0,0.75326334667206,55.2780876159668,0.18301708499591,0.29303399284058,1.0,chase
1.0,0.75207656383514,55.9562492370605,0.18301708499591,0.29581951803472,1.0,chase
1.0,0.75087865924835,56.6407661437988,0.18301708499591,0.29859905370593,1.0,chase
1.0,0.74967002677917,57.331413269043,0.18301708499591,0.30137254621479,1.0,chase
1.0,0.74845104694366,58.0279731750488,0.18301708499591,0.30413994382448,1.0,chase
1.0,0.74722208690643,58.7302360534668,0.18301708499591,0.30690119663397,1.0,chase
1.0,0.74598350715637,59.4379959106445,0.18301708499591,0.30965625654472,1.0,chase
1.0,0.74473564815521,60.1510581970215,0.18301708499591,0.31240507716046,1.0,chase
1.0,0.74347893714905,60.8691787719727,0.18301708499591,0.31514761422117,1.0,chase
1.0,0.74221347427368,61.5923004150391,0.18301708499591,0.31788382396751,1.0,chase
1.0,0.74093966674805,62.3201904296875,0.18301708499591,0.32061366467621,1.0,chase
1.0,0.73965791511536,63.052619934082,0.18301708499591,0.32333709662676,1.0,chase
1.0,0.73836838626862,63.789493560791,0.18301708499591,0.32605408093307,1.0,chase
1.0,0.73707134056091,64.5306625366211,0.18301708499591,0.32876458001084,1.0,chase
1.0,0.73576705169678,65.2759704589844,0.18301708499591,0.33146855764429,1.0,chase
1.0,0.73445575332642,66.0252838134766,0.18301708499591,0.33416597878588,1.0,chase
1.0,0.73514265823364,65.6327667236328,0.18301708499591,0.33686683445202,1.0,chase
1.0,0.73900886154175,63.4235076904297,0.18301708499591,0.33958702113469,1.0,chase
1.0,0.74269821166992,61.3153076171875,0.18301708499591,0.34232565456801,1.0,chase
1.0,0.74623879337311,59.2921180725098,0.18301708499591,0.34508199090984,1.0,chase
1.0,0.74961489200592,57.3629188537598,0.18301708499591,0.34785520774484,1.0,chase
1.0,0.75280934429169,55.5375175476074,0.18301708499591,0.35064439684126,1.0,chase
1.0,0.75580368518829,53.8264656066895,0.18301708499591,0.35344855764217,1.0,chase
1.0,0.75857823467255,52.2410087585449,0.18301708499591,0.3562665911905,1.0,chase
1.0,0.76111241149902,50.7929077148438,0.18301708499591,0.35909729562296,1.0,chase
1.0,0.76338512706757,49.494213104248,0.18301708499591,0.36193936363326,1.0,chase
1.0,0.76623033905029,47.8683776855469,0.18301708499591,0.36479565770348,1.0,chase
1.0,0.76907047080994,46.2454452514648,0.18301708499591,0.36766615243249,1.0,chase
1.0,0.77190496826172,44.625732421875,0.18301708499591,0.37055081964877,1.0,chase
1.0,0.77473317718506,43.0096130371094,0.18301708499591,0.37344962790966,1.0,chase
1.0,0.77755438327789,41.3974952697754,0.18301708499591,0.37636254220101,1.0,chase
1.0,0.78036771202087,39.7898788452148,0.18301708499591,0.37928952313608,1.0,chase
1.0,0.78317219543457,38.1873168945312,0.18301708499591,0.38223052648822,1.0,chase
1.0,0.78596664524078,36.5904884338379,0.18301708499591,0.38518550208939,1.0,chase
1.0,0.78874971294403,35.0001640319824,0.18301708499591,0.38815439302908,1.0,chase
1.0,0.79151974964142,33.4172859191895,0.18301708499591,0.39113713415225,1.0,chase
1.0,0.79354934883118,32.2575149536133,0.18301708499591,0.39413002327137,1.0,chase
1.0,0.79354934883118,32.2575149536133,0.18301708499591,0.3971229123905,1.0,chase
1.0,0.79354934883118,32.2575149536133,0.18301708499591,0.40011580150962,1.0,chase
1.0,0.79354934883118,32.2575149536133,0.18301708499591,0.40310869062874,1.0,chase
1.0,0.79354934883118,32.2575149536133,0.18301708499591,0.40610157974786,1.0,chase
1.0,0.79354934883118,32.2575149536133,0.18301708499591,0.40909446886698,1.0,chase
1.0,0.79354934883118,32.2575149536133,0.18301708499591,0.4120873579861,1.0,chase
1.0,0.79354934883118,32.2575149536133,0.18301708499591,0.41508024710523,1.0,chase
1.0,0.79354934883118,32.2575149536133,0.18301708499591,0.41807313622435,1.0,chase
1.0,0.79354934883118,32.2575149536133,0.18301708499591,0.42106602534347,1.0,chase
1.0,0.79354934883118,32.2575149536133,0.18301708499591,0.42405891446259,1.0,chase
1.0,0.79354934883118,32.2575149536133,0.18301708499591,0.42705180358171,1.0,chase
1.0,0.79354934883118,32.2575149536133,0.18301708499591,0.43004469270084,1.0,chase
1.0,0.79354934883118,32.2575149536133,0.18301708499591,0.43303758181996,1.0,chase
1.0,0.79354934883118,32.2575149536133,0.18301708499591,0.43603047093908,1.0,chase
1.0,0.79354934883118,32.2575149536133,0.18301708499591,0.4390233600582,1.0,chase
1.0,0.79354934883118,32.2575149536133,0.18301708499591,0.44201624917732,1.0,chase
1.0,0.79354934883118,32.2575149536133,0.18301708499591,0.44500913829644,1.0,chase
1.0,0.78933591461182,34.6651916503906,0.18301708499591,0.44798096024447,1.0,chase
1.0,0.78509073066711,37.0910110473633,0.18301708499591,0.45093155627277,1.0,chase
1.0,0.78366398906708,37.9062919616699,0.18301708499591,0.45387501859307,1.0,chase
1.0,0.7822358455658,38.7223739624023,0.18301708499591,0.45681134019587,1.0,chase
1.0,0.78080640029907,39.5391998291016,0.18301708499591,0.45974051457233,1.0,chase
1.0,0.77937572002411,40.3567314147949,0.18301708499591,0.46266253554741,1.0,chase
1.0,0.77794388484955,41.1749229431152,0.18301708499591,0.46557739734663,1.0,chase
1.0,0.77651096153259,41.9937362670898,0.18301708499591,0.46848509452926,1.0,chase
1.0,0.77507701683044,42.8131332397461,0.18301708499591,0.47138562198837,1.0,chase
1.0,0.77364209747314,43.6330871582031,0.18301708499591,0.47427897485071,1.0,chase
1.0,0.77220625686646,44.4535675048828,0.18301708499591,0.47716514851,1.0,chase
1.0,0.77076956176758,45.2745361328125,0.18301708499591,0.48004413869381,1.0,chase
1.0,0.76933204555511,46.0959739685059,0.18301708499591,0.48291594129655,1.0,chase
1.0,0.76789374828339,46.9178581237793,0.18301708499591,0.48578055241293,1.0,chase
1.0,0.76645472335815,47.7401580810547,0.18301708499591,0.48863796840469,1.0,chase
1.0,0.76501499080658,48.5628623962402,0.18301708499591,0.49148818573369,1.0,chase
1.0,0.7635745973587,49.3859443664551,0.18301708499591,0.49433120109545,1.0,chase
1.0,0.76213358306885,50.2093811035156,0.18301708499591,0.49716701138576,1.0,chase
1.0,0.76069196128845,51.0331649780273,0.18301708499591,0.49999561356717,1.0,chase
1.0,0.75924977207184,51.8572731018066,0.18301708499591,0.50281700480249,1.0,chase
1.0,0.75780703544617,52.6816940307617,0.18301708499591,0.50563118235469,1.0,chase
1.0,0.75636989974976,53.5029144287109,0.18301708499591,0.5084381742284,1.0,chase
1.0,0.75493211650848,54.3245048522949,0.18301708499591,0.51123797718591,1.0,chase
1.0,0.75349371242523,55.1464500427246,0.18301708499591,0.514030588123,1.0,chase
1.0,0.75205470085144,55.9687423706055,0.18301708499591,0.51681600400223,1.0,chase
1.0,0.75061513519287,56.7913513183594,0.18301708499591,0.51959422205316,1.0,chase
1.0,0.74917501544952,57.6142768859863,0.18301708499591,0.52236523950537,1.0,chase
1.0,0.74773438167572,58.4374961853027,0.18301708499591,0.52512905378871,1.0,chase
1.0,0.74629325389862,59.2609977722168,0.18301708499591,0.52788566243317,1.0,chase
1.0,0.74485163879395,60.0847778320312,0.18301708499591,0.53063506300211,1.0,chase
1.0,0.7434095697403,60.9088172912598,0.18301708499591,0.53337725322578,1.0,chase
1.0,0.74196705341339,61.7331123352051,0.18301708499591,0.53611223086781,1.0,chase
1.0,0.74277936172485,61.2689361572266,0.18301708499591,0.5388512700514,1.0,chase
1.0,0.74499974632263,60.0001449584961,0.18301708499591,0.54160141115798,1.0,chase
1.0,0.74709136295319,58.8049354553223,0.18301708499591,0.54436201034771,1.0,chase
1.0,0.74904619407654,57.6878890991211,0.18301708499591,0.54713238369306,1.0,chase
1.0,0.75085616874695,56.6536178588867,0.18301708499591,0.54991180691176,1.0,chase
1.0,0.7520374174118,55.9786186218262,0.18301708499591,0.55269713637379,1.0,chase
1.0,0.75294640350342,55.4591979980469,0.18301708499591,0.55548701076627,1.0,chase
1.0,0.75357538318634,55.099781036377,0.18301708499591,0.55828003005717,1.0,chase
1.0,0.75385890769958,54.9377670288086,0.18301708499591,0.56107446697063,1.0,chase
1.0,0.75409321880341,54.8038749694824,0.18301708499591,0.56387007543961,1.0,chase
1.0,0.75427796936035,54.6983032226562,0.18301708499591,0.56666660766138,1.0,chase
1.0,0.75441286563873,54.6212196350098,0.18301708499591,0.56946381436454,1.0,chase
1.0,0.75449770069122,54.5727424621582,0.18301708499591,0.57226144524296,1.0,chase
1.0,0.7545323343277,54.5529518127441,0.18301708499591,0.57505924928957,1.0,chase
1.0,0.75451671981812,54.5618743896484,0.18301708499591,0.57785697526362,1.0,chase
1.0,0.75445088386536,54.599494934082,0.18301708499591,0.58065437205792,1.0,chase
1.0,0.75433491325378,54.6657638549805,0.18301708499591,0.58345118899915,1.0,chase
1.0,0.754169008255,54.7605667114258,0.18301708499591,0.58624717641539,1.0,chase
1.0,0.75395342254639,54.8837585449219,0.18301708499591,0.58904208590309,1.0,chase
1.0,0.75327261924744,55.2727890014648,0.18301708499591,0.59183359137429,1.0,chase
1.0,0.75200114154816,55.9993476867676,0.18301708499591,0.594618739457,1.0,chase
1.0,0.74919506263733,57.6028213500977,0.18301708499591,0.59738985714515,1.0,chase
1.0,0.74626729869843,59.2758293151855,0.18301708499591,0.60014633601361,1.0,chase
1.0,0.74322831058502,61.012393951416,0.18301708499591,0.6028876199415,1.0,chase
1.0,0.74008789825439,62.8069152832031,0.18301708499591,0.60561320180774,1.0,chase
1.0,0.73685494041443,64.6543197631836,0.18301708499591,0.60832261888478,1.0,chase
1.0,0.73353760147095,66.5499420166016,0.18301708499591,0.6110154492671,1.0,chase
1.0,0.73014339828491,68.4894866943359,0.18301708499591,0.61369130863349,1.0,chase
1.0,0.72667895317078,70.4691696166992,0.18301708499591,0.61634984577431,1.0,chase
1.0,0.72315042114258,72.4854736328125,0.18301708499591,0.61899074025499,1.0,chase
1.0,0.71956328964233,74.5352630615234,0.18301708499591,0.62161369907817,1.0,chase
1.0,0.71592257881165,76.6156692504883,0.18301708499591,0.62421845434719,1.0,chase
1.0,0.7122329082489,78.7240524291992,0.18301708499591,0.6268047612634,1.0,chase
1.0,0.70849836349487,80.8580780029297,0.18301708499591,0.62937239545584,1.0,chase
1.0,0.70731573295593,81.5338668823242,0.18301708499591,0.63193411649559,1.0,chase
1.0,0.70612882995605,82.2120971679688,0.18301708499591,0.63448990302033,1.0,chase
1.0,0.70493611907959,82.8936462402344,0.18301708499591,0.6370397259907,1.0,chase
1.0,0.70373777389526,83.5784149169922,0.18301708499591,0.63958355723514,1.0,chase
1.0,0.7025339012146,84.2663421630859,0.18301708499591,0.64212136911618,1.0,chase
1.0,0.70132464790344,84.9573440551758,0.18301708499591,0.64465313473066,1.0,chase
1.0,0.70011010742187,85.6513671875,0.18301708499591,0.64717882764274,1.0,chase
1.0,0.69889046669006,86.3483047485352,0.18301708499591,0.64969842235115,1.0,chase
1.0,0.69766579246521,87.0481185913086,0.18301708499591,0.65221189368845,1.0,chase
1.0,0.69643628501892,87.7506942749023,0.18301708499591,0.65471921748851,1.0,chase
1.0,0.69520197105408,88.4560165405273,0.18301708499591,0.65722036971874,1.0,chase
1.0,0.69396303749084,89.1639785766602,0.18301708499591,0.65971532728116,1.0,chase
1.0,0.69271952438354,89.8745574951172,0.18301708499591,0.66220406727805,1.0,chase
1.0,0.69147161865234,90.587646484375,0.18301708499591,0.66468656774627,1.0,chase
1.0,0.69021933364868,91.3032379150391,0.18301708499591,0.66716280678948,1.0,chase
1.0,0.69301166725159,89.7076187133789,0.18301708499591,0.66965300750071,1.0,chase
1.0,0.69579935455322,88.1146545410156,0.18301708499591,0.67215714664844,1.0,chase
1.0,0.6985822353363,86.5244369506836,0.18301708499591,0.67467520020009,1.0,chase
1.0,0.70129353904724,84.9751205444336,0.18301708499591,0.67720681027029,1.0,chase
1.0,0.703996925354,83.4303283691406,0.18301708499591,0.67975193727202,1.0,chase
1.0,0.70669194030762,81.8903198242188,0.18301708499591,0.68231053934853,1.0,chase
1.0,0.70937811660767,80.3553619384766,0.18301708499591,0.68488257230653,1.0,chase
1.0,0.71205493354797,78.8257522583008,0.18301708499591,0.68746798934924,1.0,chase
1.0,0.71472183036804,77.3018112182617,0.18301708499591,0.69006674087605,1.0,chase
1.0,0.71737820625305,75.7838821411133,0.18301708499591,0.69267877428228,1.0,chase
1.0,0.72002342033386,74.272331237793,0.18301708499591,0.69530403375891,1.0,chase
1.0,0.72265679168701,72.7675476074219,0.18301708499591,0.69794246009231,1.0,chase
1.0,0.72527754592896,71.2699737548828,0.18301708499591,0.70059399019692,1.0,chase
1.0,0.72788486862183,69.7800750732422,0.18301708499591,0.703258556915,1.0,chase
1.0,0.73256031608582,67.1083908081055,0.18301708499591,0.70594650087039,1.0,chase
1.0,0.73717740440369,64.4700546264648,0.18301708499591,0.70865753026738,1.0,chase
1.0,0.74172867012024,61.8693313598633,0.18301708499591,0.71139131599295,1.0,chase
1.0,0.74620545482635,59.3111686706543,0.18301708499591,0.71414748564204,1.0,chase
1.0,0.75059769153595,56.8013191223145,0.18301708499591,0.71692561647469,1.0,chase
1.0,0.75489371109009,54.3464508056641,0.18301708499591,0.71972522740511,1.0,chase
1.0,0.75907978153229,51.9544105529785,0.18301708499591,0.72254576868773,1.0,chase
1.0,0.76314008140564,49.6342391967773,0.18301708499591,0.72538661146973,1.0,chase
1.0,0.76704359531403,47.4036598205566,0.18301708499591,0.72824697182126,1.0,chase
1.0,0.77078704547882,45.2645454406738,0.18301708499591,0.73112604942362,1.0,chase
1.0,0.77434667301178,43.2304725646973,0.18301708499591,0.73402292516365,1.0,chase
1.0,0.77769530773163,41.316967010498,0.18301708499591,0.73693654407727,1.0,chase
1.0,0.78080232810974,39.5415267944336,0.18301708499591,0.73986569809279,1.0,chase
1.0,0.78363378143311,37.9235534667969,0.18301708499591,0.74280900937492,1.0,chase
1.0,0.78615299797058,36.484001159668,0.18301708499591,0.74576491673974,1.0,chase
1.0,0.78832172584534,35.2447280883789,0.18301708499591,0.74873166774393,1.0,chase
1.0,0.79010185337067,34.2275123596191,0.18301708499591,0.75170731938575,1.0,chase
1.0,0.79145796585083,33.4525909423828,0.18301708499591,0.75468975158997,1.0,chase
1.0,0.79019136810303,34.1763610839844,0.18301708499591,0.75766585080545,1.0,chase
1.0,0.79019136810303,34.1763610839844,0.18301708499591,0.76064195002093,1.0,chase
1.0,0.79007652568817,34.2419853210449,0.18301708499591,0.76361747502434,1.0,chase
1.0,0.78986476516724,34.3629913330078,0.18301708499591,0.76659194122514,1.0,chase
1.0,0.78956034564972,34.5369453430176,0.18301708499591,0.76956488532836,1.0,chase
1.0,0.78916669178009,34.761890411377,0.18301708499591,0.77253586116222,1.0,chase
1.0,0.78868653392792,35.0362663269043,0.18301708499591,0.77550443620683,1.0,chase
1.0,0.78812223529816,35.3587226867676,0.18301708499591,0.77847018975828,1.0,chase
1.0,0.78747550487518,35.7282829284668,0.18301708499591,0.78143270965763,1.0,chase
1.0,0.7881172618866,35.3615646362305,0.18301708499591,0.78439843834202,1.0,chase
1.0,0.78862571144104,35.0710220336914,0.18301708499591,0.7873667092742,1.0,chase
1.0,0.78900278282166,34.8555526733398,0.18301708499591,0.79033686556327,1.0,chase
1.0,0.78925228786469,34.7129783630371,0.18301708499591,0.79330826937756,1.0,chase
1.0,0.78937974071503,34.6401481628418,0.18301708499591,0.7962803104561,1.0,chase
1.0,0.78937974071503,34.6401481628418,0.18301708499591,0.79925235153464,1.0,chase
1.0,0.7892824754715,34.695728302002,0.18301708499591,0.80222390628697,1.0,chase
1.0,0.78908153629303,34.8105506896973,0.18301708499591,0.8051944563434,1.0,chase
1.0,0.78878212356567,34.9816436767578,0.18301708499591,0.80816350933619,1.0,chase
1.0,0.78838848304749,35.2065811157227,0.18301708499591,0.81113059412639,1.0,chase
1.0,0.78790425300598,35.483283996582,0.18301708499591,0.81409525776639,1.0,chase
1.0,0.78733257770538,35.8099555969238,0.18301708499591,0.81705706302988,1.0,chase
1.0,0.78667572021484,36.185302734375,0.18301708499591,0.82001558400592,1.0,chase
1.0,0.78735548877716,35.7968635559082,0.18301708499591,0.82297750382477,1.0,chase
1.0,0.78789848518372,35.4865798950195,0.18301708499591,0.82594213862566,1.0,chase
1.0,0.78830575084686,35.2538566589355,0.18301708499591,0.82890880975486,1.0,chase
1.0,0.78858055019379,35.0968284606934,0.18301708499591,0.83187685488079,1.0,chase
1.0,0.78872780323029,35.0126838684082,0.18301708499591,0.83484563627191,1.0,chase
1.0,0.78875391197205,34.9977645874023,0.18301708499591,0.83781454820674,1.0,chase
1.0,0.78866541194916,35.0483360290527,0.18301708499591,0.84078301764145,1.0,chase
1.0,0.7884686050415,35.1607971191406,0.18301708499591,0.84375050304162,1.0,chase
1.0,0.78816925239563,35.3318557739258,0.18301708499591,0.84671649167857,1.0,chase
1.0,0.78777215385437,35.5587692260742,0.18301708499591,0.84968049482281,1.0,chase
1.0,0.78728158187866,35.8390960693359,0.18301708499591,0.85264204510716,1.0,chase
1.0,0.78670118808746,36.1707496643066,0.18301708499591,0.85560069342257,1.0,chase
1.0,0.78603383636475,36.5520935058594,0.18301708499591,0.85855600497936,1.0,chase
1.0,0.78673915290833,36.149055480957,0.18301708499591,0.86151484311887,1.0,chase
1.0,0.78730516719818,35.8256187438965,0.18301708499591,0.86447651132982,1.0,chase
1.0,0.78773199939728,35.581714630127,0.18301708499591,0.86744031370177,1.0,chase
1.0,0.78802279376984,35.4155464172363,0.18301708499591,0.87040557004559,1.0,chase
1.0,0.78818207645416,35.3245277404785,0.18301708499591,0.87337162280283,1.0,chase
1.0,0.78821615600586,35.3050537109375,0.18301708499591,0.87633784595782,1.0,chase
1.0,0.78813178157806,35.3532676696777,0.18301708499591,0.87930364724068,1.0,chase
1.0,0.78793547534943,35.4654426574707,0.18301708499591,0.88226846699239,1.0,chase
1.0,0.78763355255127,35.6379699707031,0.18301708499591,0.88523177713011,1.0,chase
1.0,0.78723104667664,35.8679733276367,0.18301708499591,0.88819307473846,1.0,chase
1.0,0.786732837677,36.1526641845703,0.18301708499591,0.89115188130181,1.0,chase
1.0,0.78614291763306,36.4897613525391,0.18301708499591,0.89410773826495,1.0,chase
1.0,0.78546453762054,36.8774070739746,0.18301708499591,0.89706020332801,1.0,chase
1.0,0.78618946743011,36.4631614685059,0.18301708499591,0.90001629304013,1.0,chase
1.0,0.78677282524109,36.1298141479492,0.18301708499591,0.9029752995413,1.0,chase
1.0,0.78721425056458,35.877571105957,0.18301708499591,0.90593651316909,1.0,chase
1.0,0.78751646709442,35.7048759460449,0.18301708499591,0.90889923787953,1.0,chase
1.0,0.78768382740021,35.6092414855957,0.18301708499591,0.9118627993915,1.0,chase
1.0,0.78772270011902,35.587028503418,0.18301708499591,0.91482655526706,1.0,chase
1.0,0.78763983440399,35.6343803405762,0.18301708499591,0.91778989681404,1.0,chase
1.0,0.78744206619263,35.7473907470703,0.18301708499591,0.92075224951997,1.0,chase
1.0,0.78713598442078,35.9222946166992,0.18301708499591,0.92371307181704,1.0,chase
1.0,0.78672706985474,36.1559600830078,0.18301708499591,0.92667184954128,1.0,chase
1.0,0.78622043609619,36.4454650878906,0.18301708499591,0.92962809409673,1.0,chase
1.0,0.78705536842346,35.9683609008789,0.18301708499591,0.93258851331381,1.0,chase
1.0,0.78858269309998,35.0956039428711,0.18301708499591,0.93555656915428,1.0,chase
1.0,0.78995351886749,34.3122749328613,0.18301708499591,0.93853147912358,1.0,chase
1.0,0.79048144817352,34.0106010437012,0.18301708499591,0.94150902873941,1.0,chase
1.0,0.79096736717224,33.7329330444336,0.18301708499591,0.94448900795024,1.0,chase
1.0,0.79141379928589,33.4778289794922,0.18301708499591,0.94747121932164,1.0,chase
1.0,0.79182301425934,33.2439918518066,0.18301708499591,0.9504554767679,1.0,chase
1.0,0.79219759559631,33.0299453735352,0.18301708499591,0.95344160712085,1.0,chase
1.0,0.79253983974457,32.8343772888184,0.18301708499591,0.95642944869454,1.0,chase
1.0,0.79285200977325,32.6559944152832,0.18301708499591,0.95941885111837,1.0,chase
1.0,0.79313638210297,32.4934959411621,0.18301708499591,0.96240967540385,1.0,chase
1.0,0.79339515972137,32.3456230163574,0.18301708499591,0.96540179357742,1.0,chase
1.0,0.79363025856018,32.2112808227539,0.18301708499591,0.96839508724519,1.0,chase
1.0,0.79384367465973,32.0893287658691,0.18301708499591,0.97138944799345,1.0,chase
1.0,0.7940372004509,31.9787425994873,0.18301708499591,0.97438477637067,1.0,chase
1.0,0.79421255493164,31.8785400390625,0.18301708499591,0.9773809815203,1.0,chase
1.0,0.79437134361267,31.7878036499023,0.18301708499591,0.98037798061333,1.0,chase
1.0,0.79451504182816,31.7056903839111,0.18301708499591,0.98337569819743,1.0,chase
1.0,0.79464506149292,31.6313934326172,0.18301708499591,0.98637406587987,1.0,chase
1.0,0.79488639879227,31.4934864044189,0.18301708499591,0.98937364024879,1.0,chase
1.0,0.79501264333725,31.4213466644287,0.18301708499591,0.99237384584044,1.0,chase
1.0,0.79510378026962,31.3692684173584,0.18301708499591,0.99537450711676,1.0,chase
1.0,0.79517459964752,31.328800201416,0.18301708499591,0.99837552248996,1.0,chase
1.0,0.79525871038437,31.2807369232178,0.18301708499591,1.0,1.0,chase
1.0,0.79531959962845,31.245943069458,0.18301708499591,1.0,1.0,chase
1.0,0.7953890004158,31.2062854766846,0.18301708499591,1.0,1.0,chase
1.0,0.79544779348373,31.1726894378662,0.18301708499591,1.0,1.0,chase
1.0,0.79550028133392,31.1426963806152,0.18301708499591,1.0,1.0,chase
1.0,0.79560402870178,31.0834121704102,0.18381072282791,1.0,1.0,chase
1.0,0.79579776144028,30.9727077484131,0.18381072282791,1.0,1.0,chase
1.0,0.79594932031631,30.8861026763916,0.18381072282791,1.0,1.0,chase
1.0,0.79583706474304,30.9502487182617,0.18381072282791,1.0,1.0,chase
1.0,0.79589845466614,30.915168762207,0.18381072282791,1.0,1.0,chase
1.0,0.79599587011337,30.8595027923584,0.18381072282791,1.0,1.0,chase
1.0,0.79588791704178,30.9211902618408,0.18381072282791,1.0,1.0,chase
1.0,0.79585460186005,30.9402275085449,0.18381072282791,1.0,1.0,chase
1.0,0.79573927545547,31.0061283111572,0.18381072282791,1.0,1.0,chase
1.0,0.7955311999321,31.1250286102295,0.18381072282791,1.0,1.0,chase
1.0,0.79541424798965,31.191858291626,0.18381072282791,1.0,1.0,chase
1.0,0.79525819301605,31.2810325622559,0.18381072282791,1.0,1.0,chase
1.0,0.79505698013306,31.3960113525391,0.18381072282791,1.0,1.0,chase
1.0,0.79527645778656,31.2705955505371,0.18381072282791,1.0,1.0,chase
1.0,0.79543372774124,31.1807270050049,0.18381072282791,1.0,1.0,chase
1.0,0.79554047250748,31.1197299957275,0.18381072282791,1.0,1.0,chase
1.0,0.79560738325119,31.0814952850342,0.18381072282791,1.0,1.0,chase
1.0,0.7956426410675,31.0613479614258,0.18381072282791,1.0,1.0,chase
1.0,0.79565198373795,31.0560092926025,0.18381072282791,1.0,1.0,chase
1.0,0.79563780117035,31.0641136169434,0.18381072282791,1.0,1.0,chase
1.0,0.79559983634949,31.085807800293,0.18381072282791,1.0,1.0,chase
1.0,0.79553567934036,31.1224689483643,0.18381072282791,1.0,1.0,chase
1.0,0.79544093084335,31.1766109466553,0.18381072282791,1.0,1.0,chase
1.0,0.79531062078476,31.2510738372803,0.18381072282791,1.0,1.0,chase
1.0,0.79513922834396,31.3490123748779,0.18381072282791,1.0,1.0,chase
1.0,0.79492067527771,31.4738998413086,0.18381072282791,1.0,1.0,chase
1.0,0.79515736627579,31.3386478424072,0.18381072282791,1.0,1.0,chase
1.0,0.79532912921906,31.2404975891113,0.18381072282791,1.0,1.0,chase
1.0,0.79544710588455,31.1730823516846,0.18381072282791,1.0,1.0,chase
1.0,0.7955218873024,31.130350112915,0.18381072282791,1.0,1.0,chase
1.0,0.79556145429611,31.1077404022217,0.18381072282791,1.0,1.0,chase
1.0,0.79557159805298,31.1019439697266,0.18381072282791,1.0,1.0,chase
1.0,0.79555477523804,31.1115570068359,0.18381072282791,1.0,1.0,chase
1.0,0.79551090908051,31.1366233825684,0.18381072282791,1.0,1.0,chase
1.0,0.79543783998489,31.1783771514893,0.18381072282791,1.0,1.0,chase
1.0,0.79533144235611,31.2391757965088,0.18381072282791,1.0,1.0,chase
1.0,0.79518704319,31.3216896057129,0.18381072282791,1.0,1.0,chase
1.0,0.79499941539764,31.4289054870605,0.18381072282791,1.0,1.0,chase
1.0,0.79500716257095,31.4244785308838,0.18381072282791,1.0,1.0,chase
1.0,0.79541714191437,31.1902046203613,0.18381072282791,1.0,1.0,chase
1.0,0.79591324806213,30.9067153930664,0.18381072282791,1.0,1.0,chase
1.0,0.79583743190765,30.9500389099121,0.18381072282791,1.0,1.0,chase
1.0,0.79571467208862,31.0201873779297,0.18381072282791,1.0,1.0,chase
1.0,0.79601190185547,30.850341796875,0.18381072282791,1.0,1.0,chase
1.0,0.79589562082291,30.9167881011963,0.18381072282791,1.0,1.0,chase
1.0,0.79602795362473,30.8411693572998,0.18381072282791,1.0,1.0,chase
1.0,0.79590072441101,30.9138717651367,0.18381072282791,1.0,1.0,chase
1.0,0.79583042907715,30.9540405273438,0.18381072282791,1.0,1.0,chase
1.0,0.79602446556091,30.8431625366211,0.18381072282791,1.0,1.0,chase
1.0,0.79589974308014,30.9144325256348,0.18381072282791,1.0,1.0,chase
1.0,0.79602705574036,30.841682434082,0.18393662373225,1.0,1.0,chase
1.0,0.79589437246323,30.917501449585,0.18393662373225,1.0,1.0,chase
1.0,0.7957598567009,30.9943675994873,0.18393662373225,1.0,1.0,chase
1.0,0.79599770593643,30.8584537506104,0.18393662373225,1.0,1.0,chase
1.0,0.79585150098801,30.9419994354248,0.18393662373225,1.0,1.0,chase
1.0,0.79594284152985,30.8898048400879,0.18393662373225,1.0,1.0,chase
1.0,0.79577001714706,30.988561630249,0.18393662373225,1.0,1.0,chase
1.0,0.79542676830292,31.1847038269043,0.18393662373225,1.0,1.0,chase
1.0,0.79576218986511,30.993034362793,0.18393662373225,1.0,1.0,chase
1.0,0.79554157400131,31.1191005706787,0.18393662373225,1.0,1.0,chase
1.0,0.79553735494614,31.1215114593506,0.18393662373225,1.0,1.0,chase
1.0,0.79526950502396,31.2745685577393,0.18393662373225,1.0,1.0,chase
1.0,0.79418096542358,31.8965911865234,0.18393662373225,1.0,1.0,chase
1.0,0.79370581436157,32.1681060791016,0.18393662373225,1.0,1.0,chase
1.0,0.79338021278381,32.3541641235352,0.18393662373225,1.0,1.0,chase
1.0,0.79299219989777,32.5758857727051,0.18393662373225,1.0,1.0,chase
1.0,0.79338655471802,32.3505401611328,0.18393662373225,1.0,1.0,chase
1.0,0.79368951892853,32.177417755127,0.18393662373225,1.0,1.0,chase
1.0,0.79390890979767,32.0520515441895,0.18393662373225,1.0,1.0,chase
1.0,0.79405232095718,31.9701023101807,0.18393662373225,1.0,1.0,chase
1.0,0.79412704896927,31.9274005889893,0.18393662373225,1.0,1.0,chase
1.0,0.79413834762573,31.9209442138672,0.18393662373225,1.0,1.0,chase
1.0,0.79408994865417,31.948600769043,0.18393662373225,1.0,1.0,chase
1.0,0.79398379802704,32.0092582702637,0.18393662373225,1.0,1.0,chase
1.0,0.79382030296326,32.1026840209961,0.18393662373225,1.0,1.0,chase
1.0,0.79359843540192,32.2294654846191,0.18393662373225,1.0,1.0,chase
1.0,0.79331651973724,32.3905601501465,0.18393662373225,1.0,1.0,chase
1.0,0.79297246646881,32.5871620178223,0.18393662373225,1.0,1.0,chase
1.0,0.79256374549866,32.8207168579102,0.18393662373225,1.0,1.0,chase
1.0,0.79299036407471,32.5769348144531,0.18393662373225,1.0,1.0,chase
1.0,0.79332095241547,32.3880271911621,0.18393662373225,1.0,1.0,chase
1.0,0.79356279373169,32.2498321533203,0.18393662373225,1.0,1.0,chase
1.0,0.79372315788269,32.1581954956055,0.18393662373225,1.0,1.0,chase
1.0,0.79380926799774,32.1089897155762,0.18393662373225,1.0,1.0,chase
1.0,0.7938265247345,32.0991287231445,0.18393662373225,1.0,1.0,chase
1.0,0.79377908706665,32.1262359619141,0.18393662373225,1.0,1.0,chase
1.0,0.79366935157776,32.1889419555664,0.18393662373225,1.0,1.0,chase
1.0,0.79349830627441,32.2866821289062,0.18393662373225,1.0,1.0,chase
1.0,0.79326535701752,32.4197959899902,0.18393662373225,1.0,1.0,chase
1.0,0.79296950912476,32.5888519287109,0.18393662373225,1.0,1.0,chase
1.0,0.79260921382904,32.794734954834,0.18393662373225,1.0,1.0,chase
1.0,0.79218224143982,33.0387191772461,0.18393662373225,1.0,1.0,chase
1.0,0.79263427448273,32.7804145812988,0.18393662373225,1.0,1.0,chase
1.0,0.79314367866516,32.4893264770508,0.18393662373225,1.0,1.0,chase
1.0,0.79452647066116,31.6991596221924,0.18393662373225,1.0,1.0,chase
1.0,0.79533871221542,31.2350215911865,0.18393662373225,1.0,1.0,chase
1.0,0.79538713788986,31.2073497772217,0.18393662373225,1.0,1.0,chase
1.0,0.79543177843094,31.1818408966064,0.18393662373225,1.0,1.0,chase
1.0,0.79547220993042,31.1587371826172,0.18393662373225,1.0,1.0,chase
1.0,0.79550882959366,31.1378116607666,0.18393662373225,1.0,1.0,chase
1.0,0.79554201126099,31.1188507080078,0.18393662373225,1.0,1.0,chase
1.0,0.79571026277542,31.0227069854736,0.18393662373225,1.0,1.0,chase
1.0,0.79559977626801,31.0858421325684,0.18393662373225,1.0,1.0,chase
1.0,0.79574560403824,31.0025119781494,0.18393662373225,1.0,1.0,chase
1.0,0.79577629899979,30.9849720001221,0.18393662373225,1.0,1.0,chase
1.0,0.79579514789581,30.9742012023926,0.18393662373225,1.0,1.0,chase
1.0,0.79582610654831,30.9565105438232,0.18393662373225,1.0,1.0,chase
1.0,0.79558716583252,31.0930480957031,0.18393662373225,1.0,1.0,chase
1.0,0.79571855068207,31.0179710388184,0.18393662373225,1.0,1.0,chase
1.0,0.79589994335175,30.9143180847168,0.18393662373225,1.0,1.0,chase
1.0,0.79569968175888,31.0287532806396,0.18393662373225,1.0,1.0,chase
1.0,0.79568576955795,31.0367031097412,0.18393662373225,1.0,1.0,chase
1.0,0.7956504817009,31.0568675994873,0.18393662373225,1.0,1.0,chase
1.0,0.79559112787247,31.090784072876,0.18393662373225,1.0,1.0,chase
1.0,0.79550313854218,31.1410636901855,0.18393662373225,1.0,1.0,chase
1.0,0.79538135671616,31.2106533050537,0.18393662373225,1.0,1.0,chase
1.0,0.79522004127502,31.3028335571289,0.18393662373225,1.0,1.0,chase
1.0,0.79501328754425,31.4209785461426,0.18393662373225,1.0,1.0,chase
1.0,0.79523409700394,31.2948017120361,0.18393662373225,1.0,1.0,chase
1.0,0.79539299583435,31.2040023803711,0.18393662373225,1.0,1.0,chase
1.0,0.79550140953064,31.1420516967773,0.18393662373225,1.0,1.0,chase
1.0,0.79556945848465,31.1031665802002,0.18393662373225,1.0,1.0,chase
1.0,0.79560498332977,31.0828666687012,0.18393662373225,1.0,1.0,chase
1.0,0.79561345481873,31.0780258178711,0.18393662373225,1.0,1.0,chase
1.0,0.79559711933136,31.0873603820801,0.18393662373225,1.0,1.0,chase
1.0,0.79555568647385,31.1110363006592,0.18393662373225,1.0,1.0,chase
1.0,0.79548683643341,31.1503791809082,0.18393662373225,1.0,1.0,chase
1.0,0.79538634347916,31.2078037261963,0.18393662373225,1.0,1.0,chase
1.0,0.79524942111969,31.2860450744629,0.18393662373225,1.0,1.0,chase
1.0,0.79507066869736,31.3881893157959,0.18393662373225,1.0,1.0,chase
1.0,0.79484452867508,31.5174121856689,0.18393662373225,1.0,1.0,chase
1.0,0.79508655023575,31.379114151001,0.18393662373225,1.0,1.0,chase
1.0,0.79526317310333,31.2781867980957,0.18393662373225,1.0,1.0,chase
1.0,0.79538542222977,31.2083301544189,0.18393662373225,1.0,1.0,chase
1.0,0.79546321105957,31.1638793945312,0.18393662373225,1.0,1.0,chase
1.0,0.79550429677963,31.14040184021,0.18393662373225,1.0,1.0,chase
1.0,0.79551423025131,31.1347255706787,0.18393662373225,1.0,1.0,chase
1.0,0.79549547147751,31.1454448699951,0.18393662373225,1.0,1.0,chase
1.0,0.79559783697128,31.086950302124,0.18393662373225,1.0,1.0,chase
1.0,0.79597445774078,30.8717384338379,0.18393662373225,1.0,1.0,chase
1.0,0.79580546855927,30.9683036804199,0.18393662373225,1.0,1.0,chase
1.0,0.79548841190338,31.1494789123535,0.18393662373225,1.0,1.0,chase
1.0,0.79580234098434,30.9700908660889,0.18393662373225,1.0,1.0,chase
1.0,0.79558250617981,31.0957107543945,0.18393662373225,1.0,1.0,chase
1.0,0.7955790848732,31.0976657867432,0.18393662373225,1.0,1.0,chase
1.0,0.7953093791008,31.2517833709717,0.18393662373225,1.0,1.0,chase
1.0,0.79464300203323,31.6325702667236,0.18393662373225,1.0,1.0,chase
1.0,0.79507313871384,31.3867778778076,0.18393662373225,1.0,1.0,chase
1.0,0.79472074079514,31.5881481170654,0.18393662373225,1.0,1.0,chase
1.0,0.79456198883057,31.6788635253906,0.18393662373225,1.0,1.0,chase
1.0,0.79414536380768,31.916934967041,0.18393662373225,1.0,1.0,chase
1.0,0.7925214548111,32.8448829650879,0.18393662373225,1.0,1.0,chase
1.0,0.79174816608429,33.2867622375488,0.18393662373225,1.0,1.0,chase
1.0,0.7936135225296,32.2208442687988,0.18393662373225,1.0,1.0,chase
1.0,0.79490593194962,31.4823246002197,0.18393662373225,1.0,1.0,chase
1.0,0.79506124258041,31.393575668335,0.18393662373225,1.0,1.0,chase
1.0,0.79519729375839,31.3158321380615,0.18393662373225,1.0,1.0,chase
0.0,0.0,31.3158321380615,0.18393662373225,0.99903280519777,1.0,investigate
0.0,0.0,31.3158321380615,0.18393662373225,0.99806561039554,1.0,investigate
0.0,0.0,31.3158321380615,0.18393662373225,0.99709841559331,1.0,investigate
0.0,0.0,31.3158321380615,0.18393662373225,0.99613122079108,1.0,investigate
0.0,0.0,31.3158321380615,0.18393662373225,0.99516402598884,1.0,investigate
0.0,0.0,31.3158321380615,0.18393662373225,0.99419683118661,1.0,investigate
0.0,0.0,31.3158321380615,0.18393662373225,0.99322963638438,1.0,investigate
0.0,0.0,31.3158321380615,0.18393662373225,0.99226244158215,1.0,investigate
0.0,0.0,31.3158321380615,0.18393662373225,0.99129524677992,1.0,investigate
0.0,0.0,31.3158321380615,0.18393662373225,0.99032805197769,1.0,investigate
0.0,0.0,31.3158321380615,0.18393662373225,0.98936085717546,1.0,investigate
0.0,0.0,31.3158321380615,0.18393662373225,0.98839366237323,1.0,investigate
0.0,0.0,31.3158321380615,0.18393662373225,0.98742646757099,1.0,investigate
0.0,0.0,31.3158321380615,0.18393662373225,0.98645927276876,1.0,investigate
0.0,0.0,31.3158321380615,0.18393662373225,0.98549207796653,1.0,investigate
0.0,0.0,31.3158321380615,0.18393662373225,0.9845248831643,1.0,investigate
0.0,0.0,31.3158321380615,0.18393662373225,0.98355768836207,1.0,investigate
0.0,0.0,31.3158321380615,0.18393662373225,0.98259049355984,1.0,investigate
0.0,0.0,31.3158321380615,0.0,0.98009049355984,0.0,alert
0.0,0.0,31.3158321380615,0.0,0.97759049355984,0.0,alert
0.0,0.0,31.3158321380615,0.0,0.97509049355984,0.0,alert
0.0,0.0,31.3158321380615,0.0,0.97259049355984,0.0,alert
0.0,0.0,31.3158321380615,0.0,0.97009049355984,0.0,alert
0.0,0.0,31.3158321380615,0.0,0.96759049355984,0.0,alert
0.0,0.0,31.3158321380615,0.0,0.96509049355984,0.0,alert
0.0,0.0,31.3158321380615,0.0,0.96259049355984,0.0,alert
0.0,0.0,31.3158321380615,0.0,0.96009049355984,0.0,alert
0.0,0.0,31.3158321380615,0.0,0.95759049355984,0.0,alert
0.0,0.0,31.3158321380615,0.0,0.95509049355984,0.0,alert
0.0,0.0,31.3158321380615,0.0,0.95259049355984,0.0,alert
0.0,0.0,31.3158321380615,0.0,0.95009049355984,0.0,alert
0.0,0.0,31.3158321380615,0.0,0.94759049355984,0.0,alert
0.0,0.0,31.3158321380615,0.0,0.94509049355984,0.0,alert
0.0,0.0,31.3158321380615,0.0,0.94259049355984,0.0,alert
0.0,0.0,31.3158321380615,0.0,0.94009049355984,0.0,alert
0.0,0.0,31.3158321380615,0.0,0.93759049355984,0.0,alert
0.0,0.0,31.3158321380615,0.0,0.93509049355984,0.0,alert
0.0,0.0,31.3158321380615,0.0,0.93259049355984,0.0,alert
0.0,0.0,31.3158321380615,0.0,0.93009049355984,0.0,alert
0.0,0.0,31.3158321380615,0.0,0.92759049355984,0.0,alert
0.0,0.0,31.3158321380615,0.0,0.92509049355984,0.0,alert
0.0,0.0,31.3158321380615,0.0,0.92259049355984,0.0,alert
0.0,0.0,31.3158321380615,0.0,0.92009049355984,0.0,alert
0.0,0.0,31.3158321380615,0.0,0.91759049355984,0.0,alert
0.0,0.0,31.3158321380615,0.0,0.91509049355984,0.0,alert
0.0,0.0,31.3158321380615,0.0,0.91259049355984,0.0,alert
0.0,0.0,31.3158321380615,0.0,0.91009049355984,0.0,alert
0.0,0.0,31.3158321380615,0.0,0.90759049355984,0.0,alert
0.0,0.0,31.3158321380615,0.0,0.90509049355984,0.0,alert
0.0,0.0,31.3158321380615,0.0,0.90259049355984,0.0,alert
0.0,0.0,31.3158321380615,0.0,0.90009049355984,0.0,alert
0.0,0.0,31.3158321380615,0.0,0.89759049355984,0.0,alert
0.0,0.0,31.3158321380615,0.0,0.89509049355984,0.0,alert
0.0,0.0,31.3158321380615,0.0,0.89259049355984,0.0,alert
0.0,0.0,31.3158321380615,0.0,0.89009049355984,0.0,alert
0.0,0.0,31.3158321380615,0.0,0.88759049355984,0.0,alert
0.0,0.0,31.3158321380615,0.0,0.88509049355984,0.0,alert
0.0,0.0,31.3158321380615,0.0,0.88259049355984,0.0,alert
0.0,0.0,31.3158321380615,0.0,0.88009049355984,0.0,alert
0.0,0.0,31.3158321380615,0.0,0.87759049355984,0.0,alert
0.0,0.0,31.3158321380615,0.0,0.87509049355984,0.0,alert
0.0,0.0,31.3158321380615,0.0,0.87259049355984,0.0,alert
0.0,0.0,31.3158321380615,0.0,0.87009049355984,0.0,alert
0.0,0.0,31.3158321380615,0.0,0.86759049355984,0.0,alert
0.0,0.0,31.3158321380615,0.0,0.86509049355984,0.0,alert
0.0,0.0,31.3158321380615,0.0,0.86259049355984,0.0,alert
0.0,0.0,31.3158321380615,0.0,0.86009049355984,0.0,alert
0.0,0.0,31.3158321380615,0.0,0.85759049355984,0.0,alert
0.0,0.0,31.3158321380615,0.0,0.85509049355984,0.0,alert
0.0,0.0,31.3158321380615,0.0,0.85259049355984,0.0,alert
0.0,0.0,31.3158321380615,0.0,0.85009049355984,0.0,alert
0.0,0.0,31.3158321380615,0.0,0.84759049355984,0.0,alert
0.0,0.0,31.3158321380615,0.0,0.84509049355984,0.0,alert
0.0,0.0,31.3158321380615,0.0,0.84259049355984,0.0,alert
0.0,0.0,31.3158321380615,0.0,0.84009049355984,0.0,alert
0.0,0.0,31.3158321380615,0.0,0.83759049355984,0.0,alert
0.0,0.0,31.3158321380615,0.0,0.83509049355984,0.0,alert
0.0,0.0,31.3158321380615,0.0,0.83259049355984,0.0,alert
0.0,0.0,31.3158321380615,0.0,0.83009049355984,0.0,alert
0.0,0.0,31.3158321380615,0.0,0.82759049355984,0.0,alert
0.0,0.0,31.3158321380615,0.0,0.82509049355984,0.0,alert
0.0,0.0,31.3158321380615,0.0,0.82259049355984,0.0,alert
0.0,0.0,31.3158321380615,0.0,0.82009049355984,0.0,alert
0.0,0.0,31.3158321380615,0.0,0.81759049355984,0.0,alert
0.0,0.0,31.3158321380615,0.0,0.81509049355984,0.0,alert
0.0,0.0,31.3158321380615,0.0,0.81259049355984,0.0,alert
0.0,0.0,31.3158321380615,0.0,0.81009049355984,0.0,alert
0.0,0.0,31.3158321380615,0.0,0.80759049355984,0.0,alert
0.0,0.0,31.3158321380615,0.0,0.80509049355984,0.0,alert
0.0,0.0,31.3158321380615,0.0,0.80259049355984,0.0,alert
0.0,0.0,31.3158321380615,0.0,0.80009049355984,0.0,alert
0.0,0.0,31.3158321380615,0.0,0.79759049355984,0.0,alert
0.0,0.0,31.3158321380615,0.0,0.79509049355984,0.0,alert
0.0,0.0,31.3158321380615,0.0,0.79259049355984,0.0,alert
0.0,0.0,31.3158321380615,0.0,0.79009049355984,0.0,alert
0.0,0.0,31.3158321380615,0.0,0.78759049355984,0.0,alert
0.0,0.0,31.3158321380615,0.0,0.78509049355984,0.0,alert
0.0,0.0,31.3158321380615,0.0,0.78259049355984,0.0,alert
0.0,0.0,31.3158321380615,0.0,0.78009049355984,0.0,alert
0.0,0.0,31.3158321380615,0.0,0.77759049355984,0.0,alert
0.0,0.0,31.3158321380615,0.0,0.77509049355984,0.0,alert
0.0,0.0,31.3158321380615,0.0,0.77259049355984,0.0,alert
0.0,0.0,31.3158321380615,0.0,0.77009049355984,0.0,alert
0.0,0.0,31.3158321380615,0.0,0.76759049355984,0.0,alert
0.0,0.0,31.3158321380615,0.0,0.76509049355984,0.0,alert
0.0,0.0,31.3158321380615,0.0,0.76259049355984,0.0,alert
0.0,0.0,31.3158321380615,0.0,0.76009049355984,0.0,alert
0.0,0.0,31.3158321380615,0.0,0.75759049355984,0.0,alert
0.0,0.0,31.3158321380615,0.0,0.75509049355984,0.0,alert
0.0,0.0,31.3158321380615,0.0,0.75259049355984,0.0,alert
0.0,0.0,31.3158321380615,0.0,0.75009049355984,0.0,alert
0.0,0.0,31.3158321380615,0.0,0.74759049355984,0.0,alert
0.0,0.0,31.3158321380615,0.0,0.74509049355984,0.0,alert
0.0,0.0,31.3158321380615,0.0,0.74259049355984,0.0,alert
0.0,0.0,31.3158321380615,0.0,0.74009049355984,0.0,alert
0.0,0.0,31.3158321380615,0.0,0.73759049355984,0.0,alert
0.0,0.0,31.3158321380615,0.0,0.73509049355984,0.0,alert
0.0,0.0,31.3158321380615,0.0,0.73259049355984,0.0,alert
0.0,0.0,31.3158321380615,0.0,0.73009049355984,0.0,alert
0.0,0.0,31.3158321380615,0.0,0.72759049355984,0.0,alert
0.0,0.0,31.3158321380615,0.0,0.72509049355984,0.0,alert
0.0,0.0,31.3158321380615,0.0,0.72259049355984,0.0,alert
0.0,0.0,31.3158321380615,0.0,0.72009049355984,0.0,alert
0.0,0.0,31.3158321380615,0.0,0.71759049355984,0.0,alert
0.0,0.0,31.3158321380615,0.0,0.71509049355984,0.0,alert
0.0,0.0,31.3158321380615,0.0,0.71259049355984,0.0,alert
0.0,0.0,31.3158321380615,0.0,0.71009049355984,0.0,alert
0.0,0.0,31.3158321380615,0.0,0.70759049355984,0.0,alert
0.0,0.0,31.3158321380615,0.0,0.70509049355984,0.0,alert
0.0,0.0,31.3158321380615,0.0,0.70259049355984,0.0,alert
0.0,0.0,31.3158321380615,0.0,0.70009049355984,0.0,alert
0.0,0.0,31.3158321380615,0.0,0.69759049355984,0.0,alert
0.0,0.0,31.3158321380615,0.0,0.69509049355984,0.0,alert
0.0,0.0,31.3158321380615,0.0,0.69259049355985,0.0,alert
0.0,0.0,31.3158321380615,0.0,0.69009049355985,0.0,alert
0.0,0.0,31.3158321380615,0.0,0.68759049355985,0.0,alert
0.0,0.0,31.3158321380615,0.0,0.68509049355985,0.0,alert
0.0,0.0,31.3158321380615,0.0,0.68259049355985,0.0,alert
0.0,0.0,31.3158321380615,0.0,0.68009049355985,0.0,alert
0.0,0.0,31.3158321380615,0.0,0.67759049355985,0.0,alert
0.0,0.0,31.3158321380615,0.0,0.67509049355985,0.0,alert
0.0,0.0,31.3158321380615,0.0,0.67259049355985,0.0,alert
0.0,0.0,31.3158321380615,0.0,0.67009049355985,0.0,alert
0.0,0.0,31.3158321380615,0.0,0.66759049355985,0.0,alert
0.0,0.0,31.3158321380615,0.0,0.66509049355985,0.0,alert
0.0,0.0,31.3158321380615,0.0,0.66259049355985,0.0,alert
0.0,0.0,31.3158321380615,0.0,0.66009049355985,0.0,alert
0.0,0.0,31.3158321380615,0.0,0.65759049355985,0.0,alert
0.0,0.0,31.3158321380615,0.0,0.65509049355985,0.0,alert
0.0,0.0,31.3158321380615,0.0,0.65259049355985,0.0,alert
0.0,0.0,31.3158321380615,0.0,0.65009049355985,0.0,alert
0.0,0.0,31.3158321380615,0.0,0.64759049355985,0.0,alert
0.0,0.0,31.3158321380615,0.0,0.64509049355985,0.0,alert
0.0,0.0,31.3158321380615,0.0,0.64259049355985,0.0,alert
0.0,0.0,31.3158321380615,0.0,0.64009049355985,0.0,alert
0.0,0.0,31.3158321380615,0.0,0.63759049355985,0.0,alert
0.0,0.0,31.3158321380615,0.0,0.63509049355985,0.0,alert
0.0,0.0,31.3158321380615,0.0,0.63259049355985,0.0,alert
0.0,0.0,31.3158321380615,0.0,0.63009049355985,0.0,alert
0.0,0.0,31.3158321380615,0.0,0.62759049355985,0.0,alert
0.0,0.0,31.3158321380615,0.0,0.62509049355985,0.0,alert
0.0,0.0,31.3158321380615,0.0,0.62259049355985,0.0,alert
0.0,0.0,31.3158321380615,0.0,0.62009049355985,0.0,alert
0.0,0.0,31.3158321380615,0.0,0.61759049355985,0.0,alert
0.0,0.0,31.3158321380615,0.0,0.61509049355985,0.0,alert
0.0,0.0,31.3158321380615,0.0,0.61259049355985,0.0,alert
0.0,0.0,31.3158321380615,0.0,0.61009049355985,0.0,alert
0.0,0.0,31.3158321380615,0.0,0.60759049355985,0.0,alert
0.0,0.0,31.3158321380615,0.0,0.60509049355985,0.0,alert
0.0,0.0,31.3158321380615,0.0,0.60259049355985,0.0,alert
0.0,0.0,31.3158321380615,0.0,0.60009049355985,0.0,alert
0.0,0.0,31.3158321380615,0.0,0.59759049355985,0.0,alert
0.0,0.0,31.3158321380615,0.0,0.59509049355985,0.0,alert
0.0,0.0,31.3158321380615,0.0,0.59259049355985,0.0,alert
0.0,0.0,31.3158321380615,0.0,0.59009049355985,0.0,alert
0.0,0.0,31.3158321380615,0.0,0.58759049355985,0.0,alert
0.0,0.0,31.3158321380615,0.0,0.58509049355985,0.0,alert
0.0,0.0,31.3158321380615,0.0,0.58259049355985,0.0,alert
0.0,0.0,31.3158321380615,0.0,0.58009049355985,0.0,alert
0.0,0.0,31.3158321380615,0.0,0.57759049355985,0.0,alert
0.0,0.0,31.3158321380615,0.0,0.57509049355985,0.0,alert
0.0,0.0,31.3158321380615,0.0,0.57259049355985,0.0,alert
0.0,0.0,31.3158321380615,0.0,0.57009049355985,0.0,alert
0.0,0.0,31.3158321380615,0.0,0.56759049355985,0.0,alert
0.0,0.0,31.3158321380615,0.0,0.56509049355985,0.0,alert
0.0,0.0,31.3158321380615,0.0,0.56259049355985,0.0,alert
0.0,0.0,31.3158321380615,0.0,0.56009049355985,0.0,alert
0.0,0.0,31.3158321380615,0.0,0.55759049355985,0.0,alert
0.0,0.0,31.3158321380615,0.0,0.55509049355985,0.0,alert
0.0,0.0,31.3158321380615,0.0,0.55259049355985,0.0,alert
0.0,0.0,31.3158321380615,0.0,0.55009049355985,0.0,alert
0.0,0.0,31.3158321380615,0.0,0.54759049355985,0.0,alert
0.0,0.0,31.3158321380615,0.0,0.54509049355985,0.0,alert
0.0,0.0,31.3158321380615,0.0,0.54259049355985,0.0,alert
0.0,0.0,31.3158321380615,0.0,0.54009049355985,0.0,alert
0.0,0.0,31.3158321380615,0.0,0.53759049355985,0.0,alert
0.0,0.0,31.3158321380615,0.0,0.53509049355985,0.0,alert
0.0,0.0,31.3158321380615,0.0,0.53259049355985,0.0,alert
0.0,0.0,31.3158321380615,0.0,0.53009049355985,0.0,alert
0.0,0.0,31.3158321380615,0.0,0.52759049355985,0.0,alert
0.0,0.0,31.3158321380615,0.0,0.52509049355985,0.0,alert
0.0,0.0,31.3158321380615,0.0,0.52259049355985,0.0,alert
0.0,0.0,31.3158321380615,0.0,0.52009049355985,0.0,alert
0.0,0.0,31.3158321380615,0.0,0.51759049355985,0.0,alert
0.0,0.0,31.3158321380615,0.0,0.51509049355985,0.0,alert
0.0,0.0,31.3158321380615,0.0,0.51259049355985,0.0,alert
0.0,0.0,31.3158321380615,0.0,0.51009049355985,0.0,alert
0.0,0.0,31.3158321380615,0.0,0.50759049355985,0.0,alert
0.0,0.0,31.3158321380615,0.0,0.50509049355985,0.0,alert
0.0,0.0,31.3158321380615,0.0,0.50259049355985,0.0,alert
0.0,0.0,31.3158321380615,0.0,0.50009049355985,0.0,alert
0.0,0.0,31.3158321380615,0.0,0.49759049355985,0.0,alert
0.0,0.0,31.3158321380615,0.0,0.49509049355985,0.0,alert
0.0,0.0,31.3158321380615,0.0,0.49259049355985,0.0,alert
0.0,0.0,31.3158321380615,0.0,0.49009049355985,0.0,alert
0.0,0.0,31.3158321380615,0.0,0.48759049355985,0.0,alert
0.0,0.0,31.3158321380615,0.0,0.48509049355985,0.0,alert
0.0,0.0,31.3158321380615,0.0,0.48259049355985,0.0,alert
0.0,0.0,31.3158321380615,0.0,0.48009049355985,0.0,alert
0.0,0.0,31.3158321380615,0.0,0.47759049355985,0.0,alert
0.0,0.0,31.3158321380615,0.0,0.47509049355985,0.0,alert
0.0,0.0,31.3158321380615,0.0,0.47259049355985,0.0,alert
0.0,0.0,31.3158321380615,0.0,0.47009049355985,0.0,alert
0.0,0.0,31.3158321380615,0.0,0.46759049355985,0.0,alert
0.0,0.0,31.3158321380615,0.0,0.46509049355985,0.0,alert
0.0,0.0,31.3158321380615,0.0,0.46259049355985,0.0,alert
0.0,0.0,31.3158321380615,0.0,0.46009049355985,0.0,alert
0.0,0.0,31.3158321380615,0.0,0.45759049355985,0.0,alert
0.0,0.0,31.3158321380615,0.0,0.45509049355985,0.0,alert
0.0,0.0,31.3158321380615,0.0,0.45259049355985,0.0,alert
0.0,0.0,31.3158321380615,0.0,0.45009049355985,0.0,alert
0.0,0.0,31.3158321380615,0.0,0.44759049355985,0.0,alert
0.0,0.0,31.3158321380615,0.0,0.44509049355985,0.0,alert
0.0,0.0,31.3158321380615,0.0,0.44259049355985,0.0,alert
0.0,0.0,31.3158321380615,0.0,0.44009049355985,0.0,alert
0.0,0.0,31.3158321380615,0.0,0.43759049355985,0.0,alert
0.0,0.0,31.3158321380615,0.0,0.43509049355985,0.0,alert
0.0,0.0,31.3158321380615,0.0,0.43259049355985,0.0,alert
0.0,0.0,31.3158321380615,0.0,0.43009049355985,0.0,alert
0.0,0.0,31.3158321380615,0.0,0.42759049355985,0.0,alert
0.0,0.0,31.3158321380615,0.0,0.42509049355985,0.0,alert
0.0,0.0,31.3158321380615,0.0,0.42259049355985,0.0,alert
0.0,0.0,31.3158321380615,0.0,0.42009049355985,0.0,alert
0.0,0.0,31.3158321380615,0.0,0.41759049355985,0.0,alert
0.0,0.0,31.3158321380615,0.0,0.41509049355985,0.0,alert
0.0,0.0,31.3158321380615,0.0,0.41259049355985,0.0,alert
0.0,0.0,31.3158321380615,0.0,0.41009049355985,0.0,alert
0.0,0.0,31.3158321380615,0.0,0.40759049355985,0.0,alert
0.0,0.0,31.3158321380615,0.0,0.40509049355985,0.0,alert
0.0,0.0,31.3158321380615,0.0,0.40259049355985,0.0,alert
0.0,0.0,31.3158321380615,0.0,0.40009049355985,0.0,alert
0.0,0.0,31.3158321380615,0.0,0.39759049355985,0.0,alert
0.0,0.0,31.3158321380615,0.0,0.39509049355985,0.0,alert
0.0,0.0,31.3158321380615,0.0,0.39259049355985,0.0,alert
0.0,0.0,31.3158321380615,0.0,0.39009049355985,0.0,alert
0.0,0.0,31.3158321380615,0.0,0.38759049355985,0.0,alert
0.0,0.0,31.3158321380615,0.0,0.38509049355985,0.0,alert
0.0,0.0,31.3158321380615,0.0,0.38259049355985,0.0,alert
0.0,0.0,31.3158321380615,0.0,0.38009049355985,0.0,alert
0.0,0.0,31.3158321380615,0.0,0.37759049355985,0.0,alert
0.0,0.0,31.3158321380615,0.0,0.37509049355985,0.0,alert
0.0,0.0,31.3158321380615,0.0,0.37259049355985,0.0,alert
0.0,0.0,31.3158321380615,0.0,0.37009049355985,0.0,alert
0.0,0.0,31.3158321380615,0.0,0.36759049355985,0.0,alert
0.0,0.0,31.3158321380615,0.0,0.36509049355985,0.0,alert
0.0,0.0,31.3158321380615,0.0,0.36259049355985,0.0,alert
0.0,0.0,31.3158321380615,0.0,0.36009049355985,0.0,alert
0.0,0.0,31.3158321380615,0.0,0.35759049355985,0.0,alert
0.0,0.0,31.3158321380615,0.0,0.35509049355985,0.0,alert
0.0,0.0,31.3158321380615,0.0,0.35259049355985,0.0,alert
0.0,0.0,31.3158321380615,0.0,0.35009049355985,0.0,alert
0.0,0.0,31.3158321380615,0.0,0.34759049355985,0.0,alert
0.0,0.0,31.3158321380615,0.0,0.34509049355985,0.0,alert
0.0,0.0,31.3158321380615,0.0,0.34259049355985,0.0,alert
0.0,0.0,31.3158321380615,0.0,0.34009049355985,0.0,alert
0.0,0.0,31.3158321380615,0.0,0.33759049355985,0.0,alert
0.0,0.0,31.3158321380615,0.0,0.33509049355985,0.0,alert
0.0,0.0,31.3158321380615,0.0,0.33259049355985,0.0,alert
0.0,0.0,31.3158321380615,0.0,0.33009049355985,0.0,alert
0.0,0.0,31.3158321380615,0.0,0.32759049355985,0.0,alert
0.0,0.0,31.3158321380615,0.0,0.32509049355985,0.0,alert
0.0,0.0,31.3158321380615,0.0,0.32259049355985,0.0,alert
0.0,0.0,31.3158321380615,0.0,0.32009049355985,0.0,alert
0.0,0.0,31.3158321380615,0.0,0.31759049355985,0.0,alert
0.0,0.0,31.3158321380615,0.0,0.31509049355985,0.0,alert
0.0,0.0,31.3158321380615,0.0,0.31259049355985,0.0,alert
0.0,0.0,31.3158321380615,0.0,0.31009049355985,0.0,alert
0.0,0.0,31.3158321380615,0.0,0.30759049355985,0.0,alert
0.0,0.0,31.3158321380615,0.0,0.30509049355985,0.0,alert
0.0,0.0,31.3158321380615,0.0,0.30259049355985,0.0,alert
0.0,0.0,31.3158321380615,0.0,0.30009049355985,0.0,alert
0.0,0.0,31.3158321380615,0.0,0.29759049355985,0.0,patrol
0.0,0.0,31.3158321380615,0.0,0.29509049355985,0.0,patrol
0.0,0.0,31.3158321380615,0.0,0.29259049355985,0.0,patrol
0.0,0.0,31.3158321380615,0.0,0.29009049355985,0.0,patrol
0.0,0.0,31.3158321380615,0.0,0.28759049355985,0.0,patrol
0.0,0.0,31.3158321380615,0.0,0.28509049355985,0.0,patrol
0.0,0.0,31.3158321380615,0.0,0.28259049355985,0.0,patrol
0.0,0.0,31.3158321380615,0.0,0.28009049355985,0.0,patrol
0.0,0.0,31.3158321380615,0.0,0.27759049355985,0.0,patrol
0.0,0.0,31.3158321380615,0.0,0.27509049355985,0.0,patrol
0.0,0.0,31.3158321380615,0.0,0.27259049355985,0.0,patrol
0.0,0.0,31.3158321380615,0.0,0.27009049355985,0.0,patrol
0.0,0.0,31.3158321380615,0.0,0.26759049355985,0.0,patrol
0.0,0.0,31.3158321380615,0.0,0.26509049355985,0.0,patrol
0.0,0.0,31.3158321380615,0.0,0.26259049355985,0.0,patrol
0.0,0.0,31.3158321380615,0.0,0.26009049355985,0.0,patrol
0.0,0.0,31.3158321380615,0.0,0.25759049355985,0.0,patrol
0.0,0.0,31.3158321380615,0.0,0.25509049355985,0.0,patrol
0.0,0.0,31.3158321380615,0.0,0.25259049355985,0.0,patrol
0.0,0.0,31.3158321380615,0.0,0.25009049355985,0.0,patrol
0.0,0.0,31.3158321380615,0.0,0.24759049355985,0.0,patrol
0.0,0.0,31.3158321380615,0.0,0.24509049355985,0.0,patrol
0.0,0.0,31.3158321380615,0.0,0.24259049355985,0.0,patrol
0.0,0.0,31.3158321380615,0.0,0.24009049355985,0.0,patrol
0.0,0.0,31.3158321380615,0.0,0.23759049355985,0.0,patrol
0.0,0.0,31.3158321380615,0.0,0.23509049355985,0.0,patrol
0.0,0.0,31.3158321380615,0.0,0.23259049355985,0.0,patrol
0.0,0.0,31.3158321380615,0.0,0.23009049355985,0.0,patrol
0.0,0.0,31.3158321380615,0.0,0.22759049355985,0.0,patrol
0.0,0.0,31.3158321380615,0.0,0.22509049355985,0.0,patrol
0.0,0.0,31.3158321380615,0.0,0.22259049355985,0.0,patrol
0.0,0.0,31.3158321380615,0.0,0.22009049355985,0.0,patrol
0.0,0.0,31.3158321380615,0.0,0.21759049355985,0.0,patrol
0.0,0.0,31.3158321380615,0.0,0.21509049355985,0.0,patrol
0.0,0.0,31.3158321380615,0.0,0.21259049355985,0.0,patrol
0.0,0.0,31.3158321380615,0.0,0.21009049355985,0.0,patrol
0.0,0.0,31.3158321380615,0.0,0.20759049355985,0.0,patrol
0.0,0.0,31.3158321380615,0.0,0.20509049355985,0.0,patrol
0.0,0.0,31.3158321380615,0.0,0.20259049355985,0.0,patrol
0.0,0.0,31.3158321380615,0.0,0.20009049355985,0.0,patrol
0.0,0.0,31.3158321380615,0.0,0.19759049355985,0.0,patrol
0.0,0.0,31.3158321380615,0.0,0.19509049355985,0.0,patrol
0.0,0.0,31.3158321380615,0.0,0.19259049355985,0.0,patrol
0.0,0.0,31.3158321380615,0.0,0.19009049355985,0.0,patrol
0.0,0.0,31.3158321380615,0.0,0.18759049355985,0.0,patrol
0.0,0.0,31.3158321380615,0.0,0.18509049355985,0.0,patrol
0.0,0.0,31.3158321380615,0.0,0.18259049355985,0.0,patrol
0.0,0.0,31.3158321380615,0.0,0.18009049355985,0.0,patrol
0.0,0.0,31.3158321380615,0.0,0.17759049355985,0.0,patrol
0.0,0.0,31.3158321380615,0.0,0.17509049355985,0.0,patrol
0.0,0.0,31.3158321380615,0.0,0.17259049355985,0.0,patrol
0.0,0.0,31.3158321380615,0.0,0.17009049355985,0.0,patrol
0.0,0.0,31.3158321380615,0.0,0.16759049355985,0.0,patrol
0.0,0.0,31.3158321380615,0.0,0.16509049355985,0.0,patrol
0.0,0.0,31.3158321380615,0.0,0.16259049355985,0.0,patrol
0.0,0.0,31.3158321380615,0.0,0.16009049355985,0.0,patrol
0.0,0.0,31.3158321380615,0.0,0.15759049355985,0.0,patrol
0.0,0.0,31.3158321380615,0.0,0.15509049355985,0.0,patrol
0.0,0.0,31.3158321380615,0.0,0.15259049355985,0.0,patrol
0.0,0.0,31.3158321380615,0.0,0.15009049355985,0.0,patrol
0.0,0.0,31.3158321380615,0.0,0.14759049355985,0.0,patrol
0.0,0.0,31.3158321380615,0.0,0.14509049355985,0.0,patrol
0.0,0.0,31.3158321380615,0.0,0.14259049355985,0.0,patrol
0.0,0.0,31.3158321380615,0.0,0.14009049355985,0.0,patrol
0.0,0.0,31.3158321380615,0.0,0.13759049355985,0.0,patrol
0.0,0.0,31.3158321380615,0.0,0.13509049355985,0.0,patrol
0.0,0.0,31.3158321380615,0.0,0.13259049355985,0.0,patrol
0.0,0.0,31.3158321380615,0.0,0.13009049355985,0.0,patrol
0.0,0.0,31.3158321380615,0.0,0.12759049355985,0.0,patrol
0.0,0.0,31.3158321380615,0.0,0.12509049355985,0.0,patrol
0.0,0.0,31.3158321380615,0.0,0.12259049355985,0.0,patrol
0.0,0.0,31.3158321380615,0.0,0.12009049355985,0.0,patrol
0.0,0.0,31.3158321380615,0.0,0.11759049355985,0.0,patrol
0.0,0.0,31.3158321380615,0.0,0.11509049355985,0.0,patrol
0.0,0.0,31.3158321380615,0.0,0.11259049355985,0.0,patrol
0.0,0.0,31.3158321380615,0.0,0.11009049355985,0.0,patrol
0.0,0.0,31.3158321380615,0.0,0.10759049355985,0.0,patrol
0.0,0.0,31.3158321380615,0.0,0.10509049355985,0.0,patrol
0.0,0.0,31.3158321380615,0.0,0.10259049355985,0.0,patrol
0.0,0.0,31.3158321380615,0.0,0.10009049355985,0.0,patrol
0.0,0.0,31.3158321380615,0.0,0.09759049355985,0.0,patrol
0.0,0.0,31.3158321380615,0.0,0.09509049355985,0.0,patrol
0.0,0.0,31.3158321380615,0.0,0.09259049355985,0.0,patrol
0.0,0.0,31.3158321380615,0.0,0.09009049355985,0.0,patrol
0.0,0.0,31.3158321380615,0.0,0.08759049355985,0.0,patrol
0.0,0.0,31.3158321380615,0.0,0.08509049355985,0.0,patrol
0.0,0.0,31.3158321380615,0.0,0.08259049355985,0.0,patrol
0.0,0.0,31.3158321380615,0.0,0.08009049355985,0.0,patrol
0.0,0.0,31.3158321380615,0.0,0.07759049355985,0.0,patrol
0.0,0.0,31.3158321380615,0.0,0.07509049355985,0.0,patrol
0.0,0.0,31.3158321380615,0.0,0.07259049355985,0.0,patrol
0.0,0.0,31.3158321380615,0.0,0.07009049355985,0.0,patrol
0.0,0.0,31.3158321380615,0.0,0.06759049355985,0.0,patrol
0.0,0.0,31.3158321380615,0.0,0.06509049355985,0.0,patrol
0.0,0.0,31.3158321380615,0.0,0.06259049355985,0.0,patrol
0.0,0.0,31.3158321380615,0.0,0.06009049355985,0.0,patrol
0.0,0.0,31.3158321380615,0.0,0.05759049355985,0.0,patrol
0.0,0.0,31.3158321380615,0.0,0.05509049355985,0.0,patrol
0.0,0.0,31.3158321380615,0.0,0.05259049355985,0.0,patrol
0.0,0.0,31.3158321380615,0.0,0.05009049355985,0.0,patrol
0.0,0.0,31.3158321380615,0.0,0.04759049355985,0.0,patrol
0.0,0.0,31.3158321380615,0.0,0.04509049355985,0.0,patrol
0.0,0.0,31.3158321380615,0.0,0.04259049355985,0.0,patrol
0.0,0.0,31.3158321380615,0.0,0.04009049355985,0.0,patrol
0.0,0.0,31.3158321380615,0.0,0.03759049355985,0.0,patrol
0.0,0.0,31.3158321380615,0.0,0.03509049355985,0.0,patrol
0.0,0.0,31.3158321380615,0.0,0.03259049355985,0.0,patrol
0.0,0.0,31.3158321380615,0.0,0.03009049355985,0.0,patrol
0.0,0.0,31.3158321380615,0.0,0.02759049355985,0.0,patrol
0.0,0.0,31.3158321380615,0.0,0.02509049355985,0.0,patrol
0.0,0.0,31.3158321380615,0.0,0.02259049355985,0.0,patrol
0.0,0.0,31.3158321380615,0.0,0.02009049355985,0.0,patrol
0.0,0.0,31.3158321380615,0.0,0.01759049355985,0.0,patrol
0.0,0.0,31.3158321380615,0.0,0.01509049355985,0.0,patrol
0.0,0.0,31.3158321380615,0.0,0.01259049355985,0.0,patrol
0.0,0.0,31.3158321380615,0.0,0.01009049355985,0.0,patrol
0.0,0.0,31.3158321380615,0.0,0.00759049355985,0.0,patrol
0.0,0.0,31.3158321380615,0.0,0.00509049355985,0.0,patrol
0.0,0.0,31.3158321380615,0.0,0.00259049355985,0.0,patrol
0.0,0.0,31.3158321380615,0.0,0.00009049355985,0.0,patrol
0.0,0.0,31.3158321380615,0.0,0.0,0.0,patrol
0.0,0.0,31.3158321380615,0.00498361587524,0.0,1.0,investigate
0.0,0.0,31.3158321380615,0.0,0.0,0.0,patrol
0.0,0.0,31.3158321380615,0.01964449882507,0.0,1.0,investigate
0.0,0.0,31.3158321380615,0.02199187278748,0.0,1.0,investigate
0.0,0.0,31.3158321380615,0.03904849688212,0.0,1.0,investigate
0.0,0.0,31.3158321380615,0.22611259619395,0.0,1.0,investigate
0.0,0.0,31.3158321380615,0.25603915452957,0.0,1.0,investigate
0.0,0.0,31.3158321380615,0.27747416893641,0.0,1.0,investigate
0.0,0.0,31.3158321380615,0.29385463396708,0.0,1.0,investigate
0.0,0.0,31.3158321380615,0.29437561829885,0.0,1.0,investigate
0.0,0.0,31.3158321380615,0.30357515017192,0.0000297929181,1.0,investigate
0.0,0.0,31.3158321380615,0.30357515017192,0.0000595858362,1.0,investigate
0.0,0.0,31.3158321380615,0.30357515017192,0.0000893787543,1.0,investigate
0.0,0.0,31.3158321380615,0.30357515017192,0.0001191716724,1.0,investigate
0.0,0.0,31.3158321380615,0.30357515017192,0.0001489645905,1.0,investigate
0.0,0.0,31.3158321380615,0.30357515017192,0.0001787575086,1.0,investigate
0.0,0.0,31.3158321380615,0.30357515017192,0.0002085504267,1.0,investigate
0.0,0.0,31.3158321380615,0.30357515017192,0.00023834334479,1.0,investigate
0.0,0.0,31.3158321380615,0.30357515017192,0.00026813626289,1.0,investigate
0.0,0.0,31.3158321380615,0.30357515017192,0.00029792918099,1.0,investigate
0.0,0.0,31.3158321380615,0.30357515017192,0.00032772209909,1.0,investigate
0.0,0.0,31.3158321380615,0.30357515017192,0.00035751501719,1.0,investigate
0.0,0.0,31.3158321380615,0.30357515017192,0.00038730793529,1.0,investigate
0.0,0.0,31.3158321380615,0.30357515017192,0.00041710085339,1.0,investigate
0.0,0.0,31.3158321380615,0.30357515017192,0.00044689377149,1.0,investigate
0.0,0.0,31.3158321380615,0.30357515017192,0.00047668668959,1.0,investigate
0.0,0.0,31.3158321380615,0.30357515017192,0.00050647960769,1.0,investigate
0.0,0.0,31.3158321380615,0.30357515017192,0.00053627252579,1.0,investigate
0.0,0.0,31.3158321380615,0.30357515017192,0.00056606544389,1.0,investigate
0.0,0.0,31.3158321380615,0.30357515017192,0.00059585836199,1.0,investigate
0.0,0.0,31.3158321380615,0.30357515017192,0.00062565128009,1.0,investigate
0.0,0.0,31.3158321380615,0.30357515017192,0.00065544419818,1.0,investigate
0.0,0.0,31.3158321380615,0.30357515017192,0.00068523711628,1.0,investigate
0.0,0.0,31.3158321380615,0.30357515017192,0.00071503003438,1.0,investigate
0.0,0.0,31.3158321380615,0.30357515017192,0.00074482295248,1.0,investigate
0.0,0.0,31.3158321380615,0.30357515017192,0.00077461587058,1.0,investigate
0.0,0.0,31.3158321380615,0.30357515017192,0.00080440878868,1.0,investigate
0.0,0.0,31.3158321380615,0.30357515017192,0.00083420170678,1.0,investigate
0.0,0.0,31.3158321380615,0.30357515017192,0.00086399462488,1.0,investigate
0.0,0.0,31.3158321380615,0.30357515017192,0.00089378754298,1.0,investigate
0.0,0.0,31.3158321380615,0.30357515017192,0.00092358046108,1.0,investigate
0.0,0.0,31.3158321380615,0.30357515017192,0.00095337337918,1.0,investigate
0.0,0.0,31.3158321380615,0.30357515017192,0.00098316629728,1.0,investigate
0.0,0.0,31.3158321380615,0.30357515017192,0.00101295921538,1.0,investigate
0.0,0.0,31.3158321380615,0.30357515017192,0.00104275213348,1.0,investigate
0.0,0.0,31.3158321380615,0.30357515017192,0.00107254505157,1.0,investigate
0.0,0.0,31.3158321380615,0.30357515017192,0.00110233796967,1.0,investigate
0.0,0.0,31.3158321380615,0.30357515017192,0.00113213088777,1.0,investigate
0.0,0.0,31.3158321380615,0.30357515017192,0.00116192380587,1.0,investigate
0.0,0.0,31.3158321380615,0.30357515017192,0.00119171672397,1.0,investigate
0.0,0.0,31.3158321380615,0.30357515017192,0.00122150964207,1.0,investigate
0.0,0.0,31.3158321380615,0.30357515017192,0.00125130256017,1.0,investigate
0.0,0.0,31.3158321380615,0.30357515017192,0.00128109547827,1.0,investigate
0.0,0.0,31.3158321380615,0.30357515017192,0.00131088839637,1.0,investigate
0.0,0.0,31.3158321380615,0.30357515017192,0.00134068131447,1.0,investigate
0.0,0.0,31.3158321380615,0.30357515017192,0.00137047423257,1.0,investigate
0.0,0.0,31.3158321380615,0.30357515017192,0.00140026715067,1.0,investigate
0.0,0.0,31.3158321380615,0.30357515017192,0.00143006006877,1.0,investigate
0.0,0.0,31.3158321380615,0.30357515017192,0.00145985298687,1.0,investigate
0.0,0.0,31.3158321380615,0.30357515017192,0.00148964590496,1.0,investigate
0.0,0.0,31.3158321380615,0.30357515017192,0.00151943882306,1.0,investigate
0.0,0.0,31.3158321380615,0.30357515017192,0.00154923174116,1.0,investigate
0.0,0.0,31.3158321380615,0.30357515017192,0.00157902465926,1.0,investigate
0.0,0.0,31.3158321380615,0.30357515017192,0.00160881757736,1.0,investigate
0.0,0.0,31.3158321380615,0.30357515017192,0.00163861049546,1.0,investigate
0.0,0.0,31.3158321380615,0.30357515017192,0.00166840341356,1.0,investigate
0.0,0.0,31.3158321380615,0.30357515017192,0.00169819633166,1.0,investigate
0.0,0.0,31.3158321380615,0.30357515017192,0.00172798924976,1.0,investigate
0.0,0.0,31.3158321380615,0.30357515017192,0.00175778216786,1.0,investigate
0.0,0.0,31.3158321380615,0.30357515017192,0.00178757508596,1.0,investigate
0.0,0.0,31.3158321380615,0.30357515017192,0.00181736800406,1.0,investigate
0.0,0.0,31.3158321380615,0.30357515017192,0.00184716092216,1.0,investigate
0.0,0.0,31.3158321380615,0.30357515017192,0.00187695384026,1.0,investigate
0.0,0.0,31.3158321380615,0.30357515017192,0.00190674675836,1.0,investigate
0.0,0.0,31.3158321380615,0.30357515017192,0.00193653967645,1.0,investigate
0.0,0.0,31.3158321380615,0.30357515017192,0.00196633259455,1.0,investigate
0.0,0.0,31.3158321380615,0.30357515017192,0.00199612551265,1.0,investigate
0.0,0.0,31.3158321380615,0.30357515017192,0.00202591843075,1.0,investigate
0.0,0.0,31.3158321380615,0.30357515017192,0.00205571134885,1.0,investigate
0.0,0.0,31.3158321380615,0.30357515017192,0.00208550426695,1.0,investigate
0.0,0.0,31.3158321380615,0.30357515017192,0.00211529718505,1.0,investigate
0.0,0.0,31.3158321380615,0.30357515017192,0.00214509010315,1.0,investigate
0.0,0.0,31.3158321380615,0.30357515017192,0.00217488302125,1.0,investigate
0.0,0.0,31.3158321380615,0.30357515017192,0.00220467593935,1.0,investigate
0.0,0.0,31.3158321380615,0.30357515017192,0.00223446885745,1.0,investigate
0.0,0.0,31.3158321380615,0.30357515017192,0.00226426177555,1.0,investigate
0.0,0.0,31.3158321380615,0.30357515017192,0.00229405469365,1.0,investigate
0.0,0.0,31.3158321380615,0.30357515017192,0.00232384761175,1.0,investigate
0.0,0.0,31.3158321380615,0.30357515017192,0.00235364052984,1.0,investigate
0.0,0.0,31.3158321380615,0.30357515017192,0.00238343344794,1.0,investigate
0.0,0.0,31.3158321380615,0.30357515017192,0.00241322636604,1.0,investigate
0.0,0.0,31.3158321380615,0.30357515017192,0.00244301928414,1.0,investigate
0.0,0.0,31.3158321380615,0.30357515017192,0.00247281220224,1.0,investigate
0.0,0.0,31.3158321380615,0.30357515017192,0.00250260512034,1.0,investigate
0.0,0.0,31.3158321380615,0.30357515017192,0.00253239803844,1.0,investigate
0.0,0.0,31.3158321380615,0.30357515017192,0.00256219095654,1.0,investigate
0.0,0.0,31.3158321380615,0.30357515017192,0.00259198387464,1.0,investigate
0.0,0.0,31.3158321380615,0.30357515017192,0.00262177679274,1.0,investigate
0.0,0.0,31.3158321380615,0.30357515017192,0.00265156971084,1.0,investigate
0.0,0.0,31.3158321380615,0.3398145755132,0.00298335784011,1.0,investigate
0.0,0.0,31.3158321380615,0.3398145755132,0.00331514596939,1.0,investigate
0.0,0.0,31.3158321380615,0.3398145755132,0.00364693409867,1.0,investigate
0.0,0.0,31.3158321380615,0.3398145755132,0.00397872222794,1.0,investigate
0.0,0.0,31.3158321380615,0.3398145755132,0.00431051035722,1.0,investigate
0.0,0.0,31.3158321380615,0.3398145755132,0.0046422984865,1.0,investigate
0.0,0.0,31.3158321380615,0.3398145755132,0.00497408661577,1.0,investigate
0.0,0.0,31.3158321380615,0.3398145755132,0.00530587474505,1.0,investigate
0.0,0.0,31.3158321380615,0.3398145755132,0.00563766287433,1.0,investigate
0.0,0.0,31.3158321380615,0.3398145755132,0.0059694510036,1.0,investigate
0.0,0.0,31.3158321380615,0.3398145755132,0.00630123913288,1.0,investigate
0.0,0.0,31.3158321380615,0.3398145755132,0.00663302726216,1.0,investigate
0.0,0.0,31.3158321380615,0.3398145755132,0.00696481539143,1.0,investigate
0.0,0.0,31.3158321380615,0.3398145755132,0.00729660352071,1.0,investigate
0.0,0.0,31.3158321380615,0.3398145755132,0.00762839164999,1.0,investigate
0.0,0.0,31.3158321380615,0.3398145755132,0.00796017977926,1.0,investigate
0.0,0.0,31.3158321380615,0.3398145755132,0.00829196790854,1.0,investigate
0.0,0.0,31.3158321380615,0.3398145755132,0.00862375603782,1.0,investigate
0.0,0.0,31.3158321380615,0.3398145755132,0.00895554416709,1.0,investigate
0.0,0.0,31.3158321380615,0.3398145755132,0.00928733229637,1.0,investigate
0.0,0.0,31.3158321380615,0.3398145755132,0.00961912042565,1.0,investigate
0.0,0.0,31.3158321380615,0.3398145755132,0.00995090855492,1.0,investigate
0.0,0.0,31.3158321380615,0.3398145755132,0.0102826966842,1.0,investigate
0.0,0.0,31.3158321380615,0.3398145755132,0.01061448481348,1.0,investigate
0.0,0.0,31.3158321380615,0.3398145755132,0.01094627294275,1.0,investigate
0.0,0.0,31.3158321380615,0.3398145755132,0.01127806107203,1.0,investigate
0.0,0.0,31.3158321380615,0.3398145755132,0.01160984920131,1.0,investigate
0.0,0.0,31.3158321380615,0.3398145755132,0.01194163733059,1.0,investigate
0.0,0.0,31.3158321380615,0.3398145755132,0.01227342545986,1.0,investigate
0.0,0.0,31.3158321380615,0.3398145755132,0.01260521358914,1.0,investigate
0.0,0.0,31.3158321380615,0.3398145755132,0.01293700171842,1.0,investigate
0.0,0.0,31.3158321380615,0.3398145755132,0.01326878984769,1.0,investigate
0.0,0.0,31.3158321380615,0.3398145755132,0.01360057797697,1.0,investigate
0.0,0.0,31.3158321380615,0.3398145755132,0.01393236610625,1.0,investigate
0.0,0.0,31.3158321380615,0.3398145755132,0.01426415423552,1.0,investigate
0.0,0.0,31.3158321380615,0.3398145755132,0.0145959423648,1.0,investigate
0.0,0.0,31.3158321380615,0.3398145755132,0.01492773049408,1.0,investigate
0.0,0.0,31.3158321380615,0.3398145755132,0.01525951862335,1.0,investigate
0.0,0.0,31.3158321380615,0.3398145755132,0.01559130675263,1.0,investigate
0.0,0.0,31.3158321380615,0.3398145755132,0.01592309488191,1.0,investigate
0.0,0.0,31.3158321380615,0.3398145755132,0.01625488301118,1.0,investigate
0.0,0.0,31.3158321380615,0.3398145755132,0.01658667114046,1.0,investigate
0.0,0.0,31.3158321380615,0.3398145755132,0.01691845926974,1.0,investigate
0.0,0.0,31.3158321380615,0.3398145755132,0.01725024739901,1.0,investigate
0.0,0.0,31.3158321380615,0.3398145755132,0.01758203552829,1.0,investigate
0.0,0.0,31.3158321380615,0.3398145755132,0.01791382365757,1.0,investigate
0.0,0.0,31.3158321380615,0.3398145755132,0.01824561178684,1.0,investigate
0.0,0.0,31.3158321380615,0.3398145755132,0.01857739991612,1.0,investigate
0.0,0.0,31.3158321380615,0.3398145755132,0.0189091880454,1.0,investigate
0.0,0.0,31.3158321380615,0.3398145755132,0.01924097617467,1.0,investigate
0.0,0.0,31.3158321380615,0.3398145755132,0.01957276430395,1.0,investigate
0.0,0.0,31.3158321380615,0.3398145755132,0.01990455243323,1.0,investigate
0.0,0.0,31.3158321380615,0.3398145755132,0.0202363405625,1.0,investigate
0.0,0.0,31.3158321380615,0.3398145755132,0.02056812869178,1.0,investigate
0.0,0.0,31.3158321380615,0.3398145755132,0.02089991682106,1.0,investigate
0.0,0.0,31.3158321380615,0.3398145755132,0.02123170495033,1.0,investigate
0.0,0.0,31.3158321380615,0.3398145755132,0.02156349307961,1.0,investigate
0.0,0.0,31.3158321380615,0.3398145755132,0.02189528120889,1.0,investigate
0.0,0.0,31.3158321380615,0.3398145755132,0.02222706933816,1.0,investigate
0.0,0.0,31.3158321380615,0.3398145755132,0.02255885746744,1.0,investigate
0.0,0.0,31.3158321380615,0.3398145755132,0.02289064559672,1.0,investigate
0.0,0.0,31.3158321380615,0.3398145755132,0.02322243372599,1.0,investigate
0.0,0.0,31.3158321380615,0.3398145755132,0.02355422185527,1.0,investigate
0.0,0.0,31.3158321380615,0.3398145755132,0.02388600998455,1.0,investigate
0.0,0.0,31.3158321380615,0.3398145755132,0.02421779811382,1.0,investigate
0.0,0.0,31.3158321380615,0.3398145755132,0.0245495862431,1.0,investigate
1.0,0.76119540977478,93.6026229858398,0.3398145755132,0.02868735142125,1.0,chase
1.0,0.75866624641418,95.0478591918945,0.3398145755132,0.0328124707826,1.0,chase
1.0,0.75719965744019,95.8859100341797,0.3398145755132,0.03693025719908,1.0,chase
1.0,0.75418782615662,97.6069564819336,0.3398145755132,0.04103298445914,1.0,chase
1.0,0.75106688690186,99.3903503417969,0.3398145755132,0.04512010702292,1.0,chase
1.0,0.74784619903564,101.230743408203,0.3398145755132,0.04919112614738,1.0,chase
1.0,0.74453420066833,103.123313903809,0.3398145755132,0.05324558527999,1.0,chase
1.0,0.74113903617859,105.063407897949,0.3398145755132,0.05728306859016,1.0,chase
1.0,0.73766814231873,107.046775817871,0.3398145755132,0.06130319743103,1.0,chase
0.0,0.0,107.046775817871,0.3398145755132,0.06163498556031,1.0,investigate
0.0,0.0,107.046775817871,0.3398145755132,0.06196677368959,1.0,investigate
0.0,0.0,107.046775817871,0.3398145755132,0.06229856181886,1.0,investigate
1.0,0.72162467765808,116.214469909668,0.3398145755132,0.06623847333643,1.0,chase
1.0,0.71718227958679,118.752983093262,0.3398145755132,0.07015617286364,1.0,chase
1.0,0.71274522209167,121.288444519043,0.3398145755132,0.07405168710338,1.0,chase
1.0,0.708313331604,123.820953369141,0.3398145755132,0.07792504189067,1.0,chase
1.0,0.70388647460937,126.3505859375,0.3398145755132,0.081776262393,1.0,chase
1.0,0.69946445083618,128.877456665039,0.3398145755132,0.08560537277646,1.0,chase
1.0,0.69937379455566,128.929260253906,0.3398145755132,0.08943402987851,1.0,chase
1.0,0.69928610229492,128.979370117188,0.3398145755132,0.09326224851926,1.0,chase
1.0,0.69920140075684,129.027770996094,0.3398145755132,0.09709004365232,1.0,chase
1.0,0.70343969535828,126.605888366699,0.3398145755132,0.10093903025839,1.0,chase
1.0,0.70767554664612,124.185401916504,0.3398145755132,0.1048091961209,1.0,chase
1.0,0.71190891456604,121.766334533691,0.3398145755132,0.108700528823,1.0,chase
1.0,0.71613959884644,119.34880065918,0.3398145755132,0.11261301494651,1.0,chase
1.0,0.72036738586426,116.932922363281,0.3398145755132,0.11654664000511,1.0,chase
1.0,0.72459203529358,114.518836975098,0.3398145755132,0.12050138831086,1.0,chase
1.0,0.72881328010559,112.10669708252,0.3398145755132,0.12447724284066,1.0,chase
1.0,0.73303079986572,109.696685791016,0.3398145755132,0.12847418496927,1.0,chase
1.0,0.73724430084229,107.288970947266,0.3398145755132,0.13249219460275,1.0,chase
1.0,0.74145338249207,104.883781433105,0.3398145755132,0.13653124964449,1.0,chase
1.0,0.74565764427185,102.481346130371,0.3398145755132,0.14059132599513,1.0,chase
1.0,0.74985664558411,100.081916809082,0.3398145755132,0.14467239735232,1.0,chase
1.0,0.7540498790741,97.6857833862305,0.3398145755132,0.14877443487697,1.0,chase
1.0,0.75823679733276,95.2932586669922,0.3398145755132,0.15289740699291,1.0,chase
1.0,0.76241681289673,92.9046783447266,0.3398145755132,0.15704127918667,1.0,chase
1.0,0.76658927154541,90.5204162597656,0.3398145755132,0.16120601367368,1.0,chase
1.0,0.7707534122467,88.1409072875977,0.3398145755132,0.16539156886419,1.0,chase
1.0,0.77069646835327,88.1734466552734,0.3398145755132,0.16957683933523,1.0,chase
1.0,0.77064224815369,88.2044296264648,0.3398145755132,0.17376183870527,1.0,chase
1.0,0.77059064483643,88.2339172363281,0.3398145755132,0.17794658005873,1.0,chase
1.0,0.77054152488708,88.2619857788086,0.3398145755132,0.18213107581245,1.0,chase
1.0,0.77049478149414,88.2886962890625,0.3398145755132,0.18631533784919,1.0,chase
1.0,0.76623605918884,90.7222518920898,0.3398145755132,0.19047830627441,1.0,chase
1.0,0.76197325134277,93.1581420898438,0.3398145755132,0.1946199606604,1.0,chase
1.0,0.7577065448761,95.5962600708008,0.3398145755132,0.19874028151406,1.0,chase
1.0,0.75343618011475,98.0364685058594,0.3398145755132,0.20283925054391,1.0,chase
1.0,0.749162317276,100.478675842285,0.3398145755132,0.20691685025957,1.0,chase
1.0,0.74488514328003,102.922775268555,0.3398145755132,0.21097306410525,1.0,chase
1.0,0.74060483169556,105.368667602539,0.3398145755132,0.215007876393,1.0,chase
1.0,0.73632151603699,107.816276550293,0.3398145755132,0.21902127210246,1.0,chase
1.0,0.73203531646729,110.265533447266,0.3398145755132,0.22301323681407,1.0,chase
1.0,0.72774640655518,112.716339111328,0.3398145755132,0.22698375697613,1.0,chase
1.0,0.72345487976074,115.168640136719,0.3398145755132,0.23093281950421,1.0,chase
1.0,0.71916084289551,117.622375488281,0.3398145755132,0.23486041184796,1.0,chase
1.0,0.71673982620239,119.005813598633,0.3398145755132,0.23877589910825,1.0,chase
1.0,0.71425907516479,120.423385620117,0.3398145755132,0.24267898261335,1.0,chase
1.0,0.71172043228149,121.874038696289,0.3398145755132,0.24656937290404,1.0,chase
1.0,0.70912574005127,123.356719970703,0.3398145755132,0.25044678973357,1.0,chase
1.0,0.70970855712891,123.023681640625,0.3398145755132,0.25432712064849,1.0,chase
1.0,0.71020697975159,122.738868713379,0.3398145755132,0.25820994367652,1.0,chase
1.0,0.71045328712463,122.598121643066,0.3398145755132,0.26209399824142,1.0,chase
1.0,0.71045328712463,122.598121643066,0.3398145755132,0.26597805280632,1.0,chase
1.0,0.71045328712463,122.598121643066,0.3398145755132,0.26986210737122,1.0,chase
1.0,0.7135216217041,120.844787597656,0.3398145755132,0.27376150360902,1.0,chase
1.0,0.71660059738159,119.085372924805,0.3398145755132,0.27767629472521,1.0,chase
1.0,0.71967914581299,117.326202392578,0.3398145755132,0.28160647858355,1.0,chase
1.0,0.72275722694397,115.56729888916,0.3398145755132,0.28555205284754,1.0,chase
1.0,0.7258348274231,113.808670043945,0.3398145755132,0.28951301511394,1.0,chase
1.0,0.72891192054749,112.050331115723,0.3398145755132,0.29348936284595,1.0,chase
1.0,0.73198195075989,110.296028137207,0.3398145755132,0.29748106072903,1.0,chase
1.0,0.73505154037476,108.541976928711,0.3398145755132,0.30148810656018,1.0,chase
1.0,0.73812066268921,106.788192749023,0.3398145755132,0.3055104980029,1.0,chase
1.0,0.74118927764893,105.034698486328,0.3398145755132,0.30954823252042,1.0,chase
1.0,0.74553031158447,102.554107666016,0.3398145755132,0.31360767220762,1.0,chase
1.0,0.74986993026733,100.074325561523,0.3398145755132,0.31768880998823,1.0,chase
1.0,0.75420805358887,97.5953979492188,0.3398145755132,0.32179163838545,1.0,chase
1.0,0.75854452133179,95.1174163818359,0.3398145755132,0.32591614912139,1.0,chase
1.0,0.76287919998169,92.6404571533203,0.3398145755132,0.33006233325058,1.0,chase
1.0,0.76287430000305,92.6432571411133,0.3398145755132,0.33420849287987,1.0,chase
1.0,0.7657506275177,90.999641418457,0.3398145755132,0.33836903414673,1.0,chase
1.0,0.76430059432983,91.8282318115234,0.3398145755132,0.34252232524766,1.0,chase
1.0,0.76285040092468,92.6569137573242,0.3398145755132,0.34666836538156,1.0,chase
1.0,0.76140006065369,93.4856796264648,0.3398145755132,0.3508071538141,1.0,chase
1.0,0.75994956016541,94.3145370483398,0.3398145755132,0.35493868974421,1.0,chase
1.0,0.75849891281128,95.1434783935547,0.3398145755132,0.35906297243754,1.0,chase
1.0,0.75704813194275,95.9724960327148,0.3398145755132,0.36318000122653,1.0,chase
1.0,0.75559720420837,96.8015975952148,0.3398145755132,0.36728977537685,1.0,chase
1.0,0.75414614295959,97.6307754516602,0.3398145755132,0.37139229422092,1.0,chase
1.0,0.74980421447754,100.111877441406,0.3398145755132,0.37547310342259,1.0,chase
1.0,0.74546068382263,102.593894958496,0.3398145755132,0.37953219497098,1.0,chase
1.0,0.74546068382263,102.593894958496,0.3398145755132,0.38359128651937,1.0,chase
1.0,0.74546068382263,102.593894958496,0.3398145755132,0.38765037806776,1.0,chase
1.0,0.74853216934204,100.838760375977,0.3398145755132,0.39172482704375,1.0,chase
1.0,0.75160288047791,99.0840682983398,0.3398145755132,0.39581462957541,1.0,chase
1.0,0.75467276382446,97.3298492431641,0.3398145755132,0.39991978152381,1.0,chase
1.0,0.76063016319275,93.9256210327148,0.3398145755132,0.40405472046905,1.0,chase
1.0,0.76658666801453,90.5219039916992,0.3398145755132,0.4082194419384,1.0,chase
1.0,0.77253895378113,87.1205978393555,0.3398145755132,0.41241392483658,1.0,chase
1.0,0.77848649978638,83.7220001220703,0.3398145755132,0.41663814546479,1.0,chase
1.0,0.78442871856689,80.3264465332031,0.3398145755132,0.4208920771869,1.0,chase
1.0,0.79036487579346,76.9343566894531,0.3398145755132,0.42517568969515,1.0,chase
1.0,0.79629417037964,73.5461883544922,0.3398145755132,0.42948894867632,1.0,chase
1.0,0.79983546638489,71.522590637207,0.3398145755132,0.43381991413752,1.0,chase
1.0,0.80065810203552,71.0525131225586,0.3398145755132,0.43815499277698,1.0,chase
1.0,0.80355062484741,69.3996429443359,0.3398145755132,0.44250453403049,1.0,chase
1.0,0.80643652534485,67.7505569458008,0.3398145755132,0.44686850478649,1.0,chase
1.0,0.8093208770752,66.1023559570312,0.3398145755132,0.45124689730114,1.0,chase
1.0,0.81220357322693,64.4551010131836,0.3398145755132,0.45563970329656,1.0,chase
1.0,0.81508447360992,62.8088722229004,0.3398145755132,0.46004691379388,1.0,chase
1.0,0.81796343135834,61.1637535095215,0.3398145755132,0.46446851907995,1.0,chase
1.0,0.82084028625488,59.5198364257812,0.3398145755132,0.4689045086405,1.0,chase
1.0,0.82371485805511,57.8772239685059,0.3398145755132,0.47335487106005,1.0,chase
1.0,0.82658695983887,56.2360229492188,0.3398145755132,0.47781959398852,1.0,chase
1.0,0.82945635795593,54.5963668823242,0.3398145755132,0.48229866390758,1.0,chase
1.0,0.83232279205322,52.9584045410156,0.3398145755132,0.48679206599712,1.0,chase
1.0,0.83518729019165,51.3215484619141,0.3398145755132,0.49129979057736,1.0,chase
1.0,0.83804831695557,49.6866760253906,0.3398145755132,0.49582182029141,1.0,chase
1.0,0.8409055185318,48.0539894104004,0.3398145755132,0.50035813601335,1.0,chase
1.0,0.84375849437714,46.4237174987793,0.3398145755132,0.50490871661451,1.0,chase
1.0,0.84660677719116,44.7961273193359,0.3398145755132,0.50947353862974,1.0,chase
1.0,0.84944983959198,43.1715202331543,0.3398145755132,0.51405257595698,1.0,chase
1.0,0.85228707408905,41.5502433776855,0.3398145755132,0.5186457994567,1.0,chase
1.0,0.85511775302887,39.9327125549316,0.3398145755132,0.52325317635112,1.0,chase
1.0,0.85719894886017,38.7434577941895,0.3398145755132,0.5278709592247,1.0,chase
1.0,0.85895027732849,37.7426986694336,0.3398145755132,0.53249749874062,1.0,chase
1.0,0.8576325302124,38.4956970214844,0.3398145755132,0.53711744952096,1.0,chase
1.0,0.85620007419586,39.3142433166504,0.3398145755132,0.54173023802122,1.0,chase
1.0,0.8529243183136,41.1861038208008,0.3398145755132,0.54632664774206,1.0,chase
1.0,0.84962652587891,43.070556640625,0.3398145755132,0.55090656850073,1.0,chase
1.0,0.84864031505585,43.634105682373,0.3398145755132,0.55548155820529,1.0,chase
1.0,0.84763573265076,44.2081527709961,0.3398145755132,0.56005152499782,1.0,chase
1.0,0.8466134929657,44.7922897338867,0.3398145755132,0.56461638059192,1.0,chase
1.0,0.84557428359985,45.3861236572266,0.3398145755132,0.5691760401392,1.0,chase
1.0,0.84451873874664,45.9892921447754,0.3398145755132,0.57373042196221,1.0,chase
1.0,0.84344751930237,46.6014175415039,0.3398145755132,0.578279447688,1.0,chase
1.0,0.84236121273041,47.2221641540527,0.3398145755132,0.58282304188093,1.0,chase
1.0,0.8412604265213,47.8511848449707,0.3398145755132,0.58736113214281,1.0,chase
1.0,0.84189713001251,47.4873542785645,0.3398145755132,0.59190240592215,1.0,chase
1.0,0.84234653949738,47.2305488586426,0.3398145755132,0.59644592674891,1.0,chase
1.0,0.84260559749603,47.0825157165527,0.3398145755132,0.60099074286567,1.0,chase
1.0,0.84267250823975,47.0442810058594,0.3398145755132,0.60553589353614,1.0,chase
1.0,0.8411199760437,47.9314422607422,0.3398145755132,0.61007328154564,1.0,chase
1.0,0.84112538337708,47.928352355957,0.3398145755132,0.6146106965918,1.0,chase
1.0,0.8411254901886,47.9282913208008,0.3398145755132,0.61914811217202,1.0,chase
1.0,0.8411254901886,47.9282913208008,0.3398145755132,0.62368552775224,1.0,chase
1.0,0.8411254901886,47.9282913208008,0.3398145755132,0.62822294333246,1.0,chase
1.0,0.8411254901886,47.9282913208008,0.3398145755132,0.63276035891268,1.0,chase
1.0,0.8411254901886,47.9282913208008,0.3398145755132,0.6372977744929,1.0,chase
1.0,0.8411254901886,47.9282913208008,0.3398145755132,0.64183519007312,1.0,chase
1.0,0.8411254901886,47.9282913208008,0.3398145755132,0.64637260565334,1.0,chase
1.0,0.8411254901886,47.9282913208008,0.3398145755132,0.65091002123356,1.0,chase
1.0,0.8411254901886,47.9282913208008,0.3398145755132,0.65544743681378,1.0,chase
1.0,0.8411254901886,47.9282913208008,0.3398145755132,0.659984852394,1.0,chase
1.0,0.7661254901886,47.9282913208008,0.58163644870122,0.66616245025078,1.0,chase
1.0,0.7661254901886,47.9282913208008,0.58163644870122,0.67234004810757,1.0,chase
1.0,0.7661254901886,47.9282913208008,0.58163644870122,0.67851764596436,1.0,chase
1.0,0.7661254901886,47.9282913208008,0.58163644870122,0.68469524382114,1.0,chase
1.0,0.7661254901886,47.9282913208008,0.58163644870122,0.69087284167793,1.0,chase
1.0,0.7661254901886,47.9282913208008,0.58163644870122,0.69705043953472,1.0,chase
1.0,0.7661254901886,47.9282913208008,0.58163644870122,0.7032280373915,1.0,chase
1.0,0.7661254901886,47.9282913208008,0.58163644870122,0.70940563524829,1.0,chase
1.0,0.7661254901886,47.9282913208008,0.58163644870122,0.71558323310508,1.0,chase
1.0,0.7661254901886,47.9282913208008,0.58163644870122,0.72176083096186,1.0,chase
1.0,0.7661254901886,47.9282913208008,0.58163644870122,0.72793842881865,1.0,chase
1.0,0.7661254901886,47.9282913208008,0.58163644870122,0.73411602667544,1.0,chase
1.0,0.7661254901886,47.9282913208008,0.58163644870122,0.74029362453222,1.0,chase
1.0,0.7661254901886,47.9282913208008,0.58163644870122,0.74647122238901,1.0,chase
1.0,0.76907213306427,46.2444953918457,0.58163644870122,0.75266355346017,1.0,chase
1.0,0.77179875087738,44.6864280700684,0.58163644870122,0.7588695176204,1.0,chase
1.0,0.77726330184937,41.5638275146484,0.58163644870122,0.7651028045355,1.0,chase
1.0,0.7825858001709,38.5223999023438,0.58163644870122,0.77136270394219,1.0,chase
1.0,0.78440207004547,37.4845314025879,0.58163644870122,0.77763168469826,1.0,chase
1.0,0.78383929347992,37.8061180114746,0.58163644870122,0.78389785157151,1.0,chase
1.0,0.78506384754181,37.106372833252,0.58163644870122,0.79017014121506,1.0,chase
1.0,0.78601005077362,36.5656852722168,0.58163644870122,0.79644716187477,1.0,chase
1.0,0.78666542625427,36.1911849975586,0.58163644870122,0.80272745941189,1.0,chase
1.0,0.78714327430725,35.9181289672852,0.58163644870122,0.80901014618927,1.0,chase
1.0,0.78742414855957,35.7576293945312,0.58163644870122,0.81529423733791,1.0,chase
1.0,0.78750539875031,35.7112007141113,0.58163644870122,0.8215787347375,1.0,chase
1.0,0.78738625717163,35.7792816162109,0.58163644870122,0.8278626364292,1.0,chase
1.0,0.78706784534454,35.9612312316895,0.58163644870122,0.83414494606177,1.0,chase
1.0,0.78655317401886,36.2553291320801,0.58163644870122,0.84042468233771,1.0,chase
1.0,0.78584696292877,36.658878326416,0.58163644870122,0.8467008875582,1.0,chase
1.0,0.78495545387268,37.1683120727539,0.58163644870122,0.8529726352334,1.0,chase
1.0,0.78388613700867,37.7793502807617,0.58163644870122,0.85923903632429,1.0,chase
1.0,0.78264748382568,38.4871520996094,0.58163644870122,0.86549924414926,1.0,chase
1.0,0.77848484516144,40.8658027648926,0.58163644870122,0.87173863878091,1.0,chase
1.0,0.77429825401306,43.2581405639648,0.58163644870122,0.87795710045682,1.0,chase
1.0,0.77009146881104,45.6620178222656,0.58163644870122,0.88415452820672,1.0,chase
1.0,0.76586752700806,48.0756988525391,0.58163644870122,0.8903308362476,1.0,chase
1.0,0.76162888526917,50.4977798461914,0.58163644870122,0.89648595107979,1.0,chase
1.0,0.75737755298614,52.9271125793457,0.58163644870122,0.90261980925057,1.0,chase
1.0,0.75311521911621,55.3627319335938,0.58163644870122,0.90873235575199,1.0,chase
1.0,0.74884325885773,57.8038520812988,0.58163644870122,0.91482354245212,1.0,chase
1.0,0.74456285381317,60.2497978210449,0.58163644870122,0.92089332712703,1.0,chase
1.0,0.74027498531342,62.700008392334,0.58163644870122,0.92694167245944,1.0,chase
1.0,0.73598048782349,65.1540069580078,0.58163644870122,0.9329685453044,1.0,chase
1.0,0.73168010902405,67.6113662719727,0.58163644870122,0.93897391625537,1.0,chase
1.0,0.72737442970276,70.0717544555664,0.58163644870122,0.94495775880973,1.0,chase
1.0,0.72306402397156,72.5348434448242,0.58163644870122,0.95092004933543,1.0,chase
1.0,0.71874934577942,75.000373840332,0.58163644870122,0.95686076647017,1.0,chase
1.0,0.71443079566956,77.4681167602539,0.58163644870122,0.96277989085436,1.0,chase
1.0,0.71010873413086,79.9378662109375,0.58163644870122,0.96867740493086,1.0,chase
1.0,0.7057834815979,82.4094390869141,0.58163644870122,0.97455329274469,1.0,chase
1.0,0.70145531845093,84.8826751708984,0.58163644870122,0.98040753974279,1.0,chase
1.0,0.69712448501587,87.3574371337891,0.58163644870122,0.98624013257371,1.0,chase
1.0,0.69279120826721,89.8335952758789,0.58163644870122,0.99205105902089,1.0,chase
1.0,0.68845568847656,92.31103515625,0.58163644870122,0.99784030786912,1.0,chase
1.0,0.68411808586121,94.789665222168,0.58163644870122,1.0,1.0,chase
1.0,0.67977857398987,97.2693862915039,0.58163644870122,1.0,1.0,chase
1.0,0.67543728637695,99.7501220703125,0.58163644870122,1.0,1.0,chase
1.0,0.67109435653687,102.231796264648,0.58163644870122,1.0,1.0,chase
1.0,0.66674990463257,104.714340209961,0.58163644870122,1.0,1.0,chase
1.0,0.66240403747559,107.197692871094,0.58163644870122,1.0,1.0,chase
1.0,0.65805683517456,109.68180847168,0.58163644870122,1.0,1.0,chase
1.0,0.65370840454102,112.166625976562,0.58163644870122,1.0,1.0,chase
1.0,0.65217728805542,113.041549682617,0.58163644870122,1.0,1.0,chase
1.0,0.65064581108093,113.916679382324,0.58163644870122,1.0,1.0,chase
1.0,0.65346036148071,112.308364868164,0.58163644870122,1.0,1.0,chase
1.0,0.65627188110352,110.701782226562,0.58163644870122,1.0,1.0,chase
1.0,0.65908027648926,109.096984863281,0.58163644870122,1.0,1.0,chase
1.0,0.66188534736633,107.494087219238,0.58163644870122,1.0,1.0,chase
1.0,0.66468700027466,105.893142700195,0.58163644870122,1.0,1.0,chase
1.0,0.66748502159119,104.294273376465,0.58163644870122,1.0,1.0,chase
1.0,0.67027930450439,102.697540283203,0.58163644870122,1.0,1.0,chase
1.0,0.6731420135498,101.061706542969,0.58163644870122,1.0,1.0,chase
1.0,0.67600294685364,99.426887512207,0.58163644870122,1.0,1.0,chase
1.0,0.67814907073975,98.2005310058594,0.58163644870122,1.0,1.0,chase
1.0,0.68085713005066,96.6530685424805,0.58163644870122,1.0,1.0,chase
1.0,0.6836928691864,95.0326461791992,0.58163644870122,1.0,1.0,chase
1.0,0.68652576446533,93.4138488769531,0.58163644870122,1.0,1.0,chase
1.0,0.69241085243225,90.0509414672852,0.58163644870122,1.0,1.0,chase
1.0,0.6995161819458,85.9907531738281,0.58163644870122,1.0,1.0,chase
1.0,0.70660301971436,81.9411315917969,0.58163644870122,1.0,1.0,chase
1.0,0.71086694908142,79.5046005249023,0.58163644870122,1.0,1.0,chase
1.0,0.71512377548218,77.0721282958984,0.58163644870122,1.0,1.0,chase
1.0,0.71937277793884,74.6441268920898,0.58163644870122,1.0,1.0,chase
1.0,0.72361320877075,72.2210235595703,0.58163644870122,1.0,1.0,chase
1.0,0.72784413337708,69.803352355957,0.58163644870122,1.0,1.0,chase
0.0,0.0,69.803352355957,0.58163644870122,1.0,1.0,investigate
0.0,0.0,69.803352355957,0.0,0.9975,0.0,alert
0.0,0.0,69.803352355957,0.0,0.995,0.0,alert
0.0,0.0,69.803352355957,0.0,0.9925,0.0,alert
0.0,0.0,69.803352355957,0.0,0.99,0.0,alert
0.0,0.0,69.803352355957,0.0,0.9875,0.0,alert
0.0,0.0,69.803352355957,0.0,0.985,0.0,alert
0.0,0.0,69.803352355957,0.0,0.9825,0.0,alert
0.0,0.0,69.803352355957,0.0,0.98,0.0,alert
0.0,0.0,69.803352355957,0.0,0.9775,0.0,alert
0.0,0.0,69.803352355957,0.0,0.975,0.0,alert
0.0,0.0,69.803352355957,0.0,0.9725,0.0,alert
0.0,0.0,69.803352355957,0.0,0.97,0.0,alert
0.0,0.0,69.803352355957,0.0,0.9675,0.0,alert
0.0,0.0,69.803352355957,0.0,0.965,0.0,alert
0.0,0.0,69.803352355957,0.0,0.9625,0.0,alert
0.0,0.0,69.803352355957,0.0,0.96,0.0,alert
0.0,0.0,69.803352355957,0.0,0.9575,0.0,alert
0.0,0.0,69.803352355957,0.0,0.955,0.0,alert
0.0,0.0,69.803352355957,0.0,0.9525,0.0,alert
0.0,0.0,69.803352355957,0.0,0.95,0.0,alert
0.0,0.0,69.803352355957,0.0,0.9475,0.0,alert
0.0,0.0,69.803352355957,0.0,0.945,0.0,alert
0.0,0.0,69.803352355957,0.0,0.9425,0.0,alert
0.0,0.0,69.803352355957,0.0,0.94,0.0,alert
0.0,0.0,69.803352355957,0.0,0.9375,0.0,alert
0.0,0.0,69.803352355957,0.0,0.935,0.0,alert
0.0,0.0,69.803352355957,0.0,0.9325,0.0,alert
0.0,0.0,69.803352355957,0.0,0.93,0.0,alert
0.0,0.0,69.803352355957,0.0,0.9275,0.0,alert
0.0,0.0,69.803352355957,0.0,0.925,0.0,alert
0.0,0.0,69.803352355957,0.0,0.9225,0.0,alert
0.0,0.0,69.803352355957,0.0,0.92,0.0,alert
0.0,0.0,69.803352355957,0.0,0.9175,0.0,alert
0.0,0.0,69.803352355957,0.0,0.915,0.0,alert
0.0,0.0,69.803352355957,0.0,0.9125,0.0,alert
0.0,0.0,69.803352355957,0.0,0.91,0.0,alert
0.0,0.0,69.803352355957,0.0,0.9075,0.0,alert
0.0,0.0,69.803352355957,0.0,0.905,0.0,alert
0.0,0.0,69.803352355957,0.0,0.9025,0.0,alert
0.0,0.0,69.803352355957,0.0,0.9,0.0,alert
0.0,0.0,69.803352355957,0.0,0.8975,0.0,alert
0.0,0.0,69.803352355957,0.0,0.895,0.0,alert
0.0,0.0,69.803352355957,0.0,0.8925,0.0,alert
0.0,0.0,69.803352355957,0.0,0.89,0.0,alert
0.0,0.0,69.803352355957,0.0,0.8875,0.0,alert
0.0,0.0,69.803352355957,0.0,0.885,0.0,alert
0.0,0.0,69.803352355957,0.0,0.8825,0.0,alert
0.0,0.0,69.803352355957,0.0,0.88,0.0,alert
0.0,0.0,69.803352355957,0.0,0.8775,0.0,alert
0.0,0.0,69.803352355957,0.0,0.875,0.0,alert
0.0,0.0,69.803352355957,0.0,0.8725,0.0,alert
0.0,0.0,69.803352355957,0.0,0.87,0.0,alert
0.0,0.0,69.803352355957,0.0,0.8675,0.0,alert
0.0,0.0,69.803352355957,0.0,0.865,0.0,alert
0.0,0.0,69.803352355957,0.0,0.8625,0.0,alert
0.0,0.0,69.803352355957,0.0,0.86,0.0,alert
0.0,0.0,69.803352355957,0.0,0.8575,0.0,alert
0.0,0.0,69.803352355957,0.0,0.855,0.0,alert
0.0,0.0,69.803352355957,0.0,0.8525,0.0,alert
0.0,0.0,69.803352355957,0.0,0.85,0.0,alert
0.0,0.0,69.803352355957,0.0,0.8475,0.0,alert
0.0,0.0,69.803352355957,0.0,0.845,0.0,alert
0.0,0.0,69.803352355957,0.0,0.8425,0.0,alert
0.0,0.0,69.803352355957,0.0,0.84,0.0,alert
0.0,0.0,69.803352355957,0.0,0.8375,0.0,alert
0.0,0.0,69.803352355957,0.0,0.835,0.0,alert
0.0,0.0,69.803352355957,0.0,0.8325,0.0,alert
0.0,0.0,69.803352355957,0.0,0.83,0.0,alert
0.0,0.0,69.803352355957,0.0,0.8275,0.0,alert
0.0,0.0,69.803352355957,0.0,0.825,0.0,alert
0.0,0.0,69.803352355957,0.0,0.8225,0.0,alert
1.0,0.72784413337708,69.803352355957,0.0,0.82363922066689,0.0,chase
1.0,0.72784413337708,69.803352355957,0.0,0.82477844133377,0.0,chase
1.0,0.72784413337708,69.803352355957,0.0,0.82591766200066,0.0,chase
1.0,0.72784413337708,69.803352355957,0.0,0.82705688266755,0.0,chase
1.0,0.72784413337708,69.803352355957,0.0,0.82819610333443,0.0,chase
1.0,0.72784413337708,69.803352355957,0.0,0.82933532400132,0.0,chase
1.0,0.72784413337708,69.803352355957,0.0,0.8304745446682,0.0,chase
1.0,0.72361320877075,72.2210235595703,0.16238488356272,0.83294581807508,1.0,chase
1.0,0.71937277793884,74.6441268920898,0.16238488356272,0.8353958893278,1.0,chase
1.0,0.71512377548218,77.0721282958984,0.16238488356272,0.83782471556823,1.0,chase
1.0,0.71086694908142,79.5046005249023,0.16238488356272,0.84023225767666,1.0,chase
1.0,0.70660301971436,81.9411315917969,0.16238488356272,0.84261848013825,1.0,chase
1.0,0.70233257484436,84.3813858032227,0.16238488356272,0.8449833503755,1.0,chase
1.0,0.70087344932556,85.2151718139648,0.16238488356272,0.84734092498515,1.0,chase
1.0,0.69941411018372,86.0490798950195,0.16238488356272,0.84969120289909,1.0,chase
1.0,0.6979545841217,86.8830947875977,0.16238488356272,0.85203418318272,1.0,chase
1.0,0.69774757003784,87.0013885498047,0.16238488356272,0.85437612839593,1.0,chase
1.0,0.69685549354553,87.5111465454102,0.16238488356272,0.85671361322668,1.0,chase
1.0,0.69589906311035,88.0576782226562,0.16238488356272,0.85904631590526,1.0,chase
1.0,0.69488069534302,88.6396026611328,0.16238488356272,0.861373926745,1.0,chase
1.0,0.69380160522461,89.2562255859375,0.16238488356272,0.86369614213414,1.0,chase
1.0,0.69266304779053,89.9068298339844,0.16238488356272,0.86601266473612,1.0,chase
1.0,0.69146629142761,90.590690612793,0.16238488356272,0.86832320355628,1.0,chase
1.0,0.69024889373779,91.2863464355469,0.16238488356272,0.87062765538799,1.0,chase
1.0,0.68897921180725,92.0118789672852,0.16238488356272,0.87292575881005,1.0,chase
1.0,0.68765846061707,92.7665939331055,0.16238488356272,0.87521725847616,1.0,chase
1.0,0.68628789520264,93.5497741699219,0.16238488356272,0.87750190531519,1.0,chase
1.0,0.6848687171936,94.3607330322266,0.16238488356272,0.87977945626418,1.0,chase
1.0,0.68340222167969,95.19873046875,0.16238488356272,0.8820496747356,1.0,chase
1.0,0.68188959693909,96.0630874633789,0.16238488356272,0.88431233008332,1.0,chase
1.0,0.68033211135864,96.9530792236328,0.16238488356272,0.88656719800314,1.0,chase
1.0,0.67873095321655,97.8680267333984,0.16238488356272,0.88881406013224,1.0,chase
1.0,0.67708739089966,98.8072052001953,0.16238488356272,0.89105270444977,1.0,chase
1.0,0.6754025592804,99.7699661254883,0.16238488356272,0.89328292460919,1.0,chase
1.0,0.67367768669128,100.75560760498,0.16238488356272,0.89550452040567,1.0,chase
1.0,0.67387160301208,100.644798278809,0.16238488356272,0.89772708578375,1.0,chase
1.0,0.67390629005432,100.624977111816,0.16238488356272,0.89994982459705,1.0,chase
1.0,0.67378161430359,100.696220397949,0.16238488356272,0.90217194003159,1.0,chase
1.0,0.67349796295166,100.858306884766,0.16238488356272,0.90439263720937,1.0,chase
1.0,0.67305604362488,101.110832214355,0.16238488356272,0.90661112479052,1.0,chase
1.0,0.6724570980072,101.453086853027,0.16238488356272,0.90882661764357,1.0,chase
1.0,0.6717026348114,101.884208679199,0.16238488356272,0.91103833818065,1.0,chase
1.0,0.67079469680786,102.403030395508,0.16238488356272,0.91324551902772,1.0,chase
1.0,0.66975945281982,102.994598388672,0.16238488356272,0.91544752365484,1.0,chase
1.0,0.66857692909241,103.67032623291,0.16238488356272,0.91764361566332,1.0,chase
1.0,0.6672499961853,104.428573608398,0.16238488356272,0.91983307300727,1.0,chase
1.0,0.66578177833557,105.267555236816,0.16238488356272,0.92201518926197,1.0,chase
1.0,0.66417562675476,106.185356140137,0.16238488356272,0.92418927475877,1.0,chase
1.0,0.66243507957458,107.179954528809,0.16238488356272,0.92635465751966,1.0,chase
1.0,0.66056384849548,108.249229431152,0.16238488356272,0.92851068412516,1.0,chase
1.0,0.65856576538086,109.390991210938,0.16238488356272,0.93065672031509,1.0,chase
1.0,0.65644474220276,110.603004455566,0.16238488356272,0.93279215138913,1.0,chase
1.0,0.65420478439331,111.88298034668,0.16238488356272,0.93491638267412,1.0,chase
1.0,0.65184992408752,113.228614807129,0.16238488356272,0.93702883965758,1.0,chase
1.0,0.64938422012329,114.637588500977,0.16238488356272,0.93912896812122,1.0,chase
1.0,0.64681170463562,116.107597351074,0.16238488356272,0.94121623400742,1.0,chase
1.0,0.64413635635376,117.636367797852,0.16238488356272,0.94329012315221,1.0,chase
1.0,0.6413621673584,119.221618652344,0.16238488356272,0.94535014135202,1.0,chase
1.0,0.63849299621582,120.861145019531,0.16238488356272,0.94739581369613,1.0,chase
1.0,0.63553267478943,122.552757263184,0.16238488356272,0.9494266844331,1.0,chase
1.0,0.63248491477966,124.294334411621,0.16238488356272,0.95144231637002,1.0,chase
1.0,0.62935333442688,126.083808898926,0.16238488356272,0.95344229040517,1.0,chase
1.0,0.62812302589417,126.786842346191,0.16238488356272,0.95543611289767,1.0,chase
1.0,0.62687929916382,127.497543334961,0.16238488356272,0.95742371675651,1.0,chase
1.0,0.62562239456177,128.215774536133,0.16238488356272,0.95940503609234,1.0,chase
1.0,0.62478416442871,128.694763183594,0.16238488356272,0.96138216427751,1.0,chase
1.0,0.62869277191162,126.461273193359,0.16238488356272,0.96337883550009,1.0,chase
1.0,0.6324494934082,124.314575195312,0.16238488356272,0.96539429033015,1.0,chase
1.0,0.63615208816528,122.198806762695,0.16238488356272,0.967428258134,1.0,chase
1.0,0.63979772567749,120.115585327148,0.16238488356272,0.96948045412541,1.0,chase
1.0,0.64338342857361,118.066612243652,0.16238488356272,0.9715505786313,1.0,chase
1.0,0.64716980361938,115.902969360352,0.16238488356272,0.97363963501242,1.0,chase
1.0,0.65083534812927,113.808372497559,0.16238488356272,0.97574701911609,1.0,chase
1.0,0.6544859790802,111.722297668457,0.16238488356272,0.97787265637451,1.0,chase
1.0,0.65687108039856,110.359382629395,0.16238488356272,0.98001021913953,1.0,chase
1.0,0.65745684814453,110.024658203125,0.16238488356272,0.98215071074328,1.0,chase
1.0,0.65792305374146,109.758255004883,0.16238488356272,0.98429353337501,1.0,chase
1.0,0.65826996421814,109.560020446777,0.16238488356272,0.98643809055912,1.0,chase
1.0,0.65849808692932,109.429664611816,0.16238488356272,0.98858378835679,1.0,chase
1.0,0.65860806274414,109.366821289062,0.16238488356272,0.99073003603353,1.0,chase
1.0,0.65860070610046,109.371025085449,0.16238488356272,0.99287624692706,1.0,chase
1.0,0.65847703170776,109.441696166992,0.16238488356272,0.99502183944862,1.0,chase
1.0,0.65823816108704,109.578193664551,0.16238488356272,0.99716623761708,1.0,chase
1.0,0.65788542938232,109.779754638672,0.16238488356272,0.99930887212701,1.0,chase
1.0,0.65742029190063,110.045547485352,0.16238488356272,1.0,1.0,chase
1.0,0.65684432411194,110.374671936035,0.16238488356272,1.0,1.0,chase
1.0,0.65902477455139,109.128700256348,0.16238488356272,1.0,1.0,chase
1.0,0.66107085609436,107.959510803223,0.16238488356272,1.0,1.0,chase
1.0,0.66297818946838,106.869606018066,0.16238488356272,1.0,1.0,chase
1.0,0.66474247550964,105.861442565918,0.16238488356272,1.0,1.0,chase
1.0,0.66635957527161,104.937385559082,0.16238488356272,1.0,1.0,chase
1.0,0.66782561683655,104.099647521973,0.16238488356272,1.0,1.0,chase
1.0,0.66913687515259,103.350357055664,0.16238488356272,1.0,1.0,chase
0.0,0.0,103.350357055664,0.16238488356272,0.99885320736302,1.0,investigate
0.0,0.0,103.350357055664,0.16238488356272,0.99770641472605,1.0,investigate
0.0,0.0,103.350357055664,0.16238488356272,0.99655962208907,1.0,investigate
0.0,0.0,103.350357055664,0.16238488356272,0.99541282945209,1.0,investigate
0.0,0.0,103.350357055664,0.16238488356272,0.99426603681511,1.0,investigate
0.0,0.0,103.350357055664,0.16238488356272,0.99311924417814,1.0,investigate
0.0,0.0,103.350357055664,0.16238488356272,0.99197245154116,1.0,investigate
0.0,0.0,103.350357055664,0.16238488356272,0.99082565890418,1.0,investigate
0.0,0.0,103.350357055664,0.16238488356272,0.9896788662672,1.0,investigate
0.0,0.0,103.350357055664,0.16238488356272,0.98853207363023,1.0,investigate
0.0,0.0,103.350357055664,0.16238488356272,0.98738528099325,1.0,investigate
0.0,0.0,103.350357055664,0.16238488356272,0.98623848835627,1.0,investigate
0.0,0.0,103.350357055664,0.16238488356272,0.9850916957193,1.0,investigate
0.0,0.0,103.350357055664,0.16238488356272,0.98394490308232,1.0,investigate
0.0,0.0,103.350357055664,0.16238488356272,0.98279811044534,1.0,investigate
0.0,0.0,103.350357055664,0.16238488356272,0.98165131780836,1.0,investigate
0.0,0.0,103.350357055664,0.16238488356272,0.98050452517139,1.0,investigate
0.0,0.0,103.350357055664,0.16238488356272,0.97935773253441,1.0,investigate
0.0,0.0,103.350357055664,0.16238488356272,0.97821093989743,1.0,investigate
1.0,0.6608980884552,108.058235168457,0.16238488356272,0.98036863770273,1.0,chase
1.0,0.65905765914917,109.109909057617,0.16238488356272,0.9825171333615,1.0,chase
1.0,0.65709083175659,110.233810424805,0.16238488356272,0.98465579488331,1.0,chase
1.0,0.65500142478943,111.427757263184,0.16238488356272,0.98678400937028,1.0,chase
1.0,0.65279335021973,112.689514160156,0.16238488356272,0.9889011834844,1.0,chase
1.0,0.65047053337097,114.01683807373,0.16238488356272,0.99100674351427,1.0,chase
1.0,0.64803693962097,115.40746307373,0.16238488356272,0.9931001355754,1.0,chase
1.0,0.64549652099609,116.859130859375,0.16238488356272,0.9951808255434,1.0,chase
1.0,0.64285320281982,118.369598388672,0.16238488356272,0.99724829892053,1.0,chase
1.0,0.64011088371277,119.936637878418,0.16238488356272,0.99930206070211,1.0,chase
1.0,0.63727339553833,121.558059692383,0.16238488356272,1.0,1.0,chase
1.0,0.63435268783569,123.227035522461,0.16238488356272,1.0,1.0,chase
1.0,0.63134436798096,124.946075439453,0.16238488356272,1.0,1.0,chase
1.0,0.62825200080872,126.71314239502,0.16238488356272,1.0,1.0,chase
1.0,0.62507904434204,128.526260375977,0.16238488356272,1.0,1.0,chase
1.0,0.62182887649536,130.383499145508,0.16238488356272,1.0,1.0,chase
1.0,0.61850482177734,132.282958984375,0.16238488356272,1.0,1.0,chase
1.0,0.61510984420776,134.222946166992,0.16238488356272,1.0,1.0,chase
1.0,0.61365589904785,135.053771972656,0.16238488356272,1.0,1.0,chase
1.0,0.61531585693359,134.105224609375,0.16238488356272,1.0,1.0,chase
1.0,0.61675965499878,133.280197143555,0.16238488356272,1.0,1.0,chase
1.0,0.61798310089111,132.581085205078,0.16238488356272,1.0,1.0,chase
1.0,0.61898285675049,132.009796142578,0.16238488356272,1.0,1.0,chase
1.0,0.61975582504272,131.568099975586,0.16238488356272,1.0,1.0,chase
1.0,0.62029989624023,131.257202148438,0.16238488356272,1.0,1.0,chase
1.0,0.62331227493286,129.535842895508,0.16238488356272,1.0,1.0,chase
1.0,0.62626971244812,127.845878601074,0.16238488356272,1.0,1.0,chase
1.0,0.6291699924469,126.188575744629,0.16238488356272,1.0,1.0,chase
1.0,0.63201084518433,124.565231323242,0.16238488356272,1.0,1.0,chase
1.0,0.63478993415833,122.977180480957,0.16238488356272,1.0,1.0,chase
1.0,0.63750480270386,121.425827026367,0.16238488356272,1.0,1.0,chase
1.0,0.64015298080444,119.912582397461,0.16238488356272,1.0,1.0,chase
1.0,0.64273190498352,118.438911437988,0.16238488356272,1.0,1.0,chase
1.0,0.64523895835876,117.006309509277,0.16238488356272,1.0,1.0,chase
1.0,0.64767148399353,115.61629486084,0.16238488356272,1.0,1.0,chase
1.0,0.65004203224182,114.261695861816,0.16238488356272,1.0,1.0,chase
1.0,0.65231193733215,112.96460723877,0.16238488356272,1.0,1.0,chase
1.0,0.65447768783569,111.727035522461,0.16238488356272,1.0,1.0,chase
1.0,0.65653579902649,110.550971984863,0.16238488356272,1.0,1.0,chase
1.0,0.65848278617859,109.438407897949,0.16238488356272,1.0,1.0,chase
0.0,0.0,109.438407897949,0.16238488356272,0.99885320736302,1.0,investigate
0.0,0.0,109.438407897949,0.16238488356272,0.99770641472605,1.0,investigate
0.0,0.0,109.438407897949,0.16238488356272,0.99655962208907,1.0,investigate
0.0,0.0,109.438407897949,0.16238488356272,0.99541282945209,1.0,investigate
0.0,0.0,109.438407897949,0.16238488356272,0.99426603681511,1.0,investigate
0.0,0.0,109.438407897949,0.16238488356272,0.99311924417814,1.0,investigate
0.0,0.0,109.438407897949,0.16238488356272,0.99197245154116,1.0,investigate
0.0,0.0,109.438407897949,0.16238488356272,0.99082565890418,1.0,investigate
0.0,0.0,109.438407897949,0.16238488356272,0.9896788662672,1.0,investigate
0.0,0.0,109.438407897949,0.16238488356272,0.98853207363023,1.0,investigate
0.0,0.0,109.438407897949,0.16238488356272,0.98738528099325,1.0,investigate
0.0,0.0,109.438407897949,0.16238488356272,0.98623848835627,1.0,investigate
0.0,0.0,109.438407897949,0.16238488356272,0.9850916957193,1.0,investigate
0.0,0.0,109.438407897949,0.16238488356272,0.98394490308232,1.0,investigate
0.0,0.0,109.438407897949,0.16238488356272,0.98279811044534,1.0,investigate
0.0,0.0,109.438407897949,0.16238488356272,0.98165131780836,1.0,investigate
0.0,0.0,109.438407897949,0.16238488356272,0.98050452517139,1.0,investigate
0.0,0.0,109.438407897949,0.16238488356272,0.97935773253441,1.0,investigate
0.0,0.0,109.438407897949,0.16238488356272,0.97821093989743,1.0,investigate
0.0,0.0,109.438407897949,0.16238488356272,0.97706414726045,1.0,investigate
0.0,0.0,109.438407897949,0.16238488356272,0.97591735462348,1.0,investigate
0.0,0.0,109.438407897949,0.16238488356272,0.9747705619865,1.0,investigate
0.0,0.0,109.438407897949,0.16238488356272,0.97362376934952,1.0,investigate
0.0,0.0,109.438407897949,0.16238488356272,0.97247697671255,1.0,investigate
0.0,0.0,109.438407897949,0.16238488356272,0.97133018407557,1.0,investigate
0.0,0.0,109.438407897949,0.16238488356272,0.97018339143859,1.0,investigate
0.0,0.0,109.438407897949,0.16238488356272,0.96903659880161,1.0,investigate
0.0,0.0,109.438407897949,0.16238488356272,0.96788980616464,1.0,investigate
0.0,0.0,109.438407897949,0.16238488356272,0.96674301352766,1.0,investigate
0.0,0.0,109.438407897949,0.16238488356272,0.96559622089068,1.0,investigate
0.0,0.0,109.438407897949,0.16238488356272,0.96444942825371,1.0,investigate
0.0,0.0,109.438407897949,0.16238488356272,0.96330263561673,1.0,investigate
0.0,0.0,109.438407897949,0.16238488356272,0.96215584297975,1.0,investigate
0.0,0.0,109.438407897949,0.16238488356272,0.96100905034277,1.0,investigate
0.0,0.0,109.438407897949,0.16238488356272,0.9598622577058,1.0,investigate
0.0,0.0,109.438407897949,0.16238488356272,0.95871546506882,1.0,investigate
0.0,0.0,109.438407897949,0.16238488356272,0.95756867243184,1.0,investigate
0.0,0.0,109.438407897949,0.16238488356272,0.95642187979486,1.0,investigate
0.0,0.0,109.438407897949,0.16238488356272,0.95527508715789,1.0,investigate
0.0,0.0,109.438407897949,0.16238488356272,0.95412829452091,1.0,investigate
0.0,0.0,109.438407897949,0.16238488356272,0.95298150188393,1.0,investigate
0.0,0.0,109.438407897949,0.16238488356272,0.95183470924696,1.0,investigate
0.0,0.0,109.438407897949,0.16238488356272,0.95068791660998,1.0,investigate
0.0,0.0,109.438407897949,0.16238488356272,0.949541123973,1.0,investigate
1.0,0.76122161960602,50.7305030822754,0.16238488356272,0.95220043943405,1.0,chase
1.0,0.76256419372559,49.9633178710938,0.16238488356272,0.9548664677657,1.0,chase
1.0,0.76382892227173,49.2406158447266,0.16238488356272,0.95753881974009,1.0,chase
1.0,0.76501234054565,48.5643768310547,0.16238488356272,0.96021708880584,1.0,chase
1.0,0.76611099720001,47.9365730285645,0.16238488356272,0.96290085115486,1.0,chase
1.0,0.76712152099609,47.359130859375,0.16238488356272,0.96558966612286,1.0,chase
1.0,0.76804066085815,46.8339080810547,0.16238488356272,0.96828307679018,1.0,chase
1.0,0.76886530590057,46.3626823425293,0.16238488356272,0.9709806106827,1.0,chase
1.0,0.76959254550934,45.9471168518066,0.16238488356272,0.97368178077327,1.0,chase
1.0,0.77244156932831,44.3191032409668,0.16238488356272,0.97639719598294,1.0,chase
1.0,0.77275560188293,44.1396560668945,0.16238488356272,0.97911418135537,1.0,chase
1.0,0.77299919891357,44.0004577636719,0.16238488356272,0.98183238471296,1.0,chase
1.0,0.77321548557281,43.8768653869629,0.16238488356272,0.98455166950385,1.0,chase
1.0,0.77340674495697,43.7675743103027,0.16238488356272,0.98727191059166,1.0,chase
1.0,0.7735749797821,43.6714401245117,0.16238488356272,0.98999299285359,1.0,chase
1.0,0.77372229957581,43.5872573852539,0.16238488356272,0.99271481171449,1.0,chase
1.0,0.77385063362122,43.5139236450195,0.16238488356272,0.99543727224562,1.0,chase
1.0,0.77396183109283,43.450382232666,0.16238488356272,0.99816028876411,1.0,chase
1.0,0.77405738067627,43.3957824707031,0.16238488356272,1.0,1.0,chase
1.0,0.77413911819458,43.3490753173828,0.16238488356272,1.0,1.0,chase
0.0,0.0,43.3490753173828,0.16238488356272,0.99885320736302,1.0,investigate
0.0,0.0,43.3490753173828,0.16238488356272,0.99770641472605,1.0,investigate
0.0,0.0,43.3490753173828,0.16238488356272,0.99655962208907,1.0,investigate
0.0,0.0,43.3490753173828,0.16238488356272,0.99541282945209,1.0,investigate
0.0,0.0,43.3490753173828,0.16238488356272,0.99426603681511,1.0,investigate
0.0,0.0,43.3490753173828,0.16238488356272,0.99311924417814,1.0,investigate
0.0,0.0,43.3490753173828,0.16238488356272,0.99197245154116,1.0,investigate
0.0,0.0,43.3490753173828,0.16238488356272,0.99082565890418,1.0,investigate
0.0,0.0,43.3490753173828,0.16238488356272,0.9896788662672,1.0,investigate
0.0,0.0,43.3490753173828,0.16238488356272,0.98853207363023,1.0,investigate
0.0,0.0,43.3490753173828,0.16238488356272,0.98738528099325,1.0,investigate
0.0,0.0,43.3490753173828,0.16238488356272,0.98623848835627,1.0,investigate
0.0,0.0,43.3490753173828,0.16238488356272,0.9850916957193,1.0,investigate
0.0,0.0,43.3490753173828,0.16238488356272,0.98394490308232,1.0,investigate
0.0,0.0,43.3490753173828,0.16238488356272,0.98279811044534,1.0,investigate
0.0,0.0,43.3490753173828,0.16238488356272,0.98165131780836,1.0,investigate
0.0,0.0,43.3490753173828,0.16238488356272,0.98050452517139,1.0,investigate
0.0,0.0,43.3490753173828,0.16238488356272,0.97935773253441,1.0,investigate
0.0,0.0,43.3490753173828,0.16238488356272,0.97821093989743,1.0,investigate
0.0,0.0,43.3490753173828,0.16238488356272,0.97706414726045,1.0,investigate
0.0,0.0,43.3490753173828,0.16238488356272,0.97591735462348,1.0,investigate
0.0,0.0,43.3490753173828,0.16238488356272,0.9747705619865,1.0,investigate
0.0,0.0,43.3490753173828,0.16238488356272,0.97362376934952,1.0,investigate
0.0,0.0,43.3490753173828,0.16238488356272,0.97247697671255,1.0,investigate
0.0,0.0,43.3490753173828,0.16238488356272,0.97133018407557,1.0,investigate
0.0,0.0,43.3490753173828,0.16238488356272,0.97018339143859,1.0,investigate
0.0,0.0,43.3490753173828,0.16238488356272,0.96903659880161,1.0,investigate
0.0,0.0,43.3490753173828,0.16238488356272,0.96788980616464,1.0,investigate
0.0,0.0,43.3490753173828,0.16238488356272,0.96674301352766,1.0,investigate
0.0,0.0,43.3490753173828,0.16238488356272,0.96559622089068,1.0,investigate
0.0,0.0,43.3490753173828,0.0,0.96309622089068,0.0,alert
0.0,0.0,43.3490753173828,0.0,0.96059622089068,0.0,alert
0.0,0.0,43.3490753173828,0.0,0.95809622089068,0.0,alert
0.0,0.0,43.3490753173828,0.0,0.95559622089068,0.0,alert
0.0,0.0,43.3490753173828,0.0,0.95309622089068,0.0,alert
0.0,0.0,43.3490753173828,0.0,0.95059622089068,0.0,alert
0.0,0.0,43.3490753173828,0.0,0.94809622089068,0.0,alert
0.0,0.0,43.3490753173828,0.0,0.94559622089068,0.0,alert
0.0,0.0,43.3490753173828,0.0,0.94309622089068,0.0,alert
0.0,0.0,43.3490753173828,0.0,0.94059622089068,0.0,alert
0.0,0.0,43.3490753173828,0.0,0.93809622089068,0.0,alert
0.0,0.0,43.3490753173828,0.0,0.93559622089068,0.0,alert
0.0,0.0,43.3490753173828,0.0,0.93309622089068,0.0,alert
0.0,0.0,43.3490753173828,0.0,0.93059622089068,0.0,alert
0.0,0.0,43.3490753173828,0.0,0.92809622089068,0.0,alert
0.0,0.0,43.3490753173828,0.0,0.92559622089068,0.0,alert
0.0,0.0,43.3490753173828,0.0,0.92309622089068,0.0,alert
0.0,0.0,43.3490753173828,0.0,0.92059622089068,0.0,alert
0.0,0.0,43.3490753173828,0.0,0.91809622089068,0.0,alert
0.0,0.0,43.3490753173828,0.0,0.91559622089068,0.0,alert
0.0,0.0,43.3490753173828,0.0,0.91309622089068,0.0,alert
0.0,0.0,43.3490753173828,0.0,0.91059622089068,0.0,alert
0.0,0.0,43.3490753173828,0.0,0.90809622089068,0.0,alert
0.0,0.0,43.3490753173828,0.0,0.90559622089068,0.0,alert
0.0,0.0,43.3490753173828,0.0,0.90309622089068,0.0,alert
0.0,0.0,43.3490753173828,0.0,0.90059622089068,0.0,alert
0.0,0.0,43.3490753173828,0.0,0.89809622089068,0.0,alert
0.0,0.0,43.3490753173828,0.0,0.89559622089068,0.0,alert
0.0,0.0,43.3490753173828,0.0,0.89309622089068,0.0,alert
0.0,0.0,43.3490753173828,0.0,0.89059622089068,0.0,alert
0.0,0.0,43.3490753173828,0.0,0.88809622089068,0.0,alert
0.0,0.0,43.3490753173828,0.0,0.88559622089068,0.0,alert
0.0,0.0,43.3490753173828,0.0,0.88309622089068,0.0,alert
0.0,0.0,43.3490753173828,0.0,0.88059622089068,0.0,alert
0.0,0.0,43.3490753173828,0.0,0.87809622089068,0.0,alert
0.0,0.0,43.3490753173828,0.0,0.87559622089068,0.0,alert
0.0,0.0,43.3490753173828,0.0,0.87309622089068,0.0,alert
0.0,0.0,43.3490753173828,0.0,0.87059622089068,0.0,alert
0.0,0.0,43.3490753173828,0.0,0.86809622089068,0.0,alert
0.0,0.0,43.3490753173828,0.0,0.86559622089068,0.0,alert
0.0,0.0,43.3490753173828,0.0,0.86309622089068,0.0,alert
0.0,0.0,43.3490753173828,0.0,0.86059622089068,0.0,alert
0.0,0.0,43.3490753173828,0.0,0.85809622089068,0.0,alert
0.0,0.0,43.3490753173828,0.0,0.85559622089068,0.0,alert
0.0,0.0,43.3490753173828,0.0,0.85309622089068,0.0,alert
0.0,0.0,43.3490753173828,0.0,0.85059622089068,0.0,alert
0.0,0.0,43.3490753173828,0.0,0.84809622089068,0.0,alert
0.0,0.0,43.3490753173828,0.0,0.84559622089068,0.0,alert
0.0,0.0,43.3490753173828,0.0,0.84309622089068,0.0,alert
0.0,0.0,43.3490753173828,0.0,0.84059622089068,0.0,alert
0.0,0.0,43.3490753173828,0.0,0.83809622089069,0.0,alert
0.0,0.0,43.3490753173828,0.0,0.83559622089069,0.0,alert
0.0,0.0,43.3490753173828,0.0,0.83309622089069,0.0,alert
0.0,0.0,43.3490753173828,0.0,0.83059622089069,0.0,alert
0.0,0.0,43.3490753173828,0.0,0.82809622089069,0.0,alert
0.0,0.0,43.3490753173828,0.0,0.82559622089069,0.0,alert
0.0,0.0,43.3490753173828,0.0,0.82309622089069,0.0,alert
0.0,0.0,43.3490753173828,0.0,0.82059622089069,0.0,alert
0.0,0.0,43.3490753173828,0.0,0.81809622089069,0.0,alert
0.0,0.0,43.3490753173828,0.0,0.81559622089069,0.0,alert
0.0,0.0,43.3490753173828,0.0,0.81309622089069,0.0,alert
0.0,0.0,43.3490753173828,0.0,0.81059622089069,0.0,alert
0.0,0.0,43.3490753173828,0.0,0.80809622089069,0.0,alert
0.0,0.0,43.3490753173828,0.0,0.80559622089069,0.0,alert
0.0,0.0,43.3490753173828,0.0,0.80309622089069,0.0,alert
0.0,0.0,43.3490753173828,0.0,0.80059622089069,0.0,alert
0.0,0.0,43.3490753173828,0.0,0.79809622089069,0.0,alert
0.0,0.0,43.3490753173828,0.0,0.79559622089069,0.0,alert
0.0,0.0,43.3490753173828,0.0,0.79309622089069,0.0,alert
0.0,0.0,43.3490753173828,0.0,0.79059622089069,0.0,alert
0.0,0.0,43.3490753173828,0.0,0.78809622089069,0.0,alert
0.0,0.0,43.3490753173828,0.0,0.78559622089069,0.0,alert
0.0,0.0,43.3490753173828,0.0,0.78309622089069,0.0,alert
0.0,0.0,43.3490753173828,0.0,0.78059622089069,0.0,alert
0.0,0.0,43.3490753173828,0.0,0.77809622089069,0.0,alert
0.0,0.0,43.3490753173828,0.0,0.77559622089069,0.0,alert
0.0,0.0,43.3490753173828,0.0,0.77309622089069,0.0,alert
0.0,0.0,43.3490753173828,0.0,0.77059622089069,0.0,alert
0.0,0.0,43.3490753173828,0.0,0.76809622089069,0.0,alert
0.0,0.0,43.3490753173828,0.0,0.76559622089069,0.0,alert
0.0,0.0,43.3490753173828,0.0,0.76309622089069,0.0,alert
0.0,0.0,43.3490753173828,0.0,0.76059622089069,0.0,alert
0.0,0.0,43.3490753173828,0.0,0.75809622089069,0.0,alert
0.0,0.0,43.3490753173828,0.0,0.75559622089069,0.0,alert
0.0,0.0,43.3490753173828,0.0,0.75309622089069,0.0,alert
0.0,0.0,43.3490753173828,0.0,0.75059622089069,0.0,alert
0.0,0.0,43.3490753173828,0.0,0.74809622089069,0.0,alert
0.0,0.0,43.3490753173828,0.0,0.74559622089069,0.0,alert
0.0,0.0,43.3490753173828,0.0,0.74309622089069,0.0,alert
0.0,0.0,43.3490753173828,0.0,0.74059622089069,0.0,alert
0.0,0.0,43.3490753173828,0.0,0.73809622089069,0.0,alert
0.0,0.0,43.3490753173828,0.0,0.73559622089069,0.0,alert
0.0,0.0,43.3490753173828,0.0,0.73309622089069,0.0,alert
0.0,0.0,43.3490753173828,0.0,0.73059622089069,0.0,alert
0.0,0.0,43.3490753173828,0.0,0.72809622089069,0.0,alert
0.0,0.0,43.3490753173828,0.0,0.72559622089069,0.0,alert
0.0,0.0,43.3490753173828,0.0,0.72309622089069,0.0,alert
0.0,0.0,43.3490753173828,0.0,0.72059622089069,0.0,alert
0.0,0.0,43.3490753173828,0.0,0.71809622089069,0.0,alert
0.0,0.0,43.3490753173828,0.0,0.71559622089069,0.0,alert
0.0,0.0,43.3490753173828,0.0,0.71309622089069,0.0,alert
0.0,0.0,43.3490753173828,0.0,0.71059622089069,0.0,alert
0.0,0.0,43.3490753173828,0.0,0.70809622089069,0.0,alert
0.0,0.0,43.3490753173828,0.0,0.70559622089069,0.0,alert
0.0,0.0,43.3490753173828,0.0,0.70309622089069,0.0,alert
0.0,0.0,43.3490753173828,0.0,0.70059622089069,0.0,alert
0.0,0.0,43.3490753173828,0.0,0.69809622089069,0.0,alert
0.0,0.0,43.3490753173828,0.0,0.69559622089069,0.0,alert
0.0,0.0,43.3490753173828,0.0,0.69309622089069,0.0,alert
0.0,0.0,43.3490753173828,0.0,0.69059622089069,0.0,alert
0.0,0.0,43.3490753173828,0.0,0.68809622089069,0.0,alert
0.0,0.0,43.3490753173828,0.0,0.68559622089069,0.0,alert
0.0,0.0,43.3490753173828,0.0,0.68309622089069,0.0,alert
0.0,0.0,43.3490753173828,0.0,0.68059622089069,0.0,alert
0.0,0.0,43.3490753173828,0.0,0.67809622089069,0.0,alert
0.0,0.0,43.3490753173828,0.0,0.67559622089069,0.0,alert
0.0,0.0,43.3490753173828,0.0,0.67309622089069,0.0,alert
0.0,0.0,43.3490753173828,0.0,0.67059622089069,0.0,alert
0.0,0.0,43.3490753173828,0.0,0.66809622089069,0.0,alert
0.0,0.0,43.3490753173828,0.0,0.66559622089069,0.0,alert
0.0,0.0,43.3490753173828,0.0,0.66309622089069,0.0,alert
0.0,0.0,43.3490753173828,0.0,0.66059622089069,0.0,alert
0.0,0.0,43.3490753173828,0.0,0.65809622089069,0.0,alert
0.0,0.0,43.3490753173828,0.0,0.65559622089069,0.0,alert
0.0,0.0,43.3490753173828,0.0,0.65309622089069,0.0,alert
0.0,0.0,43.3490753173828,0.0,0.65059622089069,0.0,alert
0.0,0.0,43.3490753173828,0.0,0.64809622089069,0.0,alert
0.0,0.0,43.3490753173828,0.0,0.64559622089069,0.0,alert
0.0,0.0,43.3490753173828,0.0,0.64309622089069,0.0,alert
0.0,0.0,43.3490753173828,0.0,0.64059622089069,0.0,alert
0.0,0.0,43.3490753173828,0.0,0.63809622089069,0.0,alert
0.0,0.0,43.3490753173828,0.0,0.63559622089069,0.0,alert
0.0,0.0,43.3490753173828,0.0,0.63309622089069,0.0,alert
0.0,0.0,43.3490753173828,0.0,0.63059622089069,0.0,alert
0.0,0.0,43.3490753173828,0.0,0.62809622089069,0.0,alert
0.0,0.0,43.3490753173828,0.0,0.62559622089069,0.0,alert
0.0,0.0,43.3490753173828,0.0,0.62309622089069,0.0,alert
0.0,0.0,43.3490753173828,0.0,0.62059622089069,0.0,alert
0.0,0.0,43.3490753173828,0.0,0.61809622089069,0.0,alert
0.0,0.0,43.3490753173828,0.0,0.61559622089069,0.0,alert
0.0,0.0,43.3490753173828,0.0,0.61309622089069,0.0,alert
0.0,0.0,43.3490753173828,0.0,0.61059622089069,0.0,alert
0.0,0.0,43.3490753173828,0.0,0.60809622089069,0.0,alert
0.0,0.0,43.3490753173828,0.0,0.60559622089069,0.0,alert
0.0,0.0,43.3490753173828,0.0,0.60309622089069,0.0,alert
0.0,0.0,43.3490753173828,0.0,0.60059622089069,0.0,alert
0.0,0.0,43.3490753173828,0.0,0.59809622089069,0.0,alert
0.0,0.0,43.3490753173828,0.0,0.59559622089069,0.0,alert
0.0,0.0,43.3490753173828,0.0,0.59309622089069,0.0,alert
0.0,0.0,43.3490753173828,0.0,0.59059622089069,0.0,alert
0.0,0.0,43.3490753173828,0.0,0.58809622089069,0.0,alert
0.0,0.0,43.3490753173828,0.0,0.58559622089069,0.0,alert
0.0,0.0,43.3490753173828,0.0,0.58309622089069,0.0,alert
0.0,0.0,43.3490753173828,0.0,0.58059622089069,0.0,alert
0.0,0.0,43.3490753173828,0.0,0.57809622089069,0.0,alert
0.0,0.0,43.3490753173828,0.0,0.57559622089069,0.0,alert
0.0,0.0,43.3490753173828,0.0,0.57309622089069,0.0,alert
0.0,0.0,43.3490753173828,0.0,0.57059622089069,0.0,alert
0.0,0.0,43.3490753173828,0.0,0.56809622089069,0.0,alert
0.0,0.0,43.3490753173828,0.0,0.56559622089069,0.0,alert
0.0,0.0,43.3490753173828,0.0,0.56309622089069,0.0,alert
0.0,0.0,43.3490753173828,0.0,0.56059622089069,0.0,alert
0.0,0.0,43.3490753173828,0.0,0.55809622089069,0.0,alert
0.0,0.0,43.3490753173828,0.0,0.55559622089069,0.0,alert
0.0,0.0,43.3490753173828,0.0,0.55309622089069,0.0,alert
0.0,0.0,43.3490753173828,0.0,0.55059622089069,0.0,alert
0.0,0.0,43.3490753173828,0.0,0.54809622089069,0.0,alert
0.0,0.0,43.3490753173828,0.0,0.54559622089069,0.0,alert
0.0,0.0,43.3490753173828,0.0,0.54309622089069,0.0,alert
0.0,0.0,43.3490753173828,0.0,0.54059622089069,0.0,alert
0.0,0.0,43.3490753173828,0.0,0.53809622089069,0.0,alert
0.0,0.0,43.3490753173828,0.0,0.53559622089069,0.0,alert
0.0,0.0,43.3490753173828,0.0,0.53309622089069,0.0,alert
0.0,0.0,43.3490753173828,0.0,0.53059622089069,0.0,alert
0.0,0.0,43.3490753173828,0.0,0.52809622089069,0.0,alert
0.0,0.0,43.3490753173828,0.0,0.52559622089069,0.0,alert
0.0,0.0,43.3490753173828,0.0,0.52309622089069,0.0,alert
0.0,0.0,43.3490753173828,0.0,0.52059622089069,0.0,alert
0.0,0.0,43.3490753173828,0.0,0.51809622089069,0.0,alert
0.0,0.0,43.3490753173828,0.0,0.51559622089069,0.0,alert
0.0,0.0,43.3490753173828,0.0,0.51309622089069,0.0,alert
0.0,0.0,43.3490753173828,0.0,0.51059622089069,0.0,alert
0.0,0.0,43.3490753173828,0.0,0.50809622089069,0.0,alert
0.0,0.0,43.3490753173828,0.0,0.50559622089069,0.0,alert
0.0,0.0,43.3490753173828,0.0,0.50309622089069,0.0,alert
0.0,0.0,43.3490753173828,0.0,0.50059622089069,0.0,alert
0.0,0.0,43.3490753173828,0.0,0.49809622089069,0.0,alert
0.0,0.0,43.3490753173828,0.0,0.49559622089069,0.0,alert
0.0,0.0,43.3490753173828,0.0,0.49309622089069,0.0,alert
0.0,0.0,43.3490753173828,0.0,0.49059622089069,0.0,alert
0.0,0.0,43.3490753173828,0.0,0.48809622089069,0.0,alert
0.0,0.0,43.3490753173828,0.0,0.48559622089069,0.0,alert
0.0,0.0,43.3490753173828,0.0,0.48309622089069,0.0,alert
0.0,0.0,43.3490753173828,0.0,0.48059622089069,0.0,alert
0.0,0.0,43.3490753173828,0.0,0.47809622089069,0.0,alert
0.0,0.0,43.3490753173828,0.0,0.47559622089069,0.0,alert
0.0,0.0,43.3490753173828,0.0,0.47309622089069,0.0,alert
0.0,0.0,43.3490753173828,0.0,0.47059622089069,0.0,alert
0.0,0.0,43.3490753173828,0.0,0.46809622089069,0.0,alert
0.0,0.0,43.3490753173828,0.0,0.46559622089069,0.0,alert
0.0,0.0,43.3490753173828,0.0,0.46309622089069,0.0,alert
0.0,0.0,43.3490753173828,0.0,0.46059622089069,0.0,alert
0.0,0.0,43.3490753173828,0.0,0.45809622089069,0.0,alert
0.0,0.0,43.3490753173828,0.0,0.45559622089069,0.0,alert
0.0,0.0,43.3490753173828,0.0,0.45309622089069,0.0,alert
0.0,0.0,43.3490753173828,0.0,0.45059622089069,0.0,alert
0.0,0.0,43.3490753173828,0.0,0.44809622089069,0.0,alert
0.0,0.0,43.3490753173828,0.0,0.44559622089069,0.0,alert
0.0,0.0,43.3490753173828,0.0,0.44309622089069,0.0,alert
0.0,0.0,43.3490753173828,0.0,0.44059622089069,0.0,alert
0.0,0.0,43.3490753173828,0.0,0.43809622089069,0.0,alert
0.0,0.0,43.3490753173828,0.0,0.43559622089069,0.0,alert
0.0,0.0,43.3490753173828,0.0,0.43309622089069,0.0,alert
0.0,0.0,43.3490753173828,0.0,0.43059622089069,0.0,alert
0.0,0.0,43.3490753173828,0.0,0.42809622089069,0.0,alert
0.0,0.0,43.3490753173828,0.0,0.42559622089069,0.0,alert
0.0,0.0,43.3490753173828,0.0,0.42309622089069,0.0,alert
0.0,0.0,43.3490753173828,0.0,0.42059622089069,0.0,alert
0.0,0.0,43.3490753173828,0.0,0.41809622089069,0.0,alert
0.0,0.0,43.3490753173828,0.0,0.41559622089069,0.0,alert
0.0,0.0,43.3490753173828,0.0,0.41309622089069,0.0,alert
0.0,0.0,43.3490753173828,0.0,0.41059622089069,0.0,alert
0.0,0.0,43.3490753173828,0.0,0.40809622089069,0.0,alert
0.0,0.0,43.3490753173828,0.0,0.40559622089069,0.0,alert
0.0,0.0,43.3490753173828,0.0,0.40309622089069,0.0,alert
0.0,0.0,43.3490753173828,0.0,0.40059622089069,0.0,alert
0.0,0.0,43.3490753173828,0.0,0.39809622089069,0.0,alert
0.0,0.0,43.3490753173828,0.0,0.39559622089069,0.0,alert
0.0,0.0,43.3490753173828,0.0,0.39309622089069,0.0,alert
0.0,0.0,43.3490753173828,0.0,0.39059622089069,0.0,alert
0.0,0.0,43.3490753173828,0.0,0.38809622089069,0.0,alert
0.0,0.0,43.3490753173828,0.0,0.38559622089069,0.0,alert
0.0,0.0,43.3490753173828,0.0,0.38309622089069,0.0,alert
0.0,0.0,43.3490753173828,0.0,0.38059622089069,0.0,alert
0.0,0.0,43.3490753173828,0.0,0.37809622089069,0.0,alert
0.0,0.0,43.3490753173828,0.0,0.37559622089069,0.0,alert
0.0,0.0,43.3490753173828,0.0,0.37309622089069,0.0,alert
0.0,0.0,43.3490753173828,0.0,0.37059622089069,0.0,alert
0.0,0.0,43.3490753173828,0.0,0.36809622089069,0.0,alert
0.0,0.0,43.3490753173828,0.0,0.36559622089069,0.0,alert
0.0,0.0,43.3490753173828,0.0,0.36309622089069,0.0,alert
0.0,0.0,43.3490753173828,0.0,0.36059622089069,0.0,alert
0.0,0.0,43.3490753173828,0.0,0.35809622089069,0.0,alert
0.0,0.0,43.3490753173828,0.0,0.35559622089069,0.0,alert
0.0,0.0,43.3490753173828,0.0,0.35309622089069,0.0,alert
0.0,0.0,43.3490753173828,0.0,0.35059622089069,0.0,alert
0.0,0.0,43.3490753173828,0.0,0.34809622089069,0.0,alert
0.0,0.0,43.3490753173828,0.0,0.34559622089069,0.0,alert
0.0,0.0,43.3490753173828,0.0,0.34309622089069,0.0,alert
0.0,0.0,43.3490753173828,0.0,0.34059622089069,0.0,alert
0.0,0.0,43.3490753173828,0.0,0.33809622089069,0.0,alert
0.0,0.0,43.3490753173828,0.0,0.33559622089069,0.0,alert
0.0,0.0,43.3490753173828,0.0,0.33309622089069,0.0,alert
0.0,0.0,43.3490753173828,0.0,0.33059622089069,0.0,alert
0.0,0.0,43.3490753173828,0.0,0.32809622089069,0.0,alert
0.0,0.0,43.3490753173828,0.0,0.32559622089069,0.0,alert
0.0,0.0,43.3490753173828,0.0,0.32309622089069,0.0,alert
0.0,0.0,43.3490753173828,0.0,0.32059622089069,0.0,alert
0.0,0.0,43.3490753173828,0.0,0.31809622089069,0.0,alert
0.0,0.0,43.3490753173828,0.0,0.31559622089069,0.0,alert
0.0,0.0,43.3490753173828,0.0,0.31309622089069,0.0,alert
0.0,0.0,43.3490753173828,0.0,0.31059622089069,0.0,alert
0.0,0.0,43.3490753173828,0.0,0.30809622089069,0.0,alert
0.0,0.0,43.3490753173828,0.0,0.30559622089069,0.0,alert
0.0,0.0,43.3490753173828,0.0,0.30309622089069,0.0,alert
0.0,0.0,43.3490753173828,0.0,0.30059622089069,0.0,alert
0.0,0.0,43.3490753173828,0.0,0.29809622089069,0.0,patrol
0.0,0.0,43.3490753173828,0.0,0.29559622089069,0.0,patrol
0.0,0.0,43.3490753173828,0.0,0.29309622089069,0.0,patrol
0.0,0.0,43.3490753173828,0.0,0.29059622089069,0.0,patrol
0.0,0.0,43.3490753173828,0.0,0.28809622089069,0.0,patrol
0.0,0.0,43.3490753173828,0.0,0.28559622089069,0.0,patrol
0.0,0.0,43.3490753173828,0.0,0.28309622089069,0.0,patrol
0.0,0.0,43.3490753173828,0.0,0.28059622089069,0.0,patrol
0.0,0.0,43.3490753173828,0.0,0.27809622089069,0.0,patrol
0.0,0.0,43.3490753173828,0.0,0.27559622089069,0.0,patrol
0.0,0.0,43.3490753173828,0.0,0.27309622089069,0.0,patrol
0.0,0.0,43.3490753173828,0.0,0.27059622089069,0.0,patrol
0.0,0.0,43.3490753173828,0.0,0.26809622089069,0.0,patrol
0.0,0.0,43.3490753173828,0.0,0.26559622089069,0.0,patrol
0.0,0.0,43.3490753173828,0.0,0.26309622089069,0.0,patrol
0.0,0.0,43.3490753173828,0.0,0.26059622089069,0.0,patrol
0.0,0.0,43.3490753173828,0.0,0.25809622089069,0.0,patrol
0.0,0.0,43.3490753173828,0.0,0.25559622089069,0.0,patrol
0.0,0.0,43.3490753173828,0.0,0.25309622089069,0.0,patrol
0.0,0.0,43.3490753173828,0.0,0.25059622089069,0.0,patrol
0.0,0.0,43.3490753173828,0.0,0.24809622089069,0.0,patrol
0.0,0.0,43.3490753173828,0.0,0.24559622089069,0.0,patrol
0.0,0.0,43.3490753173828,0.0,0.24309622089069,0.0,patrol
0.0,0.0,43.3490753173828,0.0,0.24059622089069,0.0,patrol
0.0,0.0,43.3490753173828,0.0,0.23809622089069,0.0,patrol
0.0,0.0,43.3490753173828,0.0,0.23559622089069,0.0,patrol
0.0,0.0,43.3490753173828,0.0,0.23309622089069,0.0,patrol
0.0,0.0,43.3490753173828,0.0,0.23059622089069,0.0,patrol
0.0,0.0,43.3490753173828,0.0,0.22809622089069,0.0,patrol
0.0,0.0,43.3490753173828,0.0,0.22559622089069,0.0,patrol
0.0,0.0,43.3490753173828,0.0,0.22309622089069,0.0,patrol
0.0,0.0,43.3490753173828,0.0,0.22059622089069,0.0,patrol
0.0,0.0,43.3490753173828,0.0,0.21809622089069,0.0,patrol
0.0,0.0,43.3490753173828,0.0,0.21559622089069,0.0,patrol
0.0,0.0,43.3490753173828,0.0,0.21309622089069,0.0,patrol
0.0,0.0,43.3490753173828,0.0,0.21059622089069,0.0,patrol
0.0,0.0,43.3490753173828,0.0,0.20809622089069,0.0,patrol
0.0,0.0,43.3490753173828,0.0,0.20559622089069,0.0,patrol
0.0,0.0,43.3490753173828,0.0,0.20309622089069,0.0,patrol
0.0,0.0,43.3490753173828,0.0,0.20059622089069,0.0,patrol
0.0,0.0,43.3490753173828,0.0,0.19809622089069,0.0,patrol
0.0,0.0,43.3490753173828,0.0,0.19559622089069,0.0,patrol
0.0,0.0,43.3490753173828,0.0,0.19309622089069,0.0,patrol
0.0,0.0,43.3490753173828,0.0,0.19059622089069,0.0,patrol
0.0,0.0,43.3490753173828,0.0,0.18809622089069,0.0,patrol
0.0,0.0,43.3490753173828,0.0,0.18559622089069,0.0,patrol
0.0,0.0,43.3490753173828,0.0,0.18309622089069,0.0,patrol
0.0,0.0,43.3490753173828,0.0,0.18059622089069,0.0,patrol
0.0,0.0,43.3490753173828,0.0,0.17809622089069,0.0,patrol
0.0,0.0,43.3490753173828,0.0,0.17559622089069,0.0,patrol
0.0,0.0,43.3490753173828,0.0,0.17309622089069,0.0,patrol
0.0,0.0,43.3490753173828,0.0,0.17059622089069,0.0,patrol
0.0,0.0,43.3490753173828,0.0,0.16809622089069,0.0,patrol
0.0,0.0,43.3490753173828,0.0,0.16559622089069,0.0,patrol
0.0,0.0,43.3490753173828,0.0,0.16309622089069,0.0,patrol
0.0,0.0,43.3490753173828,0.0,0.16059622089069,0.0,patrol
0.0,0.0,43.3490753173828,0.0,0.15809622089069,0.0,patrol
0.0,0.0,43.3490753173828,0.0,0.15559622089069,0.0,patrol
0.0,0.0,43.3490753173828,0.0,0.15309622089069,0.0,patrol
0.0,0.0,43.3490753173828,0.0,0.15059622089069,0.0,patrol
0.0,0.0,43.3490753173828,0.0,0.14809622089069,0.0,patrol
0.0,0.0,43.3490753173828,0.0,0.14559622089069,0.0,patrol
0.0,0.0,43.3490753173828,0.0,0.14309622089069,0.0,patrol
0.0,0.0,43.3490753173828,0.0,0.14059622089069,0.0,patrol
0.0,0.0,43.3490753173828,0.0,0.13809622089069,0.0,patrol
0.0,0.0,43.3490753173828,0.0,0.13559622089069,0.0,patrol
0.0,0.0,43.3490753173828,0.0,0.13309622089069,0.0,patrol
0.0,0.0,43.3490753173828,0.0,0.13059622089069,0.0,patrol
0.0,0.0,43.3490753173828,0.0,0.12809622089069,0.0,patrol
0.0,0.0,43.3490753173828,0.0,0.12559622089069,0.0,patrol
0.0,0.0,43.3490753173828,0.0,0.12309622089069,0.0,patrol
0.0,0.0,43.3490753173828,0.0,0.12059622089069,0.0,patrol
0.0,0.0,43.3490753173828,0.0,0.11809622089069,0.0,patrol
0.0,0.0,43.3490753173828,0.0,0.11559622089069,0.0,patrol
0.0,0.0,43.3490753173828,0.0,0.11309622089069,0.0,patrol
0.0,0.0,43.3490753173828,0.0,0.11059622089069,0.0,patrol
0.0,0.0,43.3490753173828,0.0,0.10809622089069,0.0,patrol
0.0,0.0,43.3490753173828,0.0,0.10559622089069,0.0,patrol
0.0,0.0,43.3490753173828,0.0,0.10309622089069,0.0,patrol
0.0,0.0,43.3490753173828,0.0,0.10059622089069,0.0,patrol
0.0,0.0,43.3490753173828,0.0,0.09809622089069,0.0,patrol
0.0,0.0,43.3490753173828,0.0,0.09559622089069,0.0,patrol
0.0,0.0,43.3490753173828,0.0,0.09309622089069,0.0,patrol
0.0,0.0,43.3490753173828,0.0,0.09059622089069,0.0,patrol
0.0,0.0,43.3490753173828,0.0,0.08809622089069,0.0,patrol
0.0,0.0,43.3490753173828,0.0,0.08559622089069,0.0,patrol
0.0,0.0,43.3490753173828,0.0,0.08309622089069,0.0,patrol
0.0,0.0,43.3490753173828,0.0,0.08059622089069,0.0,patrol
0.0,0.0,43.3490753173828,0.0,0.07809622089069,0.0,patrol
1.0,0.67142597961426,102.042297363281,0.0,0.07895335078876,0.0,chase
1.0,0.67191964912415,101.760200500488,0.0,0.07981294903438,0.0,chase
1.0,0.67236640167236,101.504913330078,0.0,0.08067478104275,0.0,chase
1.0,0.67276623725891,101.276435852051,0.0,0.08153861222904,0.0,chase
1.0,0.67311890220642,101.074913024902,0.0,0.08240420674007,0.0,chase
1.0,0.67342407608032,100.900527954102,0.0,0.08327132712047,0.0,chase
1.0,0.67368153190613,100.753410339355,0.0,0.08413973478,0.0,chase
1.0,0.67389105606079,100.633682250977,0.0,0.08500919006031,0.0,chase
1.0,0.67405246162415,100.541450500488,0.0,0.08587945236843,0.0,chase
1.0,0.67416562843323,100.476783752441,0.0,0.0867502805106,0.0,chase
1.0,0.67423046302795,100.439735412598,0.0,0.08762143282574,0.0,chase
1.0,0.67687913513184,98.9262084960938,0.0,0.08850582850139,0.0,chase
1.0,0.68389567756653,94.9167556762695,0.15056418975194,0.09068000847049,1.0,chase
1.0,0.69090169906616,90.9133148193359,0.15056418975194,0.09288921854709,1.0,chase
1.0,0.69789814758301,86.9153442382812,0.15056418975194,0.09513341086627,1.0,chase
1.0,0.70488366127014,82.9236221313477,0.15056418975194,0.09741253075389,1.0,chase
1.0,0.71185659790039,78.9390869140625,0.15056418975194,0.09972651532466,1.0,chase
1.0,0.71881492805481,74.9628982543945,0.15056418975194,0.1020752915462,1.0,chase
1.0,0.7257562084198,70.996452331543,0.15056418975194,0.10445877416956,1.0,chase
1.0,0.73267739486694,67.0414886474609,0.15056418975194,0.10687686272516,1.0,chase
1.0,0.7395747423172,63.1001472473145,0.15056418975194,0.10932943801801,1.0,chase
1.0,0.74538676452637,59.7789916992188,0.15056418975194,0.11181107342191,1.0,chase
1.0,0.75147283840179,56.3012351989746,0.15056418975194,0.11432313919519,1.0,chase
1.0,0.7574985370636,52.8579788208008,0.15056418975194,0.11686533346177,1.0,chase
1.0,0.76345125007629,49.456428527832,0.15056418975194,0.11943729129342,1.0,chase
1.0,0.76931482219696,46.1058158874512,0.15056418975194,0.12203856698567,1.0,chase
1.0,0.77506832504272,42.8180999755859,0.15056418975194,0.12466861019215,1.0,chase
1.0,0.78068434143066,39.6089477539062,0.15056418975194,0.12732673348057,1.0,chase
1.0,0.78612659549713,36.4990882873535,0.15056418975194,0.13001206803932,1.0,chase
1.0,0.79134670162201,33.516170501709,0.15056418975194,0.1327235031287,1.0,chase
1.0,0.79296988964081,32.5886344909668,0.15056418975194,0.13544305415817,1.0,chase
1.0,0.79209331417084,33.0895347595215,0.15056418975194,0.13815822231029,1.0,chase
1.0,0.79110197639465,33.6560134887695,0.15056418975194,0.14086843377353,1.0,chase
1.0,0.79000086307526,34.2852210998535,0.15056418975194,0.14357313967017,1.0,chase
1.0,0.78879158973694,34.9762344360352,0.15056418975194,0.14627179920012,1.0,chase
1.0,0.78748030471802,35.7255401611328,0.15056418975194,0.14896390230498,1.0,chase
1.0,0.78606915092468,36.5319137573242,0.15056418975194,0.15164894964087,1.0,chase
1.0,0.78456485748291,37.3915100097656,0.18052525520325,0.15457615105498,1.0,chase
1.0,0.78446576309204,37.4481353759766,0.18052525520325,0.15750285699713,1.0,chase
1.0,0.78436516666412,37.5056190490723,0.18052525520325,0.16042905995714,1.0,chase
1.0,0.78426523780823,37.5627212524414,0.18052525520325,0.16335476327288,1.0,chase
1.0,0.78337451648712,38.071704864502,0.18052525520325,0.16627601298201,1.0,chase
1.0,0.78257581329346,38.5281066894531,0.18052525520325,0.16919326917517,1.0,chase
1.0,0.78168979167938,39.0344047546387,0.18052525520325,0.17210609526026,1.0,chase
1.0,0.78079121303558,39.5478782653809,0.18052525520325,0.17501442845213,1.0,chase
1.0,0.78247249317169,38.5871467590332,0.18052525520325,0.17793116804468,1.0,chase
1.0,0.78166979122162,39.0458335876465,0.18052525520325,0.18084389412749,1.0,chase
1.0,0.77896289348602,40.5926322937012,0.18052525520325,0.18374308572161,1.0,chase
1.0,0.77631649112701,42.1048622131348,0.18052525520325,0.18662904530394,1.0,chase
1.0,0.77364452075958,43.6317024230957,0.18052525520325,0.18950164503443,1.0,chase
1.0,0.77232246780396,44.3871612548828,0.18052525520325,0.19236763450014,1.0,chase
1.0,0.77097730350494,45.1558265686035,0.18052525520325,0.19522689814436,1.0,chase
1.0,0.76961018276215,45.9370384216309,0.18052525520325,0.19807932618487,1.0,chase
1.0,0.76822221374512,46.7301635742188,0.18052525520325,0.20092481438029,1.0,chase
1.0,0.76681443119049,47.534610748291,0.18052525520325,0.20376326366293,1.0,chase
1.0,0.76538782978058,48.3498115539551,0.18052525520325,0.20659457993853,1.0,chase
1.0,0.76394335079193,49.1752281188965,0.18052525520325,0.20941867381918,1.0,chase
1.0,0.7624818687439,50.0103607177734,0.18052525520325,0.21223546028959,1.0,chase
1.0,0.76100422477722,50.8547286987305,0.18052525520325,0.21504485854017,1.0,chase
1.0,0.75951121330261,51.707878112793,0.18052525520325,0.21784679173338,1.0,chase
1.0,0.75800358200073,52.5693817138672,0.18052525520325,0.22064118677008,1.0,chase
1.0,0.75648202514648,53.4388427734375,0.18052525520325,0.2234279740225,1.0,chase
1.0,0.75465068817139,54.4853210449219,0.18052525520325,0.22620560459006,1.0,chase
1.0,0.75280828285217,55.5381240844727,0.18052525520325,0.22897402313101,1.0,chase
1.0,0.75179305934906,56.1182518005371,0.18052525520325,0.23173736555445,1.0,chase
1.0,0.75059963417053,56.8002090454102,0.18052525520325,0.234494740852,1.0,chase
1.0,0.74876352405548,57.8494148254395,0.18052525520325,0.23724293559897,1.0,chase
1.0,0.74588152885437,59.4962692260742,0.18052525520325,0.23997672036993,1.0,chase
1.0,0.74293264961243,61.1813430786133,0.18052525520325,0.24269576074469,1.0,chase
1.0,0.73991935634613,62.9032249450684,0.18052525520325,0.24539973465311,1.0,chase
1.0,0.73684401893616,64.6605606079102,0.18052525520325,0.24808833187449,1.0,chase
1.0,0.73370890045166,66.4520568847656,0.18052525520325,0.25076125350344,1.0,chase
1.0,0.73051631736755,68.2763900756836,0.18052525520325,0.25341821221697,1.0,chase
1.0,0.72726856613159,70.1322479248047,0.18052525520325,0.25605893217432,1.0,chase
1.0,0.72396806335449,72.0182495117188,0.18052525520325,0.25868314961779,1.0,chase
1.0,0.72061702537537,73.9331283569336,0.18052525520325,0.26129061187136,1.0,chase
1.0,0.71721768188477,75.8756103515625,0.18052525520325,0.26388107740748,1.0,chase
1.0,0.71377208900452,77.8445205688477,0.18052525520325,0.26645431497919,1.0,chase
1.0,0.71028239631653,79.8386306762695,0.18052525520325,0.26901010408747,1.0,chase
1.0,0.70675037956238,81.8569259643555,0.18052525520325,0.27154823311197,1.0,chase
1.0,0.70317834854126,83.8980865478516,0.18052525520325,0.27406850198137,1.0,chase
1.0,0.69956791877747,85.9611892700195,0.18052525520325,0.27657071870196,1.0,chase
1.0,0.69592118644714,88.045036315918,0.18052525520325,0.27905470176089,1.0,chase
1.0,0.69223968696594,90.1487503051758,0.18052525520325,0.28152027732241,1.0,chase
1.0,0.68852514266968,92.2713470458984,0.18052525520325,0.28396728016245,1.0,chase
1.0,0.68477920913696,94.4118804931641,0.18052525520325,0.28639555333483,1.0,chase
1.0,0.68100322151184,96.5695877075195,0.18052525520325,0.28880494656908,1.0,chase
1.0,0.67719894218445,98.7434616088867,0.18052525520325,0.2911953184067,1.0,chase
1.0,0.67336761283875,100.932792663574,0.18052525520325,0.29356653359759,1.0,chase
1.0,0.66951051521301,103.136848449707,0.18052525520325,0.29591846330034,1.0,chase
1.0,0.66562907791138,105.35481262207,0.18052525520325,0.29825098581659,1.0,chase
1.0,0.66172452926636,107.585983276367,0.18052525520325,0.30056398558962,1.0,chase
1.0,0.65779793739319,109.829750061035,0.18052525520325,0.30285735240328,1.0,chase
1.0,0.65385049057007,112.085433959961,0.18052525520325,0.30513098198282,1.0,chase
1.0,0.65192353057861,113.186553955078,0.18052525520325,0.30739497676241,1.0,chase
1.0,0.64991416549683,114.334762573242,0.18052525520325,0.30964892471659,1.0,chase
1.0,0.64782483863831,115.528663635254,0.18052525520325,0.31189242603647,1.0,chase
1.0,0.64565806007385,116.766822814941,0.18052525520325,0.31412509346354,1.0,chase
1.0,0.64341652679443,118.047698974609,0.18052525520325,0.3163465532242,1.0,chase
1.0,0.64110257530212,119.369956970215,0.18052525520325,0.31855644322741,1.0,chase
1.0,0.63871888923645,120.732063293457,0.18052525520325,0.32075441480028,1.0,chase
1.0,0.63626781845093,122.132675170898,0.18052525520325,0.32294013101923,1.0,chase
1.0,0.63375167274475,123.570472717285,0.18052525520325,0.32511326650965,1.0,chase
1.0,0.63391393280029,123.477752685547,0.18052525520325,0.32728721330034,1.0,chase
1.0,0.63722567749023,121.585327148438,0.18052525520325,0.32947771881449,1.0,chase
1.0,0.64045899581909,119.737716674805,0.18052525520325,0.33168439092028,1.0,chase
1.0,0.64045903587341,119.737693786621,0.18052525520325,0.33389106322634,1.0,chase
1.0,0.64041408157349,119.763381958008,0.18052525520325,0.3360975107609,1.0,chase
1.0,0.64032417297363,119.814758300781,0.18052525520325,0.33830350875246,1.0,chase
1.0,0.64323939323425,118.148918151855,0.18052525520325,0.34052408284533,1.0,chase
1.0,0.64615458679199,116.483093261719,0.18052525520325,0.34275923290598,1.0,chase
1.0,0.64906972694397,114.81729888916,0.18052525520325,0.34500895866739,1.0,chase
1.0,0.65198482704163,113.151527404785,0.18052525520325,0.3472732599293,1.0,chase
1.0,0.65489988708496,111.485778808594,0.18052525520325,0.34955213649141,1.0,chase
1.0,0.65781556129456,109.819679260254,0.18052525520325,0.35184559142458,1.0,chase
1.0,0.66073119544983,108.153602600098,0.18052525520325,0.35415362452852,1.0,chase
1.0,0.66364680290222,106.48754119873,0.18052525520325,0.35647623566973,1.0,chase
1.0,0.66656238365173,104.821495056152,0.18052525520325,0.35881342471468,1.0,chase
0.0,0.0,104.821495056152,0.18052525520325,0.35781780184137,1.0,investigate
0.0,0.0,104.821495056152,0.18052525520325,0.35682217896807,1.0,investigate
0.0,0.0,104.821495056152,0.18052525520325,0.35582655609476,1.0,investigate
0.0,0.0,104.821495056152,0.18052525520325,0.35483093322146,1.0,investigate
0.0,0.0,104.821495056152,0.18052525520325,0.35383531034815,1.0,investigate
0.0,0.0,104.821495056152,0.18052525520325,0.35283968747484,1.0,investigate
0.0,0.0,104.821495056152,0.18052525520325,0.35184406460154,1.0,investigate
0.0,0.0,104.821495056152,0.18052525520325,0.35084844172823,1.0,investigate
0.0,0.0,104.821495056152,0.18052525520325,0.34985281885492,1.0,investigate
0.0,0.0,104.821495056152,0.18052525520325,0.34885719598162,1.0,investigate
0.0,0.0,104.821495056152,0.18052525520325,0.34786157310831,1.0,investigate
0.0,0.0,104.821495056152,0.18052525520325,0.34686595023501,1.0,investigate
0.0,0.0,104.821495056152,0.18052525520325,0.3458703273617,1.0,investigate
0.0,0.0,104.821495056152,0.18052525520325,0.34487470448839,1.0,investigate
0.0,0.0,104.821495056152,0.18052525520325,0.34387908161509,1.0,investigate
0.0,0.0,104.821495056152,0.18052525520325,0.34288345874178,1.0,investigate
0.0,0.0,104.821495056152,0.18052525520325,0.34188783586847,1.0,investigate
0.0,0.0,104.821495056152,0.18052525520325,0.34089221299517,1.0,investigate
0.0,0.0,104.821495056152,0.18052525520325,0.33989659012186,1.0,investigate
0.0,0.0,104.821495056152,0.18052525520325,0.33890096724856,1.0,investigate
0.0,0.0,104.821495056152,0.18052525520325,0.33790534437525,1.0,investigate
0.0,0.0,104.821495056152,0.18052525520325,0.33690972150194,1.0,investigate
0.0,0.0,104.821495056152,0.18052525520325,0.33591409862864,1.0,investigate
0.0,0.0,104.821495056152,0.18052525520325,0.33491847575533,1.0,investigate
0.0,0.0,104.821495056152,0.18052525520325,0.33392285288202,1.0,investigate
0.0,0.0,104.821495056152,0.18052525520325,0.33292723000872,1.0,investigate
0.0,0.0,104.821495056152,0.18052525520325,0.33193160713541,1.0,investigate
0.0,0.0,104.821495056152,0.18052525520325,0.3309359842621,1.0,investigate
0.0,0.0,104.821495056152,0.18052525520325,0.3299403613888,1.0,investigate
0.0,0.0,104.821495056152,0.18052525520325,0.32894473851549,1.0,investigate
0.0,0.0,104.821495056152,0.18052525520325,0.32794911564219,1.0,investigate
0.0,0.0,104.821495056152,0.18052525520325,0.32695349276888,1.0,investigate
0.0,0.0,104.821495056152,0.18052525520325,0.32595786989557,1.0,investigate
1.0,0.76565000534058,48.1999969482422,0.18052525520325,0.32879049704897,1.0,chase
1.0,0.76856174755096,46.5361442565918,0.18052525520325,0.33163768291342,1.0,chase
1.0,0.7714731426239,44.8724899291992,0.18052525520325,0.33449942575323,1.0,chase
1.0,0.77438412380219,43.2090721130371,0.18052525520325,0.33737572349894,1.0,chase
1.0,0.77729464435577,41.5459175109863,0.18052525520325,0.34026657384741,1.0,chase
1.0,0.78020465087891,39.883056640625,0.18052525520325,0.3431719742285,1.0,chase
1.0,0.78311406993866,38.220531463623,0.18052525520325,0.34609192170488,1.0,chase
1.0,0.78602283477783,36.5583801269531,0.18052525520325,0.34902641300547,1.0,chase
1.0,0.7889308385849,34.8966636657715,0.18052525520325,0.35197544432509,1.0,chase
1.0,0.7918379611969,33.2354507446289,0.18052525520325,0.35493901125776,1.0,chase
1.0,0.79474408912659,31.5748062133789,0.18052525520325,0.35791710883009,1.0,chase
1.0,0.79560685920715,31.0817947387695,0.18052525520325,0.36089952025282,1.0,chase
1.0,0.79560695934296,31.0817375183105,0.18052525520325,0.36388193217623,1.0,chase
1.0,0.7956069560051,31.0817394256592,0.18052525520325,0.36686434408295,1.0,chase
1.0,0.79560694932938,31.0817432403564,0.18052525520325,0.36984675595629,1.0,chase
1.0,0.79560694599152,31.0817451477051,0.18052525520325,0.37282916781294,1.0,chase
1.0,0.7956069393158,31.0817489624023,0.18052525520325,0.37581157963621,1.0,chase
1.0,0.79560693597794,31.081750869751,0.18052525520325,0.3787939914428,1.0,chase
1.0,0.79560693264008,31.0817527770996,0.18052525520325,0.38177640323269,1.0,chase
1.0,0.79560692596436,31.0817565917969,0.18052525520325,0.3847588149892,1.0,chase
1.0,0.7956069226265,31.0817584991455,0.18052525520325,0.38774122672903,1.0,chase
1.0,0.7912457447052,33.573860168457,0.1825136144956,0.39071840224002,1.0,chase
1.0,0.78688449001312,36.0660057067871,0.1825136144956,0.39367377147755,1.0,chase
1.0,0.78543036460876,36.8969345092773,0.1825136144956,0.39662187008806,1.0,chase
1.0,0.78397604560852,37.7279739379883,0.1825136144956,0.39956269710356,1.0,chase
1.0,0.78252155971527,38.5591087341309,0.1825136144956,0.4024962516896,1.0,chase
1.0,0.78106691360474,39.3903350830078,0.1825136144956,0.40542253304509,1.0,chase
1.0,0.77961212062836,40.2216453552246,0.1825136144956,0.40834154043569,1.0,chase
1.0,0.77815717411041,41.0530433654785,0.1825136144956,0.41125327309371,1.0,chase
1.0,0.77812160587311,41.0733680725098,0.1825136144956,0.41416482791054,1.0,chase
1.0,0.77795266342163,41.1699066162109,0.1825136144956,0.41707553801511,1.0,chase
1.0,0.77771329879761,41.3066864013672,0.1825136144956,0.41998505129656,1.0,chase
1.0,0.78062050819397,39.6454238891602,0.1825136144956,0.42290910062499,1.0,chase
1.0,0.78353403949738,37.9805488586426,0.1825136144956,0.42584771760994,1.0,chase
1.0,0.78644670963287,36.3161659240723,0.1825136144956,0.42880089794557,1.0,chase
1.0,0.78935898590088,34.6520080566406,0.1825136144956,0.43176863966254,1.0,chase
1.0,0.78918892860413,34.7491836547852,0.1825136144956,0.43473553109302,1.0,chase
1.0,0.78901236248016,34.8500785827637,0.1825136144956,0.43770153969289,1.0,chase
1.0,0.78859107112885,35.0908164978027,0.1825136144956,0.44066544183599,1.0,chase
1.0,0.78801754665375,35.4185447692871,0.1825136144956,0.44362647635673,1.0,chase
1.0,0.78729596805573,35.8308753967285,0.1825136144956,0.44658390298447,1.0,chase
1.0,0.78643138217926,36.3249244689941,0.1825136144956,0.44953700668283,1.0,chase
1.0,0.78542952346802,36.8974151611328,0.1825136144956,0.45248510108763,1.0,chase
1.0,0.78429667377472,37.5447578430176,0.1825136144956,0.45542753124397,1.0,chase
1.0,0.78303948879242,38.2631492614746,0.1825136144956,0.45836367547539,1.0,chase
1.0,0.78166482448578,39.0486717224121,0.1825136144956,0.46129294638529,1.0,chase
1.0,0.7801796169281,39.8973617553711,0.1825136144956,0.46421479125739,1.0,chase
1.0,0.77859076881409,40.8052749633789,0.1825136144956,0.46712869188892,1.0,chase
1.0,0.7769050359726,41.7685508728027,0.1825136144956,0.47003416385625,1.0,chase
1.0,0.77698929691315,41.720401763916,0.1825136144956,0.47294005712828,1.0,chase
1.0,0.77669551181793,41.8882789611816,0.1825136144956,0.47584448147483,1.0,chase
1.0,0.77602823352814,42.2695808410645,0.1825136144956,0.47874556942994,1.0,chase
1.0,0.77478413295746,42.9804954528809,0.1825136144956,0.48164043688219,1.0,chase
1.0,0.77178513240814,44.6942100524902,0.1825136144956,0.48452030933169,1.0,chase
1.0,0.76856431102753,46.5346794128418,0.1825136144956,0.48738407767429,1.0,chase
1.0,0.76603793811798,47.9783210754395,0.1825136144956,0.49023521415234,1.0,chase
1.0,0.76331493186951,49.5343246459961,0.1825136144956,0.49307273559916,1.0,chase
1.0,0.76041631412506,51.1906776428223,0.1825136144956,0.49589576395724,1.0,chase
1.0,0.75736098384857,52.936580657959,0.1825136144956,0.49870351566395,1.0,chase
1.0,0.75416610431671,54.7622261047363,0.1825136144956,0.501495292973,1.0,chase
1.0,0.75084726333618,56.6587066650391,0.1825136144956,0.50427047607714,1.0,chase
1.0,0.74741849994659,58.6180000305176,0.1825136144956,0.50702851536434,1.0,chase
1.0,0.74389232444763,60.6329574584961,0.1825136144956,0.50976892377404,1.0,chase
1.0,0.74027962493896,62.6973571777344,0.1825136144956,0.5124912686862,1.0,chase
1.0,0.73659043502808,64.8054656982422,0.1825136144956,0.5151951676488,1.0,chase
1.0,0.73283331298828,66.952392578125,0.1825136144956,0.51788028100121,1.0,chase
1.0,0.7312691783905,67.8461837768555,0.1825136144956,0.52055757368062,1.0,chase
1.0,0.72951198196411,68.8502960205078,0.1825136144956,0.52322608037791,1.0,chase
1.0,0.72757390022278,69.9577713012695,0.1825136144956,0.52588489666648,1.0,chase
1.0,0.72546701622009,71.1617050170898,0.1825136144956,0.52853317853505,1.0,chase
1.0,0.72320301246643,72.4554214477539,0.1825136144956,0.53117014038484,1.0,chase
1.0,0.72079323768616,73.8324356079102,0.1825136144956,0.53379505336074,1.0,chase
1.0,0.71824847984314,75.2865829467773,0.1825136144956,0.53640724254742,1.0,chase
1.0,0.71557905960083,76.8119659423828,0.1825136144956,0.53900608463288,1.0,chase
1.0,0.7127945098877,78.4031372070312,0.1825136144956,0.54159100396978,1.0,chase
1.0,0.713044008255,78.2605667114258,0.1825136144956,0.54417717079852,1.0,chase
1.0,0.71312240791321,78.2157669067383,0.1825136144956,0.54676372962555,1.0,chase
1.0,0.71303197860718,78.2674407958984,0.1825136144956,0.54934983630605,1.0,chase
1.0,0.71565716552734,76.767333984375,0.1825136144956,0.55194906892115,1.0,chase
1.0,0.71809838294983,75.3723526000977,0.1825136144956,0.55456050762336,1.0,chase
1.0,0.72034524345398,74.0884323120117,0.1825136144956,0.5571831806281,1.0,chase
1.0,0.7223874797821,72.9214401245117,0.1825136144956,0.55981606481447,1.0,chase
1.0,0.72149020957947,73.4341659545898,0.1825136144956,0.56244446264983,1.0,chase
1.0,0.72045132064819,74.0278167724609,0.1825136144956,0.56506766604054,1.0,chase
1.0,0.71927421760559,74.7004470825195,0.1825136144956,0.56768498391603,1.0,chase
0.0,0.0,74.7004470825195,0.1825136144956,0.56670593070349,1.0,investigate
0.0,0.0,74.7004470825195,0.0,0.56420593070349,0.0,alert
0.0,0.0,74.7004470825195,0.0,0.56170593070349,0.0,alert
0.0,0.0,74.7004470825195,0.0,0.55920593070349,0.0,alert
0.0,0.0,74.7004470825195,0.0,0.55670593070349,0.0,alert
0.0,0.0,74.7004470825195,0.0,0.55420593070349,0.0,alert
0.0,0.0,74.7004470825195,0.0,0.55170593070349,0.0,alert
0.0,0.0,74.7004470825195,0.0,0.54920593070349,0.0,alert
0.0,0.0,74.7004470825195,0.0,0.54670593070349,0.0,alert
0.0,0.0,74.7004470825195,0.0,0.54420593070349,0.0,alert
0.0,0.0,74.7004470825195,0.0,0.54170593070349,0.0,alert
0.0,0.0,74.7004470825195,0.15413223107656,0.54049036596246,1.0,investigate
0.0,0.0,74.7004470825195,0.0,0.53799036596246,0.0,alert
0.0,0.0,74.7004470825195,0.0,0.53549036596246,0.0,alert
0.0,0.0,74.7004470825195,0.0,0.53299036596246,0.0,alert
0.0,0.0,74.7004470825195,0.0,0.53049036596246,0.0,alert
0.0,0.0,74.7004470825195,0.0,0.52799036596246,0.0,alert
0.0,0.0,74.7004470825195,0.0,0.52549036596246,0.0,alert
0.0,0.0,74.7004470825195,0.0,0.52299036596246,0.0,alert
0.0,0.0,74.7004470825195,0.0,0.52049036596246,0.0,alert
0.0,0.0,74.7004470825195,0.0,0.51799036596246,0.0,alert
0.0,0.0,74.7004470825195,0.0,0.51549036596246,0.0,alert
0.0,0.0,74.7004470825195,0.0,0.51299036596246,0.0,alert
0.0,0.0,74.7004470825195,0.0,0.51049036596246,0.0,alert
0.0,0.0,74.7004470825195,0.0,0.50799036596246,0.0,alert
0.0,0.0,74.7004470825195,0.0,0.50549036596246,0.0,alert
0.0,0.0,74.7004470825195,0.0,0.50299036596246,0.0,alert
0.0,0.0,74.7004470825195,0.0,0.50049036596246,0.0,alert
0.0,0.0,74.7004470825195,0.0,0.49799036596246,0.0,alert
0.0,0.0,74.7004470825195,0.0,0.49549036596246,0.0,alert
0.0,0.0,74.7004470825195,0.0,0.49299036596246,0.0,alert
0.0,0.0,74.7004470825195,0.0,0.49049036596246,0.0,alert
0.0,0.0,74.7004470825195,0.0,0.48799036596246,0.0,alert
0.0,0.0,74.7004470825195,0.0,0.48549036596246,0.0,alert
0.0,0.0,74.7004470825195,0.0,0.48299036596246,0.0,alert
0.0,0.0,74.7004470825195,0.0,0.48049036596246,0.0,alert
0.0,0.0,74.7004470825195,0.13544432322184,0.47911906865598,1.0,investigate
0.0,0.0,74.7004470825195,0.0,0.47661906865598,0.0,alert
0.0,0.0,74.7004470825195,0.0,0.47411906865598,0.0,alert
0.0,0.0,74.7004470825195,0.0,0.47161906865598,0.0,alert
0.0,0.0,74.7004470825195,0.0,0.46911906865598,0.0,alert
0.0,0.0,74.7004470825195,0.0,0.46661906865598,0.0,alert
0.0,0.0,74.7004470825195,0.0,0.46411906865598,0.0,alert
0.0,0.0,74.7004470825195,0.0,0.46161906865598,0.0,alert
0.0,0.0,74.7004470825195,0.0,0.45911906865598,0.0,alert
0.0,0.0,74.7004470825195,0.0,0.45661906865598,0.0,alert
0.0,0.0,74.7004470825195,0.0,0.45411906865598,0.0,alert
0.0,0.0,74.7004470825195,0.0,0.45161906865598,0.0,alert
0.0,0.0,74.7004470825195,0.0,0.44911906865598,0.0,alert
0.0,0.0,74.7004470825195,0.0,0.44661906865598,0.0,alert
0.0,0.0,74.7004470825195,0.0,0.44411906865598,0.0,alert
0.0,0.0,74.7004470825195,0.0,0.44161906865598,0.0,alert
0.0,0.0,74.7004470825195,0.0,0.43911906865598,0.0,alert
0.0,0.0,74.7004470825195,0.0,0.43661906865598,0.0,alert
0.0,0.0,74.7004470825195,0.0,0.43411906865598,0.0,alert
0.0,0.0,74.7004470825195,0.0,0.43161906865598,0.0,alert
0.0,0.0,74.7004470825195,0.0,0.42911906865598,0.0,alert
0.0,0.0,74.7004470825195,0.0,0.42661906865598,0.0,alert
0.0,0.0,74.7004470825195,0.0,0.42411906865598,0.0,alert
0.0,0.0,74.7004470825195,0.0,0.42161906865598,0.0,alert
0.0,0.0,74.7004470825195,0.0,0.41911906865598,0.0,alert
0.0,0.0,74.7004470825195,0.0,0.41661906865598,0.0,alert
0.0,0.0,74.7004470825195,0.0,0.41411906865598,0.0,alert
0.0,0.0,74.7004470825195,0.0,0.41161906865598,0.0,alert
0.0,0.0,74.7004470825195,0.0,0.40911906865598,0.0,alert
0.0,0.0,74.7004470825195,0.0,0.40661906865598,0.0,alert
0.0,0.0,74.7004470825195,0.0,0.40411906865598,0.0,alert
0.0,0.0,74.7004470825195,0.0,0.40161906865598,0.0,alert
0.0,0.0,74.7004470825195,0.0,0.39911906865598,0.0,alert
0.0,0.0,74.7004470825195,0.0,0.39661906865598,0.0,alert
0.0,0.0,74.7004470825195,0.0,0.39411906865598,0.0,alert
0.0,0.0,74.7004470825195,0.0,0.39161906865598,0.0,alert
0.0,0.0,74.7004470825195,0.0,0.38911906865598,0.0,alert
0.0,0.0,74.7004470825195,0.0,0.38661906865598,0.0,alert
0.0,0.0,74.7004470825195,0.0,0.38411906865598,0.0,alert
0.0,0.0,74.7004470825195,0.0,0.38161906865598,0.0,alert
0.0,0.0,74.7004470825195,0.0,0.37911906865598,0.0,alert
0.0,0.0,74.7004470825195,0.0,0.37661906865598,0.0,alert
0.0,0.0,74.7004470825195,0.0,0.37411906865598,0.0,alert
0.0,0.0,74.7004470825195,0.0,0.37161906865598,0.0,alert
0.0,0.0,74.7004470825195,0.0,0.36911906865598,0.0,alert
0.0,0.0,74.7004470825195,0.0,0.36661906865598,0.0,alert
0.0,0.0,74.7004470825195,0.0,0.36411906865598,0.0,alert
0.0,0.0,74.7004470825195,0.0,0.36161906865598,0.0,alert
0.0,0.0,74.7004470825195,0.0,0.35911906865598,0.0,alert
0.0,0.0,74.7004470825195,0.0,0.35661906865598,0.0,alert
0.0,0.0,74.7004470825195,0.0,0.35411906865598,0.0,alert
0.0,0.0,74.7004470825195,0.0,0.35161906865598,0.0,alert
0.0,0.0,74.7004470825195,0.0,0.34911906865598,0.0,alert
0.0,0.0,74.7004470825195,0.0,0.34661906865598,0.0,alert
0.0,0.0,74.7004470825195,0.0,0.34411906865598,0.0,alert
0.0,0.0,74.7004470825195,0.0,0.34161906865598,0.0,alert
0.0,0.0,74.7004470825195,0.0,0.33911906865598,0.0,alert
0.0,0.0,74.7004470825195,0.0,0.33661906865598,0.0,alert
0.0,0.0,74.7004470825195,0.0,0.33411906865598,0.0,alert
0.0,0.0,74.7004470825195,0.0,0.33161906865598,0.0,alert
0.0,0.0,74.7004470825195,0.0,0.32911906865598,0.0,alert
0.0,0.0,74.7004470825195,0.0,0.32661906865598,0.0,alert
0.0,0.0,74.7004470825195,0.0,0.32411906865598,0.0,alert
0.0,0.0,74.7004470825195,0.0,0.32161906865598,0.0,alert
0.0,0.0,74.7004470825195,0.0,0.31911906865598,0.0,alert
0.0,0.0,74.7004470825195,0.0,0.31661906865598,0.0,alert
0.0,0.0,74.7004470825195,0.0,0.31411906865598,0.0,alert
0.0,0.0,74.7004470825195,0.0,0.31161906865598,0.0,alert
0.0,0.0,74.7004470825195,0.0,0.30911906865598,0.0,alert
0.0,0.0,74.7004470825195,0.0,0.30661906865598,0.0,alert
0.0,0.0,74.7004470825195,0.0,0.30411906865598,0.0,alert
0.0,0.0,74.7004470825195,0.0,0.30161906865598,0.0,alert
0.0,0.0,74.7004470825195,0.0,0.29911906865598,0.0,patrol
0.0,0.0,74.7004470825195,0.0,0.29661906865598,0.0,patrol
0.0,0.0,74.7004470825195,0.0,0.29411906865598,0.0,patrol
0.0,0.0,74.7004470825195,0.0,0.29161906865598,0.0,patrol
0.0,0.0,74.7004470825195,0.0,0.28911906865598,0.0,patrol
0.0,0.0,74.7004470825195,0.0,0.28661906865598,0.0,patrol
0.0,0.0,74.7004470825195,0.0,0.28411906865598,0.0,patrol
0.0,0.0,74.7004470825195,0.0,0.28161906865598,0.0,patrol
0.0,0.0,74.7004470825195,0.0,0.27911906865598,0.0,patrol
0.0,0.0,74.7004470825195,0.0,0.27661906865598,0.0,patrol
0.0,0.0,74.7004470825195,0.0,0.27411906865598,0.0,patrol
0.0,0.0,74.7004470825195,0.0,0.27161906865598,0.0,patrol
0.0,0.0,74.7004470825195,0.0,0.26911906865598,0.0,patrol
0.0,0.0,74.7004470825195,0.0,0.26661906865598,0.0,patrol
0.0,0.0,74.7004470825195,0.0,0.26411906865598,0.0,patrol
0.0,0.0,74.7004470825195,0.0,0.26161906865598,0.0,patrol
0.0,0.0,74.7004470825195,0.0,0.25911906865598,0.0,patrol
0.0,0.0,74.7004470825195,0.0,0.25661906865598,0.0,patrol
0.0,0.0,74.7004470825195,0.0,0.25411906865598,0.0,patrol
0.0,0.0,74.7004470825195,0.0,0.25161906865598,0.0,patrol
0.0,0.0,74.7004470825195,0.0,0.24911906865598,0.0,patrol
0.0,0.0,74.7004470825195,0.0,0.24661906865598,0.0,patrol
0.0,0.0,74.7004470825195,0.0,0.24411906865598,0.0,patrol
0.0,0.0,74.7004470825195,0.0,0.24161906865598,0.0,patrol
0.0,0.0,74.7004470825195,0.0,0.23911906865598,0.0,patrol
0.0,0.0,74.7004470825195,0.0,0.23661906865598,0.0,patrol
0.0,0.0,74.7004470825195,0.0,0.23411906865598,0.0,patrol
0.0,0.0,74.7004470825195,0.0,0.23161906865598,0.0,patrol
0.0,0.0,74.7004470825195,0.0,0.22911906865598,0.0,patrol
0.0,0.0,74.7004470825195,0.0,0.22661906865598,0.0,patrol
0.0,0.0,74.7004470825195,0.0,0.22411906865598,0.0,patrol
0.0,0.0,74.7004470825195,0.0,0.22161906865598,0.0,patrol
0.0,0.0,74.7004470825195,0.0,0.21911906865598,0.0,patrol
0.0,0.0,74.7004470825195,0.0,0.21661906865598,0.0,patrol
0.0,0.0,74.7004470825195,0.0,0.21411906865598,0.0,patrol
0.0,0.0,74.7004470825195,0.0,0.21161906865598,0.0,patrol
0.0,0.0,74.7004470825195,0.0,0.20911906865598,0.0,patrol
0.0,0.0,74.7004470825195,0.0,0.20661906865598,0.0,patrol
0.0,0.0,74.7004470825195,0.0,0.20411906865598,0.0,patrol
0.0,0.0,74.7004470825195,0.0,0.20161906865598,0.0,patrol
0.0,0.0,74.7004470825195,0.0,0.19911906865598,0.0,patrol
0.0,0.0,74.7004470825195,0.0,0.19661906865598,0.0,patrol
0.0,0.0,74.7004470825195,0.0,0.19411906865598,0.0,patrol
0.0,0.0,74.7004470825195,0.0,0.19161906865598,0.0,patrol
0.0,0.0,74.7004470825195,0.0,0.18911906865598,0.0,patrol
0.0,0.0,74.7004470825195,0.0,0.18661906865598,0.0,patrol
0.0,0.0,74.7004470825195,0.0,0.18411906865598,0.0,patrol
0.0,0.0,74.7004470825195,0.0,0.18161906865598,0.0,patrol
0.0,0.0,74.7004470825195,0.0,0.17911906865598,0.0,patrol
0.0,0.0,74.7004470825195,0.0,0.17661906865598,0.0,patrol
0.0,0.0,74.7004470825195,0.0,0.17411906865598,0.0,patrol
0.0,0.0,74.7004470825195,0.0,0.17161906865598,0.0,patrol
0.0,0.0,74.7004470825195,0.0,0.16911906865598,0.0,patrol
0.0,0.0,74.7004470825195,0.0,0.16661906865598,0.0,patrol
0.0,0.0,74.7004470825195,0.0,0.16411906865598,0.0,patrol
0.0,0.0,74.7004470825195,0.0,0.16161906865598,0.0,patrol
0.0,0.0,74.7004470825195,0.0,0.15911906865598,0.0,patrol
0.0,0.0,74.7004470825195,0.0,0.15661906865598,0.0,patrol
0.0,0.0,74.7004470825195,0.0,0.15411906865598,0.0,patrol
0.0,0.0,74.7004470825195,0.0,0.15161906865598,0.0,patrol
0.0,0.0,74.7004470825195,0.0,0.14911906865598,0.0,patrol
0.0,0.0,74.7004470825195,0.0,0.14661906865598,0.0,patrol
0.0,0.0,74.7004470825195,0.0,0.14411906865598,0.0,patrol
0.0,0.0,74.7004470825195,0.0,0.14161906865598,0.0,patrol
0.0,0.0,74.7004470825195,0.0,0.13911906865598,0.0,patrol
0.0,0.0,74.7004470825195,0.0,0.13661906865598,0.0,patrol
0.0,0.0,74.7004470825195,0.0,0.13411906865598,0.0,patrol
0.0,0.0,74.7004470825195,0.0,0.13161906865598,0.0,patrol
0.0,0.0,74.7004470825195,0.0,0.12911906865598,0.0,patrol
0.0,0.0,74.7004470825195,0.0,0.12661906865598,0.0,patrol
0.0,0.0,74.7004470825195,0.0,0.12411906865598,0.0,patrol
0.0,0.0,74.7004470825195,0.0,0.12161906865598,0.0,patrol
0.0,0.0,74.7004470825195,0.0,0.11911906865598,0.0,patrol
0.0,0.0,74.7004470825195,0.0,0.11661906865598,0.0,patrol
0.0,0.0,74.7004470825195,0.0,0.11411906865598,0.0,patrol
0.0,0.0,74.7004470825195,0.0,0.11161906865598,0.0,patrol
0.0,0.0,74.7004470825195,0.0,0.10911906865598,0.0,patrol
0.0,0.0,74.7004470825195,0.0,0.10661906865598,0.0,patrol
0.0,0.0,74.7004470825195,0.0,0.10411906865598,0.0,patrol
0.0,0.0,74.7004470825195,0.0,0.10161906865598,0.0,patrol
0.0,0.0,74.7004470825195,0.0,0.09911906865598,0.0,patrol
0.0,0.0,74.7004470825195,0.0,0.09661906865598,0.0,patrol
0.0,0.0,74.7004470825195,0.0,0.09411906865598,0.0,patrol
0.0,0.0,74.7004470825195,0.0,0.09161906865598,0.0,patrol
0.0,0.0,74.7004470825195,0.0,0.08911906865598,0.0,patrol
0.0,0.0,74.7004470825195,0.0,0.08661906865598,0.0,patrol
0.0,0.0,74.7004470825195,0.0,0.08411906865598,0.0,patrol
0.0,0.0,74.7004470825195,0.0,0.08161906865598,0.0,patrol
0.0,0.0,74.7004470825195,0.0,0.07911906865598,0.0,patrol
0.0,0.0,74.7004470825195,0.0,0.07661906865598,0.0,patrol
0.0,0.0,74.7004470825195,0.0,0.07411906865598,0.0,patrol
0.0,0.0,74.7004470825195,0.0,0.07161906865598,0.0,patrol
0.0,0.0,74.7004470825195,0.0,0.06911906865598,0.0,patrol
0.0,0.0,74.7004470825195,0.0,0.06661906865598,0.0,patrol
0.0,0.0,74.7004470825195,0.0,0.06411906865598,0.0,patrol
0.0,0.0,74.7004470825195,0.0,0.06161906865598,0.0,patrol
0.0,0.0,74.7004470825195,0.0,0.05911906865598,0.0,patrol
0.0,0.0,74.7004470825195,0.0,0.05661906865598,0.0,patrol
0.0,0.0,74.7004470825195,0.0,0.05411906865598,0.0,patrol
0.0,0.0,74.7004470825195,0.0,0.05161906865598,0.0,patrol
0.0,0.0,74.7004470825195,0.0,0.04911906865598,0.0,patrol
0.0,0.0,74.7004470825195,0.0,0.04661906865598,0.0,patrol
0.0,0.0,74.7004470825195,0.0,0.04411906865598,0.0,patrol
0.0,0.0,74.7004470825195,0.0,0.04161906865598,0.0,patrol
0.0,0.0,74.7004470825195,0.0,0.03911906865598,0.0,patrol
0.0,0.0,74.7004470825195,0.0,0.03661906865598,0.0,patrol
0.0,0.0,74.7004470825195,0.0,0.03411906865598,0.0,patrol
0.0,0.0,74.7004470825195,0.0,0.03161906865598,0.0,patrol
0.0,0.0,74.7004470825195,0.0,0.02911906865598,0.0,patrol
0.0,0.0,74.7004470825195,0.0,0.02661906865598,0.0,patrol
0.0,0.0,74.7004470825195,0.0,0.02411906865598,0.0,patrol
0.0,0.0,74.7004470825195,0.0,0.02161906865598,0.0,patrol
0.0,0.0,74.7004470825195,0.0,0.01911906865598,0.0,patrol
0.0,0.0,74.7004470825195,0.0,0.01661906865598,0.0,patrol
0.0,0.0,74.7004470825195,0.0,0.01411906865598,0.0,patrol
0.0,0.0,74.7004470825195,0.0,0.01161906865598,0.0,patrol
0.0,0.0,74.7004470825195,0.0,0.00911906865598,0.0,patrol
0.0,0.0,74.7004470825195,0.0,0.00661906865598,0.0,patrol
0.0,0.0,74.7004470825195,0.0,0.00411906865598,0.0,patrol
0.0,0.0,74.7004470825195,0.0,0.00161906865598,0.0,patrol
0.0,0.0,74.7004470825195,0.0,0.0,0.0,patrol
0.0,0.31505072021484,74.7004470825195,0.0,0.0,0.0,patrol
0.0,0.31507955932617,74.7004470825195,0.0,0.0,0.0,patrol
0.0,0.31508148193359,74.7004470825195,0.04079806009928,0.0,1.0,investigate
0.0,0.0,74.7004470825195,0.0,0.0,0.0,patrol
0.0,0.0,74.7004470825195,0.05932092666626,0.0,1.0,investigate
0.0,0.3994105682373,74.7004470825195,0.05932092666626,0.0,1.0,investigate
0.0,0.40014078521729,74.7004470825195,0.05932092666626,0.0,1.0,investigate
0.0,0.40079180145264,74.7004470825195,0.05932092666626,0.0,1.0,investigate
0.0,0.40136324310303,74.7004470825195,0.05932092666626,0.00000115727107,1.0,investigate
0.0,0.40185478973389,74.7004470825195,0.05932092666626,0.00000477227529,1.0,investigate
0.0,0.40219450378418,74.7004470825195,0.05932092666626,0.00001008584976,1.0,investigate
0.0,0.40237464141846,74.7004470825195,0.05932092666626,0.00001630011241,1.0,investigate
0.0,0.40254647445679,74.7004470825195,0.05932092666626,0.00002337354024,1.0,investigate
0.0,0.40269945526123,74.7004470825195,0.05932092666626,0.0000312118721,1.0,investigate
0.0,0.40561557006836,74.7004470825195,0.05932092666626,0.00005363077799,1.0,investigate
0.0,0.40853171157837,74.7004470825195,0.05932092666626,0.00009063039144,1.0,investigate
0.0,0.4114478263855,74.7004470825195,0.05932092666626,0.00014221057892,1.0,investigate
0.0,0.41436391448975,74.7004470825195,0.05932092666626,0.00020837120692,1.0,investigate
0.0,0.41728000259399,74.7004470825195,0.05932092666626,0.00028911227544,1.0,investigate
0.0,0.42019611740112,74.7004470825195,0.05932092666626,0.000384433918,1.0,investigate
0.0,0.42311217880249,74.7004470825195,0.05932092666626,0.00049433586756,1.0,investigate
0.0,0.42602826690674,74.7004470825195,0.05932092666626,0.00061881825765,1.0,investigate
0.0,0.42894432830811,74.7004470825195,0.05932092666626,0.00075788095474,1.0,investigate
0.0,0.43186038970947,74.7004470825195,0.07555368741353,0.00104679696507,1.0,investigate
0.0,0.43477642440796,74.7004470825195,0.07555368741353,0.00135029314889,1.0,investigate
0.0,0.43770946884155,74.7004470825195,0.07555368741353,0.00166845455488,1.0,investigate
0.0,0.44073551940918,74.7004470825195,0.07555368741353,0.0020017462137,1.0,investigate
0.0,0.44373753738403,74.7004470825195,0.07555368741353,0.0023500479624,1.0,investigate
0.0,0.4467140007019,74.7004470825195,0.07555368741353,0.00271323202769,1.0,investigate
0.0,0.44966437530518,74.7004470825195,0.07555368741353,0.00309116796599,1.0,investigate
0.0,0.45258802032471,74.7004470825195,0.07555368741353,0.0034837221294,1.0,investigate
0.0,0.45857787704468,74.7004470825195,0.07555368741353,0.0039062255764,1.0,investigate
0.0,0.46454909515381,74.7004470825195,0.07555368741353,0.00435858511395,1.0,investigate
0.0,0.4704937171936,74.7004470825195,0.07555368741353,0.0048406677617,1.0,investigate
0.0,0.47641040802002,74.7004470825195,0.07555368741353,0.00535233386358,1.0,investigate
0.0,0.48229780578613,74.7004470825195,0.07555368741353,0.00589343695429,1.0,investigate
0.0,0.4895821647644,74.7004470825195,0.07555368741353,0.00647096183989,1.0,investigate
0.0,0.49686623001099,74.7004470825195,0.07555368741353,0.00708490705172,1.0,investigate
0.0,0.50414994812012,74.7004470825195,0.07555368741353,0.0077352708541,1.0,chase
0.0,0.50852038192749,74.7004470825195,0.07555368741353,0.00840748682552,1.0,chase
0.0,0.51289068222046,74.7004470825195,0.07555368741353,0.0091015542984,1.0,chase
0.0,0.51726084899902,74.7004470825195,0.07555368741353,0.00981747260518,1.0,chase
0.0,0.52163088226318,74.7004470825195,0.07555368741353,0.01055524107827,1.0,chase
0.0,0.5260008354187,74.7004470825195,0.07555368741353,0.01131485931714,1.0,chase
0.0,0.53037060165405,74.7004470825195,0.07555368741353,0.01209632638719,1.0,chase
0.0,0.53474020767212,74.7004470825195,0.07555368741353,0.01289964148733,1.0,chase
0.0,0.53910970687866,74.7004470825195,0.07555368741353,0.01372480408351,1.0,chase
0.0,0.54347901916504,74.7004470825195,0.07555368741353,0.01457181324111,1.0,chase
0.0,0.54784819793701,74.7004470825195,0.11007386843363,0.01572833646774,1.0,chase
0.0,0.55221718978882,74.7004470825195,0.11007386843363,0.01690670465363,1.0,chase
0.0,0.55658599472046,74.7004470825195,0.11007386843363,0.01810691686418,1.0,chase
0.0,0.56095461273193,74.7004470825195,0.11007386843363,0.01932897216479,1.0,chase
0.0,0.56532304382324,74.7004470825195,0.11007386843363,0.02057286962085,1.0,chase
0.0,0.56856757736206,74.7004470825195,0.11007386843363,0.02183298974461,1.0,chase
0.0,0.57178116226196,74.7004470825195,0.11007386843363,0.02310917779287,1.0,chase
0.0,0.57496270370483,74.7004470825195,0.11007386843363,0.02440127354834,1.0,chase
0.0,0.5781110534668,74.7004470825195,0.11007386843363,0.02570911105262,1.0,chase
0.0,0.58122509002686,74.7004470825195,0.11007386843363,0.0270325187397,1.0,chase
0.0,0.58431528091431,74.7004470825195,0.11007386843363,0.02837137738122,1.0,chase
0.0,0.58740883636475,74.7004470825195,0.11007386843363,0.02972570379999,1.0,chase
0.0,0.59046765136719,74.7004470825195,0.11007386843363,0.03109532429377,1.0,chase
0.0,0.59348836135864,74.7004470825195,0.11007386843363,0.03248004833751,1.0,chase
0.0,0.59646955108643,74.7004470825195,0.11007386843363,0.03387967832989,1.0,chase
0.0,0.59940980529785,74.7004470825195,0.11007386843363,0.03529400959333,1.0,chase
1.0,0.60230770874023,141.538452148438,0.11007386843363,0.03672283037398,1.0,chase
1.0,0.60806957626343,138.245956420898,0.11007386843363,0.03818046049224,1.0,chase
1.0,0.61533673858643,134.093292236328,0.11007386843363,0.03967442642212,1.0,chase
1.0,0.62260235214233,129.941513061523,0.11007386843363,0.04120472041978,1.0,chase
1.0,0.62986623001099,125.790725708008,0.11007386843363,0.04277133380678,1.0,chase
1.0,0.63712745094299,121.641456604004,0.11007386843363,0.04437425329844,1.0,chase
1.0,0.64438652229309,117.49341583252,0.11007386843363,0.04601346814685,1.0,chase
1.0,0.65164319038391,113.346748352051,0.11007386843363,0.04768896633572,1.0,chase
1.0,0.65889720153809,109.201599121094,0.11007386843363,0.04940073458036,1.0,chase
1.0,0.66614823532104,105.058151245117,0.14528221289317,0.05144216086441,1.0,chase
1.0,0.67244123649597,101.46215057373,0.14528221289317,0.05351505215433,1.0,chase
1.0,0.67869852256775,97.8865585327148,0.14528221289317,0.05561922987461,1.0,chase
1.0,0.68491603469849,94.3336944580078,0.14528221289317,0.05775449515555,1.0,chase
1.0,0.69108911323547,90.8062210083008,0.14528221289317,0.05992062582917,1.0,chase
1.0,0.69721237754822,87.3072128295898,0.14528221289317,0.06211737282435,1.0,chase
1.0,0.7032795791626,83.8402404785156,0.14528221289317,0.06434445582761,1.0,chase
1.0,0.70928345489502,80.4094543457031,0.14528221289317,0.06660155820953,1.0,chase
1.0,0.71521556663513,77.0196762084961,0.14528221289317,0.06888832115014,1.0,chase
1.0,0.72106600761414,73.6765670776367,0.14528221289317,0.07120433629566,1.0,chase
1.0,0.7268231086731,70.3867950439453,0.14528221289317,0.07354913694647,1.0,chase
1.0,0.73247318458557,67.1581802368164,0.14528221289317,0.07592218797684,1.0,chase
1.0,0.73800002002716,63.9999885559082,0.14528221289317,0.07832287318442,1.0,chase
1.0,0.74338446235657,60.9231643676758,0.14528221289317,0.08075048060364,1.0,chase
1.0,0.74624485492706,59.2886543273926,0.14528221289317,0.08319238998572,1.0,chase
1.0,0.74910203647614,57.6559791564941,0.14528221289317,0.08564858527554,1.0,chase
1.0,0.74767319202423,58.4724617004395,0.14528221289317,0.08809763634311,1.0,chase
1.0,0.74624353313446,59.2894096374512,0.14528221289317,0.09053953911622,1.0,chase
1.0,0.74481307983398,60.1068115234375,0.14528221289317,0.09297428962284,1.0,chase
1.0,0.7433818655014,60.9246482849121,0.14528221289317,0.09540188405779,1.0,chase
1.0,0.74194993019104,61.7428970336914,0.14528221289317,0.09782231881618,1.0,chase
1.0,0.74051728725433,62.5615501403809,0.14528221289317,0.1002355903599,1.0,chase
1.0,0.73908398342133,63.3805809020996,0.14528221289317,0.10264169538445,1.0,chase
1.0,0.73765003204346,64.1999816894531,0.14528221289317,0.10504063065211,1.0,chase
1.0,0.73621545982361,65.0197372436523,0.14528221289317,0.10743239305867,1.0,chase
1.0,0.73478028678894,65.8398361206055,0.16570841868718,0.10998719798168,1.0,chase
1.0,0.73334455299377,66.6602554321289,0.16570841868718,0.1125348242357,1.0,chase
1.0,0.73190824508667,67.4810028076172,0.16570841868718,0.1150752689502,1.0,chase
1.0,0.73047142982483,68.3020401000977,0.16570841868718,0.11760852958838,1.0,chase
1.0,0.73078608322144,68.1222381591797,0.16570841868718,0.12014336349355,1.0,chase
1.0,0.73102092170715,67.9880447387695,0.16570841868718,0.12267937159114,1.0,chase
1.0,0.73117545127869,67.8997421264648,0.16570841868718,0.1252161523366,1.0,chase
1.0,0.73124937820435,67.8574981689453,0.16570841868718,0.12775330271668,1.0,chase
1.0,0.73124251556396,67.8614196777344,0.16570841868718,0.13029041878356,1.0,chase
1.0,0.73115491676331,67.9114761352539,0.16570841868718,0.13282709685644,1.0,chase
1.0,0.73098674201965,68.0075759887695,0.16570841868718,0.13536293405559,1.0,chase
1.0,0.7337752571106,66.4141387939453,0.16570841868718,0.13791271383021,1.0,chase
1.0,0.73638877487183,64.9207000732422,0.16570841868718,0.14047556119363,1.0,chase
1.0,0.73881491184235,63.5343360900879,0.16570841868718,0.1430505392419,1.0,chase
1.0,0.74104118442535,62.2621803283691,0.16570841868718,0.14563664865308,1.0,chase
1.0,0.74305511569977,61.1113624572754,0.16570841868718,0.14823282772064,1.0,chase
1.0,0.74484447574615,60.0888710021973,0.16570841868718,0.15083795358843,1.0,chase
1.0,0.74639766216278,59.2013359069824,0.16570841868718,0.15345084538831,1.0,chase
1.0,0.74606054496765,59.3939743041992,0.16570841868718,0.1560620516022,1.0,chase
1.0,0.74570389461517,59.5977745056152,0.16570841868718,0.15867147456434,1.0,chase
1.0,0.74532790470123,59.8126258850098,0.16570841868718,0.16127901757691,1.0,chase
1.0,0.74493278217316,60.0384101867676,0.16570841868718,0.16388458497683,1.0,chase
1.0,0.74451874065399,60.2750053405762,0.16570841868718,0.16648808216916,1.0,chase
1.0,0.74408600711823,60.5222816467285,0.16570841868718,0.16908941569381,1.0,chase
1.0,0.74363480854034,60.7801094055176,0.16570841868718,0.17168849322557,1.0,chase
1.0,0.74316537189484,61.0483589172363,0.16820397973061,0.17430601991614,1.0,chase
1.0,0.74267795085907,61.3268852233887,0.16820397973061,0.17692110950152,1.0,chase
1.0,0.74217277908325,61.6155548095703,0.16820397973061,0.17953367322803,1.0,chase
1.0,0.74313133907318,61.0678062438965,0.16820397973061,0.18215102975448,1.0,chase
1.0,0.74394011592865,60.6056480407715,0.16820397973061,0.18477243016521,1.0,chase
1.0,0.74307780647278,61.0983963012695,0.16820397973061,0.18738951902866,1.0,chase
1.0,0.74220235919952,61.5986518859863,0.16820397973061,0.19000223065575,1.0,chase
1.0,0.74131408119202,62.1062393188477,0.16820397973061,0.1926105008928,1.0,chase
1.0,0.74041329956055,62.6209716796875,0.16820397973061,0.19521426722169,1.0,chase
1.0,0.73950031471252,63.1426773071289,0.16820397973061,0.19781346862634,1.0,chase
1.0,0.73857542037964,63.6711883544922,0.16820397973061,0.20040804555933,1.0,chase
1.0,0.73763892364502,64.2063293457031,0.16820397973061,0.20299794000864,1.0,chase
1.0,0.73669109153748,64.7479476928711,0.16820397973061,0.20558309529742,1.0,chase
1.0,0.73573223114014,65.2958679199219,0.16820397973061,0.2081634562842,1.0,chase
1.0,0.73476259613037,65.8499450683594,0.16820397973061,0.21073896909595,1.0,chase
1.0,0.73378246688843,66.4100189208984,0.16820397973061,0.21330958126148,1.0,chase
1.0,0.73279211044312,66.9759368896484,0.16820397973061,0.21587524164478,1.0,chase
1.0,0.73179176712036,67.5475616455078,0.16820397973061,0.21843590031147,1.0,chase
1.0,0.73078171730041,68.1247329711914,0.16820397973061,0.22099150872906,1.0,chase
1.0,0.72976217460632,68.7073287963867,0.16820397973061,0.22354201943318,1.0,chase
1.0,0.72873339271545,69.2952041625977,0.16820397973061,0.22608738622785,1.0,chase
1.0,0.72769561195374,69.8882217407227,0.16820397973061,0.2286275641187,1.0,chase
1.0,0.72664904594421,70.4862594604492,0.16820397973061,0.23116250917951,1.0,chase
1.0,0.72567161369324,71.044792175293,0.16820397973061,0.23369256707907,1.0,chase
1.0,0.72468480873108,71.6086807250977,0.16820397973061,0.23621769095381,1.0,chase
1.0,0.72368884468079,72.1778030395508,0.16820397973061,0.2387378350083,1.0,chase
1.0,0.72268394851685,72.7520294189453,0.16820397973061,0.24125295458198,1.0,chase
1.0,0.72167030715942,73.3312530517578,0.16820397973061,0.24376300594886,1.0,chase
1.0,0.72064810752869,73.9153671264648,0.16820397973061,0.24626794631759,1.0,chase
1.0,0.71961761665344,74.5042190551758,0.16820397973061,0.24876773423195,1.0,chase
1.0,0.71857895469666,75.0977401733398,0.16820397973061,0.25126232883652,1.0,chase
1.0,0.71753238868713,75.6957778930664,0.16820397973061,0.25375169061104,1.0,chase
1.0,0.7164780254364,76.2982711791992,0.16820397973061,0.25623578056931,1.0,chase
1.0,0.71541614532471,76.9050598144531,0.16820397973061,0.25871456112703,1.0,chase
1.0,0.71434682846069,77.5160980224609,0.16820397973061,0.26118799510042,1.0,chase
1.0,0.71327032852173,78.1312408447266,0.16820397973061,0.26365604657412,1.0,chase
1.0,0.71218675231934,78.7504272460938,0.16820397973061,0.2661186801668,1.0,chase
1.0,0.71109631347656,79.37353515625,0.16820397973061,0.26857586156527,1.0,chase
1.0,0.70999911880493,80.0005035400391,0.16820397973061,0.27102755699038,1.0,chase
1.0,0.70889538192749,80.6312103271484,0.16820397973061,0.27347373373111,1.0,chase
1.0,0.70778520965576,81.2655944824219,0.16820397973061,0.27591435961048,1.0,chase
1.0,0.70666880226135,81.9035415649414,0.16820397973061,0.27834940345287,1.0,chase
1.0,0.70554622650146,82.5450134277344,0.16820397973061,0.28077883441647,1.0,chase
1.0,0.70444038009644,83.1769256591797,0.16820397973061,0.28320273614804,1.0,chase
1.0,0.70332836532593,83.8123626708984,0.16820397973061,0.28562107780576,1.0,chase
1.0,0.70221032905579,84.4512405395508,0.16820397973061,0.28803382928212,1.0,chase
1.0,0.70108640480042,85.0934829711914,0.16820397973061,0.29044096113722,1.0,chase
1.0,0.69995672607422,85.739013671875,0.16820397973061,0.29284244459867,1.0,chase
1.0,0.69882141304016,86.3877639770508,0.16820397973061,0.29523825149496,1.0,chase
1.0,0.69768059921265,87.0396575927734,0.16820397973061,0.29762835432212,1.0,chase
1.0,0.6965343914032,87.6946334838867,0.16820397973061,0.30001272611022,1.0,chase
1.0,0.6953829498291,88.3526000976562,0.16820397973061,0.30239134069045,1.0,chase
1.0,0.69422634124756,89.0135192871094,0.16820397973061,0.30476417222778,1.0,chase
1.0,0.69306472587585,89.6772994995117,0.16820397973061,0.30713119568825,1.0,chase
1.0,0.69189817047119,90.3439025878906,0.16820397973061,0.30949238637169,1.0,chase
1.0,0.69072682189941,91.0132446289062,0.16820397973061,0.31184772031228,1.0,chase
1.0,0.68955074691772,91.6852874755859,0.16820397973061,0.31419717387795,1.0,chase
1.0,0.68837005233765,92.3599700927734,0.16820397973061,0.31654072397073,1.0,chase
1.0,0.68718488502502,93.0372085571289,0.16820397973061,0.31887834822694,1.0,chase
1.0,0.68599528503418,93.7169799804688,0.16820397973061,0.3212100244832,1.0,chase
1.0,0.68480139923096,94.3992004394531,0.16820397973061,0.32353573131045,1.0,chase
1.0,0.68360326766968,95.0838470458984,0.16820397973061,0.32585544747988,1.0,chase
1.0,0.68165370368958,96.197883605957,0.16820397973061,0.32816541582942,1.0,chase
1.0,0.67966987991333,97.3314971923828,0.16820397973061,0.33046546506008,1.0,chase
1.0,0.67765301132202,98.4839935302734,0.16820397973061,0.33275542994777,1.0,chase
1.0,0.67560423278809,99.6547241210938,0.16820397973061,0.3350351509428,1.0,chase
1.0,0.67352465248108,100.843055725098,0.16820397973061,0.3373044740363,1.0,chase
1.0,0.67141535186768,102.048370361328,0.16820397973061,0.33956325062672,1.0,chase
1.0,0.66927735900879,103.270080566406,0.16820397973061,0.34181133725286,1.0,chase
1.0,0.66711170196533,104.507598876953,0.16820397973061,0.34404859559377,1.0,chase
1.0,0.66491934204102,105.760375976562,0.16820397973061,0.34627489213506,1.0,chase
1.0,0.66270120048523,107.027885437012,0.16820397973061,0.34849009796858,1.0,chase
1.0,0.6604582118988,108.309593200684,0.16820397973061,0.35069408885916,1.0,chase
1.0,0.65819121742249,109.605018615723,0.16820397973061,0.35288674477736,1.0,chase
1.0,0.6559010848999,110.913665771484,0.16820397973061,0.35506795003295,1.0,chase
1.0,0.65483449172974,111.523147583008,0.16820397973061,0.35724382232269,1.0,chase
1.0,0.65363263511658,112.209922790527,0.16820397973061,0.35941368532936,1.0,chase
1.0,0.65229797172546,112.972587585449,0.16820397973061,0.36157687501907,1.0,chase
1.0,0.65083318519592,113.809608459473,0.16820397973061,0.36373274077614,1.0,chase
1.0,0.64924110603333,114.719367980957,0.16820397973061,0.3658806461374,1.0,chase
1.0,0.64752476501465,115.700134277344,0.16820397973061,0.36801996979356,1.0,chase
1.0,0.64569002342224,116.748558044434,0.16820397973061,0.37015011974176,1.0,chase
1.0,0.64373745536804,117.864311218262,0.16820397973061,0.37227050684969,1.0,chase
1.0,0.64167037200928,119.045501708984,0.16820397973061,0.37438055854082,1.0,chase
1.0,0.63949216461182,120.290191650391,0.16820397973061,0.37647971919497,1.0,chase
1.0,0.63720622444153,121.59644317627,0.16820397973061,0.37856745014826,1.0,chase
1.0,0.63481599617004,122.962287902832,0.16820397973061,0.3806432299602,1.0,chase
1.0,0.63232492446899,124.385757446289,0.16820397973061,0.38270655441364,1.0,chase
1.0,0.62973641395569,125.864906311035,0.16820397973061,0.3847569363145,1.0,chase
1.0,0.627053855896,127.397796630859,0.16820397973061,0.38679390542507,1.0,chase
1.0,0.62428062820435,128.982498168945,0.16820397973061,0.38881700839718,1.0,chase
1.0,0.62141997528076,130.617156982422,0.16820397973061,0.39082580810467,1.0,chase
1.0,0.61847523498535,132.299865722656,0.16820397973061,0.39281988411069,1.0,chase
1.0,0.61544947814941,134.028869628906,0.16820397973061,0.39479883133253,1.0,chase
1.0,0.61234585571289,135.802368164062,0.16820397973061,0.39676226044218,1.0,chase
1.0,0.60916733169556,137.618667602539,0.16820397973061,0.39870979693174,1.0,chase
1.0,0.60591689682007,139.476058959961,0.16820397973061,0.40064108124693,1.0,chase
1.0,0.60259732818604,141.372955322266,0.16820397973061,0.40255576771895,1.0,chase
1.0,0.59921137619019,143.30778503418,0.16820397973061,0.40445352443099,1.0,chase
1.0,0.59576173782349,145.279006958008,0.16820397973061,0.4063340329512,1.0,chase
1.0,0.59225196456909,147.284591674805,0.16820397973061,0.40819699260513,1.0,chase
1.0,0.58868349838257,149.323715209961,0.16820397973061,0.41004210992813,1.0,chase
1.0,0.58505874252319,151.395004272461,0.16820397973061,0.41186910347184,1.0,chase
1.0,0.58137991333008,153.497192382812,0.16820397973061,0.41367770286957,1.0,chase
1.0,0.5776492805481,155.628982543945,0.16820397973061,0.4154676491034,1.0,chase
1.0,0.57386887359619,157.789215087891,0.16820397973061,0.41723869330247,1.0,chase
1.0,0.57004074859619,159.976715087891,0.16820397973061,0.41899059687654,1.0,chase
1.0,0.56616682815552,162.190383911133,0.16820397973061,0.42072313084841,1.0,chase
1.0,0.56224895477295,164.429168701172,0.16820397973061,0.42243607545336,1.0,chase
1.0,0.5582889175415,166.692047119141,0.16820397973061,0.42412921987216,1.0,chase
1.0,0.55428839874268,168.978057861328,0.16820397973061,0.42580236169696,1.0,chase
1.0,0.55024900054932,171.286285400391,0.16820397973061,0.42745530653079,1.0,chase
1.0,0.5461722984314,173.615829467773,0.16820397973061,0.42908786785404,1.0,chase
1.0,0.54205976104736,175.965850830078,0.16820397973061,0.43069986649036,1.0,chase
1.0,0.53791283035278,178.335525512695,0.16820397973061,0.43229113047322,1.0,chase
1.0,0.53373281478882,180.724105834961,0.16820397973061,0.43386149437825,1.0,chase
1.0,0.52952104949951,183.130828857422,0.16820397973061,0.43541079945684,1.0,chase
1.0,0.5252787361145,185.55500793457,0.16820397973061,0.4369388929685,1.0,chase
1.0,0.52100710296631,187.995941162109,0.16820397973061,0.43844562831442,1.0,chase
1.0,0.51927862548828,188.983642578125,0.16820397973061,0.43994372127295,1.0,chase
1.0,0.5175446472168,189.974487304688,0.16820397973061,0.44143314434012,1.0,chase
1.0,0.5158052482605,190.96842956543,0.16820397973061,0.44291387041251,1.0,chase
1.0,0.51406050872803,191.965423583984,0.16820397973061,0.44438587278724,1.0,chase
1.0,0.51231053543091,192.965408325195,0.16820397973061,0.44584912529548,1.0,chase
1.0,0.51055540847778,193.968338012695,0.16820397973061,0.44730360216896,1.0,chase
1.0,0.50879518127441,194.974182128906,0.16820397973061,0.44874927790642,1.0,chase
1.0,0.50702993392944,195.982894897461,0.16820397973061,0.45018612740715,1.0,chase
1.0,0.50525979995728,196.994400024414,0.16820397973061,0.45161412623803,1.0,chase
1.0,0.50348477935791,198.008697509766,0.16820397973061,0.45303324996591,1.0,chase
1.0,0.50170497894287,199.025726318359,0.16820397973061,0.45444347469171,1.0,chase
1.0,0.50020216751099,199.884475708008,0.16820397973061,0.45584618536035,1.0,chase
1.0,0.49869874191284,200.743576049805,0.16820397973061,0.45724137890101,1.0,investigate
1.0,0.4971947555542,201.602996826172,0.16820397973061,0.45862905250987,1.0,investigate
1.0,0.49569020843506,202.462738037109,0.16820397973061,0.46000920338313,1.0,investigate
1.0,0.49418510055542,203.322799682617,0.16820397973061,0.46138182871699,1.0,investigate
1.0,0.49267943191528,204.183181762695,0.16820397973061,0.46274692570766,1.0,investigate
1.0,0.49117325592041,205.043853759766,0.16820397973061,0.46410449181835,1.0,investigate
1.0,0.48966651916504,205.904846191406,0.16820397973061,0.46545452424526,1.0,investigate
1.0,0.48815924835205,206.766143798828,0.16820397973061,0.46679702031811,1.0,investigate
1.0,0.48665147018433,207.627731323242,0.16820397973061,0.46813197750012,1.0,investigate
1.0,0.48514315795898,208.489624023438,0.16820397973061,0.46945939312101,1.0,investigate
1.0,0.48363433837891,209.351806640625,0.16820397973061,0.47077926464399,1.0,investigate
1.0,0.48212503814697,210.214263916016,0.16820397973061,0.47209158966581,1.0,investigate
1.0,0.4806152305603,211.077011108398,0.16820397973061,0.4733963656497,1.0,investigate
1.0,0.4791049156189,211.940048217773,0.16820397973061,0.47469359005888,1.0,investigate
1.0,0.47759409332275,212.803375244141,0.16820397973061,0.47598326035659,1.0,investigate
1.0,0.47608284378052,213.666946411133,0.16820397973061,0.47726537440658,1.0,investigate
1.0,0.47457108688354,214.530807495117,0.16820397973061,0.47853992967208,1.0,investigate
1.0,0.4730588760376,215.394927978516,0.16820397973061,0.47980692388336,1.0,investigate
1.0,0.47154621124268,216.259307861328,0.16820397973061,0.48106635477066,1.0,investigate
1.0,0.4700330657959,217.123962402344,0.16820397973061,0.48231821993073,1.0,investigate
1.0,0.46851949310303,217.988861083984,0.16820397973061,0.48356251722733,1.0,investigate
1.0,0.46700546646118,218.854019165039,0.16820397973061,0.48479924439073,1.0,investigate
1.0,0.46549098587036,219.719436645508,0.16820397973061,0.48602839915117,1.0,investigate
1.0,0.46397607803345,220.585098266602,0.16820397973061,0.48724997937242,1.0,investigate
1.0,0.46246074295044,221.45100402832,0.16820397973061,0.48846398291826,1.0,investigate
1.0,0.46094498062134,222.317153930664,0.16820397973061,0.48967040765246,1.0,investigate
1.0,0.45942879104614,223.183547973633,0.16820397973061,0.49086925143878,1.0,investigate
1.0,0.45797089385986,224.016632080078,0.16820397973061,0.49206080573917,1.0,investigate
1.0,0.45948358535767,223.152236938477,0.16820397973061,0.49325992349704,1.0,investigate
1.0,0.46239542770386,221.488327026367,0.16820397973061,0.49447360046665,1.0,investigate
1.0,0.46530793762207,219.824035644531,0.16820397973061,0.49570183998585,1.0,investigate
1.0,0.46822039413452,218.159774780273,0.16820397973061,0.49694464178761,1.0,investigate
1.0,0.47113277053833,216.495559692383,0.16820397973061,0.49820200547139,1.0,investigate
1.0,0.4740450668335,214.831390380859,0.16820397973061,0.49947393063665,1.0,investigate
1.0,0.47695733642578,213.167236328125,0.16820397973061,0.50076041714986,1.0,investigate
1.0,0.47986952590942,211.503128051758,0.16820397973061,0.5020614646105,1.0,investigate
1.0,0.48305144119263,209.68489074707,0.16820397973061,0.50337842164755,1.0,investigate
1.0,0.48607733154297,207.955810546875,0.16820397973061,0.50471050813635,1.0,investigate
1.0,0.48907886886597,206.240646362305,0.16820397973061,0.50605760231177,1.0,investigate
1.0,0.49205543899536,204.539749145508,0.16820397973061,0.50741957933784,1.0,investigate
1.0,0.49500642776489,202.853469848633,0.16820397973061,0.50879631130775,1.0,investigate
1.0,0.49793119430542,201.182174682617,0.16820397973061,0.51018766711037,1.0,investigate
1.0,0.50082696151733,199.527450561523,0.16820397973061,0.51159350174904,1.0,chase
1.0,0.50369915008545,197.886199951172,0.16820397973061,0.51301369733056,1.0,chase
1.0,0.50650156402588,196.284820556641,0.16820397973061,0.51444790498177,1.0,chase
1.0,0.5092459526062,194.716598510742,0.16820397973061,0.51589583457589,1.0,chase
1.0,0.51193095397949,193.182312011719,0.16820397973061,0.51735718917688,1.0,chase
1.0,0.51773159408569,189.867660522461,0.16820397973061,0.5188475469784,1.0,chase
1.0,0.52349535751343,186.574081420898,0.16820397973061,0.52036672359705,1.0,chase
1.0,0.52922026824951,183.302703857422,0.16820397973061,0.52191452476939,1.0,chase
1.0,0.53200233459473,181.712951660156,0.16820397973061,0.52347623627345,1.0,chase
1.0,0.53474821853638,180.14387512207,0.16820397973061,0.52505167719722,1.0,chase
1.0,0.539095287323,177.65983581543,0.16820397973061,0.52664885346492,1.0,chase
1.0,0.54344155502319,175.176254272461,0.16820397973061,0.52826776107113,1.0,chase
1.0,0.54778699493408,172.693145751953,0.16820397973061,0.52990839587689,1.0,chase
1.0,0.55213158035278,170.210525512695,0.16820397973061,0.53157075360974,1.0,chase
1.0,0.5563796081543,167.783081054688,0.16820397973061,0.5332543514816,1.0,chase
1.0,0.56060750198364,165.367141723633,0.16820397973061,0.53495908882261,1.0,chase
1.0,0.56481438064575,162.96321105957,0.16820397973061,0.53668486055692,1.0,chase
1.0,0.56899928283691,160.571838378906,0.16820397973061,0.5384315568022,1.0,chase
1.0,0.57316122055054,158.193588256836,0.16820397973061,0.54019906273604,1.0,chase
1.0,0.57729912567139,155.829071044922,0.16820397973061,0.54198725819548,1.0,chase
1.0,0.58141187667847,153.478927612305,0.16820397973061,0.54379601740996,1.0,chase
1.0,0.58549835205078,151.143798828125,0.16820397973061,0.54562520900131,1.0,chase
1.0,0.58955727005005,148.824417114258,0.16820397973061,0.54747469518264,1.0,chase
1.0,0.59358732223511,146.521530151367,0.16820397973061,0.54934433162491,1.0,chase
1.0,0.60057485198975,142.528656005859,0.16820397973061,0.55124890571595,1.0,chase
1.0,0.60755653381348,138.539123535156,0.16820397973061,0.5531883882161,1.0,chase
1.0,0.61453178024292,134.553268432617,0.16820397973061,0.5551627469484,1.0,chase
1.0,0.62150003051758,130.571411132812,0.16820397973061,0.55717194693208,1.0,chase
1.0,0.62846063041687,126.593925476074,0.16820397973061,0.55921594991525,1.0,chase
1.0,0.63541284561157,122.621231079102,0.16820397973061,0.5612947139744,1.0,chase
1.0,0.64235580825806,118.653823852539,0.16820397973061,0.56340819284678,1.0,chase
1.0,0.64928858375549,114.692237854004,0.16820397973061,0.56555633559665,1.0,chase
1.0,0.65621006393433,110.737106323242,0.16820397973061,0.56773908574741,1.0,chase
1.0,0.66311899375916,106.78914642334,0.16820397973061,0.56995638054729,1.0,chase
1.0,0.66916834449768,103.332374572754,0.16820397973061,0.57220392210087,1.0,chase
1.0,0.675184009552,99.8948516845703,0.16820397973061,0.57448154197971,1.0,chase
1.0,0.68116239738464,96.478630065918,0.16820397973061,0.57678905379773,1.0,chase
1.0,0.68709940910339,93.086051940918,0.16820397973061,0.57912625067433,1.0,chase
1.0,0.69299033164978,89.7198104858398,0.16820397973061,0.58149290216367,1.0,chase
1.0,0.69882979774475,86.3829727172852,0.16820397973061,0.58388875098348,1.0,chase
1.0,0.70461158561707,83.0790939331055,0.16820397973061,0.58631350874266,1.0,chase
1.0,0.71032855224609,79.812255859375,0.16820397973061,0.58876685133497,1.0,chase
1.0,0.71597240638733,76.5871963500977,0.16820397973061,0.591248413198,1.0,chase
1.0,0.7215334815979,73.4094390869141,0.16820397973061,0.59375778043708,1.0,chase
1.0,0.72700056266785,70.2853927612305,0.16820397973061,0.5962944830815,1.0,chase
1.0,0.73236055183411,67.222541809082,0.16820397973061,0.59885798567176,1.0,chase
1.0,0.73759813499451,64.2296371459961,0.16820397973061,0.60144767617782,1.0,chase
1.0,0.74269536113739,61.3169364929199,0.16820397973061,0.6040628528146,1.0,chase
1.0,0.74978737258911,57.2643585205078,0.16820397973061,0.60671348950863,1.0,chase
1.0,0.75685228729248,53.2272644042969,0.16820397973061,0.60939945077618,1.0,chase
1.0,0.76388342285156,49.20947265625,0.16820397973061,0.61212056772153,1.0,chase
1.0,0.77087178707123,45.216121673584,0.16820397973061,0.61487662648798,1.0,chase
1.0,0.77780494976044,41.2543144226074,0.17851337790489,0.61775326271932,1.0,chase
1.0,0.78456642627716,37.3906135559082,0.17851337790489,0.62066370633325,1.0,chase
1.0,0.78966049480438,34.4797172546387,0.17851337790489,0.62359962028981,1.0,chase
1.0,0.78972768592834,34.4413223266602,0.17851337790489,0.62653587020199,1.0,chase
1.0,0.78979800128937,34.4011421203613,0.17851337790489,0.62947247169098,1.0,chase
1.0,0.78986245536804,34.3643112182617,0.17851337790489,0.63240939545036,1.0,chase
1.0,0.79109658908844,33.6590919494629,0.17851337790489,0.63535248987834,1.0,chase
1.0,0.79228747081757,32.978588104248,0.17851337790489,0.63830153871497,1.0,chase
1.0,0.79331889629364,32.3892021179199,0.17851337790489,0.64125574467898,1.0,chase
1.0,0.79418006086349,31.8971080780029,0.17851337790489,0.64421425646584,1.0,chase
1.0,0.79486625480652,31.504997253418,0.17851337790489,0.64717619922241,1.0,chase
1.0,0.79536997795105,31.217155456543,0.17851337790489,0.65014066059471,1.0,chase
1.0,0.79568825960159,31.0352802276611,0.17851337790489,0.65310671337526,1.0,chase
1.0,0.79585716533661,30.9387626647949,0.17851337790489,0.65607361068448,1.0,chase
1.0,0.79310189533234,32.5132026672363,0.17851337790489,0.65902673164368,1.0,chase
1.0,0.79496970844269,31.4458808898926,0.17851337790489,0.66198919166844,1.0,chase
1.0,0.79401207971573,31.9930973052979,0.17851337790489,0.66494686354956,1.0,chase
1.0,0.79272121906281,32.7307319641113,0.17851337790489,0.66789808112741,1.0,chase
1.0,0.79111986064911,33.6457939147949,0.17851337790489,0.6708412919132,1.0,chase
1.0,0.78923330211639,34.7238273620605,0.17851337790489,0.67377506990632,1.0,chase
1.0,0.78847759723663,35.1556587219238,0.17851337790489,0.67670506937504,1.0,chase
1.0,0.78767985534668,35.6115112304688,0.17851337790489,0.67963108013432,1.0,chase
1.0,0.78478713226318,37.2644958496094,0.17851337790489,0.68254262727817,1.0,chase
1.0,0.78186542987823,38.9340400695801,0.17851337790489,0.68543956591011,1.0,chase
1.0,0.77998383140564,40.0092391967773,0.17851337790489,0.68832709654968,1.0,chase
1.0,0.77809895515442,41.086311340332,0.17860087951024,0.69120593198803,1.0,chase
1.0,0.7762110414505,42.1651191711426,0.17860087951024,0.69407532785787,1.0,chase
1.0,0.77432031726837,43.245532989502,0.17860087951024,0.6969352701068,1.0,chase
1.0,0.77242698287964,44.3274383544922,0.17860087951024,0.69978574568378,1.0,chase
1.0,0.77053123855591,45.4107208251953,0.17860087951024,0.70262674253915,1.0,chase
1.0,0.76930022907257,46.1141548156738,0.17860087951024,0.7054615843471,1.0,chase
1.0,0.76803613471985,46.8364944458008,0.17860087951024,0.70829010568328,1.0,chase
1.0,0.76674047756195,47.5768699645996,0.17860087951024,0.71111214873368,1.0,chase
1.0,0.76541469955444,48.3344573974609,0.17860087951024,0.71392756289403,1.0,chase
1.0,0.76406019592285,49.1084594726562,0.17860087951024,0.71673620453623,1.0,chase
1.0,0.76267830181122,49.8981132507324,0.17860087951024,0.71953793670787,1.0,chase
1.0,0.7612702922821,50.7026901245117,0.17860087951024,0.72233262883187,1.0,chase
1.0,0.75833854293823,52.3779754638672,0.17860087951024,0.72511266220915,1.0,chase
1.0,0.7553782749176,54.0695571899414,0.17860087951024,0.72787789424632,1.0,chase
1.0,0.7523920583725,55.7759666442871,0.17860087951024,0.73062819520077,1.0,chase
1.0,0.74938220310211,57.4958839416504,0.17860087951024,0.73336344687886,1.0,chase
1.0,0.74635079193115,59.2281188964844,0.17860087951024,0.73608354150111,1.0,chase
1.0,0.74329964065552,60.9716339111328,0.17860087951024,0.73878838036697,1.0,chase
1.0,0.74023039150238,62.7254905700684,0.17860087951024,0.74147787298707,1.0,chase
1.0,0.73714454650879,64.4888305664062,0.17860087951024,0.7441519363822,1.0,chase
1.0,0.73404340744019,66.2609100341797,0.17860087951024,0.74681049408198,1.0,chase
1.0,0.7320023727417,67.4272155761719,0.17860087951024,0.74945884660828,1.0,chase
1.0,0.72884778785706,69.2298355102539,0.17860087951024,0.75209142621015,1.0,chase
1.0,0.7255325050354,71.1242828369141,0.17860087951024,0.75470742939791,1.0,chase
1.0,0.72206903457642,73.1034088134766,0.17860087951024,0.75730611523338,1.0,chase
1.0,0.71846905899048,75.1605377197266,0.17860087951024,0.75988680119091,1.0,chase
1.0,0.71474349975586,77.2894287109375,0.17860087951024,0.76244885935228,1.0,chase
1.0,0.71090243721008,79.4843215942383,0.17860087951024,0.76499171220091,1.0,chase
1.0,0.70695516395569,81.7399063110352,0.17860087951024,0.76751482868328,1.0,chase
1.0,0.70546992301941,82.5886154174805,0.17860087951024,0.77003051896096,1.0,chase
1.0,0.70396760559082,83.4470825195312,0.17860087951024,0.7725386976515,1.0,chase
1.0,0.70244875907898,84.3149948120117,0.17860087951024,0.77503928210948,1.0,chase
1.0,0.70091386413574,85.1920776367188,0.17860087951024,0.77753219209275,1.0,chase
1.0,0.70103307914734,85.1239547729492,0.17860087951024,0.78002569815107,1.0,chase
1.0,0.70102359962463,85.1293716430664,0.17860087951024,0.78251915681178,1.0,chase
1.0,0.70088454437256,85.2088317871094,0.17860087951024,0.78501192019622,1.0,chase
1.0,0.70061628723145,85.3621215820312,0.17860087951024,0.78750334229497,1.0,chase
1.0,0.70021950912476,85.5888519287109,0.17860087951024,0.78999278050318,1.0,chase
1.0,0.69969525146484,85.888427734375,0.17860087951024,0.79247959742309,1.0,chase
1.0,0.69934484291077,86.0886611938477,0.17860087951024,0.79496466230023,1.0,chase
1.0,0.70508095550537,82.8108825683594,0.17860087951024,0.79747840774034,1.0,chase
1.0,0.71070635795593,79.5963668823242,0.17860087951024,0.8000202801927,1.0,chase
1.0,0.71620712471008,76.4530715942383,0.17860087951024,0.80258965647884,1.0,chase
1.0,0.72019341087341,74.1751937866211,0.17860087951024,0.80517896419579,1.0,chase
1.0,0.72417306137085,71.9011077880859,0.17860087951024,0.80778817016523,1.0,chase
1.0,0.72814544868469,69.6311721801758,0.17860087951024,0.81041723807124,1.0,chase
1.0,0.73210982513428,67.3658142089844,0.17860087951024,0.8130661278595,1.0,chase
1.0,0.73606534957886,65.1055145263672,0.17860087951024,0.81573479526998,1.0,chase
1.0,0.74001107406616,62.8508148193359,0.17860087951024,0.81842319130289,1.0,chase
1.0,0.74394602394104,60.6022720336914,0.17860087951024,0.82113126208518,1.0,chase
1.0,0.74920097064972,57.5994453430176,0.17860087951024,0.82386560760102,1.0,chase
1.0,0.75434803104401,54.6582679748535,0.17860087951024,0.82662568841882,1.0,chase
1.0,0.75936881351471,51.789249420166,0.17860087951024,0.82941087314898,1.0,chase
1.0,0.76645070457458,47.7424545288086,0.17860087951024,0.83223146733444,1.0,chase
1.0,0.77351583957672,43.7052345275879,0.17860087951024,0.83508738719491,1.0,chase
1.0,0.78055912494659,39.6805000305176,0.17860087951024,0.83797852348223,1.0,chase
1.0,0.78757314395905,35.6724891662598,0.17860087951024,0.84090472986461,1.0,chase
1.0,0.7918260717392,33.242244720459,0.17860087951024,0.84385220088589,1.0,chase
1.0,0.79093033027649,33.7540969848633,0.17860087951024,0.84679519319986,1.0,chase
1.0,0.79007644557953,34.2420310974121,0.17860087951024,0.84973391609034,1.0,chase
1.0,0.78912425422668,34.7861404418945,0.17860087951024,0.85266787802406,1.0,chase
1.0,0.78809868335724,35.3721809387207,0.17860087951024,0.85559671210343,1.0,chase
1.0,0.78697292327881,36.0154724121094,0.17860087951024,0.85851991738241,1.0,chase
1.0,0.78577377700806,36.7006988525391,0.17860087951024,0.86143712693004,1.0,chase
1.0,0.78447536277771,37.4426498413086,0.17860087951024,0.86434784440651,1.0,chase
1.0,0.78310538482666,38.2254943847656,0.17860087951024,0.86725171199323,1.0,chase
1.0,0.78297078895569,38.3024063110352,0.17860087951024,0.87015490660059,1.0,chase
1.0,0.7828357591629,38.379566192627,0.17860087951024,0.87305742605899,1.0,chase
1.0,0.7827002286911,38.4570121765137,0.17860087951024,0.87595926786503,1.0,chase
1.0,0.78256418418884,38.5347518920898,0.17860087951024,0.87886042944856,1.0,chase
1.0,0.78242764568329,38.6127738952637,0.17860087951024,0.88176090833957,1.0,chase
1.0,0.78229060649872,38.6910820007324,0.17860087951024,0.88466070203464,1.0,chase
1.0,0.78215307331085,38.7696723937988,0.17860087951024,0.88755980806378,1.0,chase
1.0,0.78201504611969,38.8485450744629,0.17860087951024,0.89045822395697,1.0,chase
1.0,0.7837959280014,37.8308982849121,0.17860087951024,0.89336554425956,1.0,chase
1.0,0.78541270065308,36.9070281982422,0.18077758948008,0.89629908767516,1.0,chase
1.0,0.78694073295593,36.0338668823242,0.18077758948008,0.89924027125227,1.0,chase
1.0,0.78835092544556,35.2280426025391,0.18077758948008,0.90218850579184,1.0,chase
1.0,0.78968086910248,34.468074798584,0.18077758948008,0.90514339004968,1.0,chase
1.0,0.79090187835693,33.7703552246094,0.18077758948008,0.9081043793538,1.0,chase
1.0,0.79142556858063,33.4711036682129,0.18077758948008,0.91106798710904,1.0,chase
1.0,0.79190158081055,33.1990966796875,0.18077758948008,0.91403397492542,1.0,chase
1.0,0.79321424770355,32.4490013122559,0.18077758948008,0.91700652607628,1.0,chase
1.0,0.79433935022354,31.8060855865479,0.18077758948008,0.91998470273973,1.0,chase
1.0,0.79514758968353,31.3442344665527,0.18077758948008,0.92296692060048,1.0,chase
1.0,0.79564104223251,31.0622615814209,0.18077758948008,0.92595160572398,1.0,chase
1.0,0.79582021522522,30.9598770141602,0.18077758948008,0.92893718671244,1.0,chase
1.0,0.7956939239502,31.0320434570312,0.18077758948008,0.93192213624452,1.0,chase
1.0,0.7952752327919,31.2712955474854,0.18077758948008,0.93490499232082,1.0,chase
1.0,0.79457861471176,31.6693630218506,0.18077758948008,0.93788436530671,1.0,chase
1.0,0.79362634658813,32.2135162353516,0.18077758948008,0.94085897695198,1.0,chase
1.0,0.79357093143463,32.2451820373535,0.18077758948008,0.94383331152149,1.0,chase
1.0,0.79351610374451,32.2765121459961,0.18077758948008,0.94680737195255,1.0,chase
1.0,0.79346076202393,32.3081359863281,0.18077758948008,0.949781155675,1.0,chase
1.0,0.79340479946136,32.3401145935059,0.18077758948008,0.95275465958464,1.0,chase
1.0,0.79334822940826,32.3724403381348,0.18077758948008,0.95572788064402,1.0,chase
1.0,0.79281143474579,32.6791801452637,0.18077758948008,0.95869841773008,1.0,chase
1.0,0.79221045970917,33.0225944519043,0.18077758948008,0.96166594994096,1.0,chase
1.0,0.79153810119629,33.4067993164062,0.18077758948008,0.96463012035928,1.0,chase
1.0,0.79079702949524,33.8302688598633,0.18077758948008,0.96759058541909,1.0,chase
1.0,0.78998018836975,34.2970352172852,0.18213696082433,0.9705582943678,1.0,chase
1.0,0.78909143638611,34.8048934936523,0.18213696082433,0.9735215595566,1.0,chase
1.0,0.78812422466278,35.3575859069824,0.18213696082433,0.97647998868679,1.0,chase
1.0,0.78708351993561,35.9522743225098,0.18213696082433,0.97943321429333,1.0,chase
1.0,0.78596336746216,36.5923614501953,0.18213696082433,0.98238083913751,1.0,chase
1.0,0.78476972866058,37.2744407653809,0.18213696082433,0.98532249578769,1.0,chase
1.0,0.78534504890442,36.945686340332,0.18213696082433,0.98826702903908,1.0,chase
1.0,0.785775806427,36.6995391845703,0.18213696082433,0.99121371607808,1.0,chase
1.0,0.78620467472076,36.4544715881348,0.18213696082433,0.99416254745856,1.0,chase
1.0,0.78659384918213,36.2320861816406,0.18213696082433,0.99711332471134,1.0,chase
1.0,0.78695520591736,36.0255966186523,0.18213696082433,1.0,1.0,chase
1.0,0.78729484653473,35.8315162658691,0.18213696082433,1.0,1.0,chase
1.0,0.78760970687866,35.6515960693359,0.18213696082433,1.0,1.0,chase
1.0,0.78790569496155,35.4824600219727,0.18213696082433,1.0,1.0,chase
1.0,0.78818032741547,35.3255271911621,0.18213696082433,1.0,1.0,chase
1.0,0.78817560768127,35.3282241821289,0.18213696082433,1.0,1.0,chase
1.0,0.78856983566284,35.1029510498047,0.18213696082433,1.0,1.0,chase
1.0,0.78879450702667,34.9745674133301,0.18213696082433,1.0,1.0,chase
1.0,0.78900453853607,34.854549407959,0.18213696082433,1.0,1.0,chase
1.0,0.78527000045776,36.9885711669922,0.18213696082433,1.0,1.0,chase
1.0,0.78144957923889,39.1716690063477,0.18213696082433,1.0,1.0,chase
1.0,0.78023388385773,39.8663520812988,0.18213696082433,1.0,1.0,chase
1.0,0.77900589847565,40.568058013916,0.18213696082433,1.0,1.0,chase
1.0,0.77776623725891,41.2764358520508,0.18213696082433,1.0,1.0,chase
1.0,0.77651550102234,41.9911422729492,0.18213696082433,1.0,1.0,chase
1.0,0.77525423717499,42.7118644714355,0.18213696082433,1.0,1.0,chase
1.0,0.7739829864502,43.4382934570312,0.18213696082433,1.0,1.0,chase
1.0,0.77270221614838,44.1701622009277,0.18213696082433,1.0,1.0,chase
1.0,0.77141241359711,44.9071922302246,0.18213696082433,1.0,1.0,chase
1.0,0.77011399936676,45.6491432189941,0.18213696082433,1.0,1.0,chase
1.0,0.76875462913513,46.4259262084961,0.18213696082433,1.0,1.0,chase
1.0,0.76739159393311,47.2048034667969,0.18213696082433,1.0,1.0,chase
1.0,0.76602506732941,47.9856758117676,0.18213696082433,1.0,1.0,chase
1.0,0.76465521621704,48.7684478759766,0.18213696082433,1.0,1.0,chase
1.0,0.76328220081329,49.5530281066895,0.18213696082433,1.0,1.0,chase
1.0,0.76390828323364,49.1952667236328,0.18213696082433,1.0,1.0,chase
1.0,0.76441728019714,48.904411315918,0.18213696082433,1.0,1.0,chase
1.0,0.76480708217621,48.6816673278809,0.18213696082433,1.0,1.0,chase
1.0,0.7650760602951,48.5279655456543,0.18213696082433,1.0,1.0,chase
1.0,0.76522305297852,48.4439697265625,0.18213696082433,1.0,1.0,chase
1.0,0.76524743270874,48.4300384521484,0.18213696082433,1.0,1.0,chase
1.0,0.76514909934998,48.4862289428711,0.18213696082433,1.0,1.0,chase
1.0,0.76492846679687,48.6123046875,0.18213696082433,1.0,1.0,chase
1.0,0.7675704164505,47.1026191711426,0.18213696082433,1.0,1.0,chase
1.0,0.7699398431778,45.7486610412598,0.18213696082433,1.0,1.0,chase
1.0,0.77201190662384,44.564624786377,0.18213696082433,1.0,1.0,chase
1.0,0.77376236057281,43.5643653869629,0.18213696082433,1.0,1.0,chase
1.0,0.77516861438751,42.7607917785645,0.18213696082433,1.0,1.0,chase
1.0,0.77621100139618,42.1651420593262,0.18213696082433,1.0,1.0,chase
1.0,0.77434364891052,43.2322006225586,0.18213696082433,1.0,1.0,chase
1.0,0.77227464294434,44.4144897460938,0.18213696082433,1.0,1.0,chase
1.0,0.77001961803436,45.7030754089355,0.18213696082433,1.0,1.0,chase
1.0,0.76759385490417,47.089225769043,0.18213696082433,1.0,1.0,chase
1.0,0.76501198005676,48.564582824707,0.18213696082433,1.0,1.0,chase
1.0,0.76228775882721,50.121280670166,0.18213696082433,1.0,1.0,chase
1.0,0.76258791923523,49.9497604370117,0.18213696082433,1.0,1.0,chase
1.0,0.76266966342926,49.9030494689941,0.18213696082433,1.0,1.0,chase
1.0,0.76253238391876,49.9814949035645,0.18213696082433,1.0,1.0,chase
1.0,0.76217710208893,50.184513092041,0.18213696082433,1.0,1.0,chase
1.0,0.76448490524292,48.8657684326172,0.18213696082433,1.0,1.0,chase
1.0,0.76661958026886,47.6459541320801,0.18213696082433,1.0,1.0,chase
1.0,0.76856749534607,46.5328598022461,0.18213696082433,1.0,1.0,chase
1.0,0.77031496524811,45.5343055725098,0.18213696082433,1.0,1.0,chase
1.0,0.7718485250473,44.6579856872559,0.18213696082433,1.0,1.0,chase
1.0,0.77024965000153,45.5716285705566,0.18213696082433,1.0,1.0,chase
1.0,0.76844717216492,46.6016159057617,0.18213696082433,1.0,1.0,chase
1.0,0.76645426940918,47.7404174804688,0.18213696082433,1.0,1.0,chase
1.0,0.76428420639038,48.9804534912109,0.18213696082433,1.0,1.0,chase
1.0,0.76523516273499,48.4370498657227,0.18213696082433,1.0,1.0,chase
1.0,0.7659688243866,48.0178146362305,0.18213696082433,1.0,1.0,chase
1.0,0.76647946357727,47.7260208129883,0.18213696082433,1.0,1.0,chase
1.0,0.76676296806335,47.5640182495117,0.18213696082433,1.0,1.0,chase
1.0,0.76681702136993,47.533130645752,0.18213696082433,1.0,1.0,chase
1.0,0.76664117622375,47.6336135864258,0.18213696082433,1.0,1.0,chase
1.0,0.7662368812561,47.8646392822266,0.18213696082433,1.0,1.0,chase
1.0,0.76560741424561,48.2243347167969,0.18213696082433,1.0,1.0,chase
1.0,0.76475776863098,48.709846496582,0.18213696082433,1.0,1.0,chase
1.0,0.76369444656372,49.3174591064453,0.18213696082433,1.0,1.0,chase
1.0,0.76242523193359,50.042724609375,0.18213696082433,1.0,1.0,chase
1.0,0.76095892333984,50.880615234375,0.18213696082433,1.0,1.0,chase
1.0,0.76265304756165,49.9125442504883,0.18213696082433,1.0,1.0,chase
1.0,0.76415741443634,49.052906036377,0.18213696082433,1.0,1.0,chase
1.0,0.7654619102478,48.3074798583984,0.18213696082433,1.0,1.0,chase
1.0,0.76655714893341,47.6816291809082,0.18213696082433,1.0,1.0,chase
1.0,0.76743480587006,47.1801109313965,0.18213696082433,1.0,1.0,chase
1.0,0.76928227138519,46.1244163513184,0.18213696082433,1.0,1.0,chase
1.0,0.7705171661377,45.4187622070312,0.18213696082433,1.0,1.0,chase
1.0,0.77111071109772,45.0795936584473,0.18213696082433,1.0,1.0,chase
1.0,0.77104843330383,45.1151809692383,0.18213696082433,1.0,1.0,chase
1.0,0.77033188152313,45.5246391296387,0.18213696082433,1.0,1.0,chase
1.0,0.76897841262817,46.2980499267578,0.18213696082433,1.0,1.0,chase
1.0,0.77021335411072,45.5923690795898,0.18213696082433,1.0,1.0,chase
1.0,0.77119181442261,45.0332489013672,0.18213696082433,1.0,1.0,chase
1.0,0.77190414714813,44.6262016296387,0.18213696082433,1.0,1.0,chase
1.0,0.77234304237366,44.3754043579102,0.18213696082433,1.0,1.0,chase
1.0,0.77250384044647,44.283519744873,0.18213696082433,1.0,1.0,chase
1.0,0.77238481903076,44.3515319824219,0.18213696082433,1.0,1.0,chase
1.0,0.77233894348145,44.3777465820312,0.18213696082433,1.0,1.0,chase
1.0,0.7721187915802,44.503547668457,0.18213696082433,1.0,1.0,chase
1.0,0.77172581863403,44.7281036376953,0.18213696082433,1.0,1.0,chase
1.0,0.77116262149811,45.0499305725098,0.18213696082433,1.0,1.0,chase
1.0,0.77043281841278,45.4669609069824,0.18213696082433,1.0,1.0,chase
1.0,0.76954093551636,45.9766082763672,0.18213696082433,1.0,1.0,chase
1.0,0.76715012645721,47.3427848815918,0.18213696082433,1.0,1.0,chase
1.0,0.76475875663757,48.7092819213867,0.18213696082433,1.0,1.0,chase
1.0,0.76236686611176,50.0760765075684,0.18213696082433,1.0,1.0,chase
1.0,0.7599745016098,51.4431419372559,0.18213696082433,1.0,1.0,chase
1.0,0.75758170318604,52.8104553222656,0.18213696082433,1.0,1.0,chase
1.0,0.75518849086761,54.1780052185059,0.18213696082433,1.0,1.0,chase
1.0,0.75440976142883,54.6229934692383,0.18213696082433,1.0,1.0,chase
1.0,0.75359460258484,55.0887985229492,0.18213696082433,1.0,1.0,chase
1.0,0.75274393558502,55.574893951416,0.18213696082433,1.0,1.0,chase
1.0,0.75185866832733,56.0807609558105,0.18213696082433,1.0,1.0,chase
1.0,0.7509397354126,56.6058654785156,0.18213696082433,1.0,1.0,chase
1.0,0.74998808479309,57.1496658325195,0.18213696082433,1.0,1.0,chase
1.0,0.74900461101532,57.7116508483887,0.18213696082433,1.0,1.0,chase
1.0,0.74799025535583,58.2912826538086,0.18213696082433,1.0,1.0,chase
1.0,0.74694591236115,58.8880500793457,0.18213696082433,1.0,1.0,chase
1.0,0.74587251663208,59.5014190673828,0.18213696082433,1.0,1.0,chase
1.0,0.74477091598511,60.1309051513672,0.18213696082433,1.0,1.0,chase
1.0,0.74364201164246,60.775993347168,0.18213696082433,1.0,1.0,chase
1.0,0.73968768215179,63.0356101989746,0.18213696082433,1.0,1.0,chase
1.0,0.73571949386597,65.3031463623047,0.18213696082433,1.0,1.0,chase
1.0,0.73173886871338,67.5777893066406,0.18213696082433,1.0,1.0,chase
1.0,0.72774700164795,69.8588562011719,0.18213696082433,1.0,1.0,chase
1.0,0.7235644493103,72.2488861083984,0.18213696082433,1.0,1.0,chase
1.0,0.7192345905304,74.7230911254883,0.18213696082433,1.0,1.0,chase
1.0,0.71477159118652,77.2733764648438,0.18213696082433,1.0,1.0,chase
1.0,0.7101882019043,79.8924560546875,0.18213696082433,1.0,1.0,chase
1.0,0.70549586486816,82.5737915039062,0.18213696082433,1.0,1.0,chase
1.0,0.7007048740387,85.3115005493164,0.18213696082433,1.0,1.0,chase
1.0,0.69582438850403,88.1003494262695,0.18213696082433,1.0,1.0,chase
1.0,0.69086268615723,90.9356079101562,0.18213696082433,1.0,1.0,chase
1.0,0.68582708358765,93.8130950927734,0.18213696082433,1.0,1.0,chase
1.0,0.6807241230011,96.7290725708008,0.18213696082433,1.0,1.0,chase
1.0,0.67555987930298,99.6800689697266,0.18213696082433,1.0,1.0,chase
1.0,0.67379647445679,100.687728881836,0.18213696082433,1.0,1.0,chase
1.0,0.6720181427002,101.703918457031,0.18213696082433,1.0,1.0,chase
1.0,0.67022528457642,102.728408813477,0.18213696082433,1.0,1.0,chase
1.0,0.6684183807373,103.760925292969,0.18213696082433,1.0,1.0,chase
1.0,0.66659779167175,104.801261901855,0.18213696082433,1.0,1.0,chase
1.0,0.66476397132874,105.849159240723,0.18213696082433,1.0,1.0,chase
1.0,0.66291728019714,106.904411315918,0.18213696082433,1.0,1.0,chase
1.0,0.66105810546875,107.966796875,0.18213696082433,1.0,1.0,chase
1.0,0.6595519695282,108.827445983887,0.18213696082433,1.0,1.0,chase
1.0,0.65804439163208,109.688919067383,0.18213696082433,1.0,1.0,chase
1.0,0.65653518486023,110.551322937012,0.18213696082433,1.0,1.0,chase
1.0,0.65502460289001,111.414512634277,0.18213696082433,1.0,1.0,chase
1.0,0.65351245880127,112.278594970703,0.18213696082433,1.0,1.0,chase
1.0,0.6519990196228,113.143417358398,0.18213696082433,1.0,1.0,chase
1.0,0.65048417854309,114.00904083252,0.18213696082433,1.0,1.0,chase
1.0,0.6489679889679,114.875434875488,0.18213696082433,1.0,1.0,chase
1.0,0.64745046424866,115.74259185791,0.18213696082433,1.0,1.0,chase
1.0,0.64593165779114,116.610481262207,0.18213696082433,1.0,1.0,chase
1.0,0.64441147613525,117.479156494141,0.18213696082433,1.0,1.0,chase
1.0,0.64289006614685,118.348533630371,0.18213696082433,1.0,1.0,chase
1.0,0.64136753463745,119.218551635742,0.18213696082433,1.0,1.0,chase
1.0,0.63984382820129,120.089241027832,0.18213696082433,1.0,1.0,chase
1.0,0.63831896018982,120.960594177246,0.18213696082433,1.0,1.0,chase
1.0,0.63679286384583,121.832649230957,0.18213696082433,1.0,1.0,chase
1.0,0.63526564598083,122.705345153809,0.18213696082433,1.0,1.0,chase
1.0,0.63373734664917,123.578659057617,0.18213696082433,1.0,1.0,chase
1.0,0.63220808601379,124.452522277832,0.18213696082433,1.0,1.0,chase
1.0,0.63073802566528,125.292556762695,0.18213696082433,1.0,1.0,chase
1.0,0.62926789855957,126.132629394531,0.18213696082433,1.0,1.0,chase
1.0,0.6277977180481,126.972732543945,0.18213696082433,1.0,1.0,chase
1.0,0.62632747077942,127.812873840332,0.18213696082433,1.0,1.0,chase
1.0,0.62485717010498,128.653045654297,0.18213696082433,1.0,1.0,chase
1.0,0.62775734329224,126.995803833008,0.18213696082433,1.0,1.0,chase
1.0,0.63065707588196,125.338813781738,0.18213696082433,1.0,1.0,chase
1.0,0.63355634117126,123.682090759277,0.18213696082433,1.0,1.0,chase
1.0,0.6364551525116,122.02562713623,0.18213696082433,1.0,1.0,chase
1.0,0.63935345649719,120.369453430176,0.18213696082433,1.0,1.0,chase
1.0,0.64225125312805,118.713569641113,0.18213696082433,1.0,1.0,chase
1.0,0.64514851570129,117.057991027832,0.18213696082433,1.0,1.0,chase
1.0,0.64804521751404,115.402732849121,0.18213696082433,1.0,1.0,chase
1.0,0.65094134521484,113.747802734375,0.18213696082433,1.0,1.0,chase
1.0,0.65383687210083,112.093215942383,0.18213696082433,1.0,1.0,chase
1.0,0.65673174476624,110.439002990723,0.18213696082433,1.0,1.0,chase
1.0,0.65962596321106,108.785163879395,0.18213696082433,1.0,1.0,chase
1.0,0.66251948738098,107.131721496582,0.18213696082433,1.0,1.0,chase
1.0,0.66541229057312,105.478691101074,0.18213696082433,1.0,1.0,chase
1.0,0.66831749725342,103.818572998047,0.18213696082433,1.0,1.0,chase
1.0,0.67122231674194,102.158676147461,0.18213696082433,1.0,1.0,chase
1.0,0.67412676239014,100.498992919922,0.18213696082433,1.0,1.0,chase
1.0,0.67703078079224,98.8395538330078,0.18213696082433,1.0,1.0,chase
1.0,0.67993437194824,97.1803588867188,0.18213696082433,1.0,1.0,chase
1.0,0.68283752250671,95.5214157104492,0.18213696082433,1.0,1.0,chase
1.0,0.68574019241333,93.8627471923828,0.18213696082433,1.0,1.0,chase
1.0,0.68864234161377,92.2043762207031,0.18213696082433,1.0,1.0,chase
1.0,0.69154397010803,90.5463027954102,0.18213696082433,1.0,1.0,chase
1.0,0.69444502449036,88.888557434082,0.18213696082433,1.0,1.0,chase
1.0,0.69734550476074,87.2311401367188,0.18213696082433,1.0,1.0,chase
1.0,0.70024534416199,85.574089050293,0.18213696082433,1.0,1.0,chase
1.0,0.70314451599121,83.9174194335938,0.18213696082433,1.0,1.0,chase
1.0,0.70604298019409,82.2611541748047,0.18213696082433,1.0,1.0,chase
1.0,0.70894068336487,80.6053237915039,0.18213696082433,1.0,1.0,chase
1.0,0.70748266601563,81.4384765625,0.18213696082433,1.0,1.0,chase
1.0,0.70602459526062,82.2716598510742,0.18213696082433,1.0,1.0,chase
1.0,0.70456649780273,83.1048583984375,0.18213696082433,1.0,1.0,chase
1.0,0.70310834693909,83.9380874633789,0.18213696082433,1.0,1.0,chase
1.0,0.70165016937256,84.7713317871094,0.18213696082433,1.0,1.0,chase
1.0,0.70019619750977,85.6021728515625,0.18213696082433,1.0,1.0,chase
1.0,0.69874214553833,86.4330596923828,0.18213696082433,1.0,1.0,chase
1.0,0.69728801345825,87.2639923095703,0.18213696082433,1.0,1.0,chase
1.0,0.69583380126953,88.094970703125,0.18213696082433,1.0,1.0,chase
1.0,0.69590070533752,88.0567398071289,0.18213696082433,1.0,1.0,chase
1.0,0.69590605926514,88.0536804199219,0.18213696082433,1.0,1.0,chase
1.0,0.69584986305237,88.0857925415039,0.18213696082433,1.0,1.0,chase
1.0,0.69573217010498,88.1530456542969,0.18213696082433,1.0,1.0,chase
1.0,0.69555314064026,88.2553482055664,0.18213696082433,1.0,1.0,chase
1.0,0.69531297492981,88.3925857543945,0.18213696082433,1.0,1.0,chase
1.0,0.69501194000244,88.5646057128906,0.18213696082433,1.0,1.0,chase
1.0,0.69465042304993,88.7711868286133,0.18213696082433,1.0,1.0,chase
1.0,0.69422882461548,89.0121002197266,0.18213696082433,1.0,1.0,chase
1.0,0.69374763870239,89.2870635986328,0.18213696082433,1.0,1.0,chase
1.0,0.69320741271973,89.5957641601562,0.18213696082433,1.0,1.0,chase
1.0,0.69547041511536,88.302619934082,0.18213696082433,1.0,1.0,chase
1.0,0.6975866317749,87.0933532714844,0.18213696082433,1.0,1.0,chase
1.0,0.69954984092712,85.9715194702148,0.18213696082433,1.0,1.0,chase
1.0,0.70467011833191,83.0456466674805,0.18213696082433,1.0,1.0,chase
1.0,0.70822583389282,81.0138092041016,0.18213696082433,1.0,1.0,chase
1.0,0.71144540023804,79.1740570068359,0.18213696082433,1.0,1.0,chase
1.0,0.71448964881897,77.4344863891602,0.18213696082433,1.0,1.0,chase
1.0,0.71735189056396,75.7989196777344,0.18213696082433,1.0,1.0,chase
1.0,0.72002560997009,74.2710800170898,0.18213696082433,1.0,1.0,chase
1.0,0.72250462532043,72.8544998168945,0.18213696082433,1.0,1.0,chase
1.0,0.72478275489807,71.5527114868164,0.18213696082433,1.0,1.0,chase
1.0,0.7268542175293,70.3690185546875,0.18213696082433,1.0,1.0,chase
1.0,0.72871388626099,69.3063507080078,0.18213696082433,1.0,1.0,chase
1.0,0.73035718154907,68.3673248291016,0.18213696082433,1.0,1.0,chase
1.0,0.73178001785278,67.5542755126953,0.18213696082433,1.0,1.0,chase
1.0,0.73297933769226,66.8689498901367,0.18213696082433,1.0,1.0,chase
1.0,0.73395301818848,66.3125610351562,0.18213696082433,1.0,1.0,chase
1.0,0.73470017814636,65.885612487793,0.18213696082433,1.0,1.0,chase
1.0,0.73522047042847,65.5883026123047,0.18213696082433,1.0,1.0,chase
1.0,0.73551517677307,65.4198989868164,0.18213696082433,1.0,1.0,chase
1.0,0.7355864200592,65.3791885375977,0.18213696082433,1.0,1.0,chase
1.0,0.7354376449585,65.4642028808594,0.18213696082433,1.0,1.0,chase
1.0,0.73507319068909,65.6724624633789,0.18213696082433,1.0,1.0,chase
1.0,0.73449835777283,66.0009384155273,0.18213696082433,1.0,1.0,chase
1.0,0.73371947479248,66.4460144042969,0.18213696082433,1.0,1.0,chase
1.0,0.73274349784851,67.0037155151367,0.18213696082433,1.0,1.0,chase
1.0,0.73157795715332,67.6697387695312,0.18213696082433,1.0,1.0,chase
1.0,0.73023090362549,68.4394836425781,0.18213696082433,1.0,1.0,chase
1.0,0.72871068191528,69.3081817626953,0.18213696082433,1.0,1.0,chase
1.0,0.72702578353882,70.2709808349609,0.18213696082433,1.0,1.0,chase
1.0,0.72300609207153,72.5679473876953,0.18213696082433,1.0,1.0,chase
1.0,0.7189570941925,74.8816604614258,0.18213696082433,1.0,1.0,chase
1.0,0.71488183403015,77.2103805541992,0.18213696082433,1.0,1.0,chase
1.0,0.71078298187256,79.5525817871094,0.18213696082433,1.0,1.0,chase
1.0,0.70666288757324,81.9069213867188,0.18213696082433,1.0,1.0,chase
1.0,0.70252364730835,84.2722015380859,0.18213696082433,1.0,1.0,chase
1.0,0.69836707687378,86.6473846435547,0.18213696082433,1.0,1.0,chase
1.0,0.69419480514526,89.0315399169922,0.18213696082433,1.0,1.0,chase
1.0,0.69000831413269,91.4238204956055,0.18213696082433,1.0,1.0,chase
1.0,0.68580885887146,93.8235092163086,0.18213696082433,1.0,1.0,chase
1.0,0.68159760093689,96.2299423217773,0.18213696082433,1.0,1.0,chase
1.0,0.67737558174133,98.6425247192383,0.18213696082433,1.0,1.0,chase
1.0,0.67314373588562,101.060722351074,0.18213696082433,1.0,1.0,chase
1.0,0.66890289115906,103.484062194824,0.18213696082433,1.0,1.0,chase
1.0,0.66465379524231,105.912117004395,0.18213696082433,1.0,1.0,chase
1.0,0.6603971157074,108.344505310059,0.18213696082433,1.0,1.0,chase
1.0,0.6561334400177,110.780891418457,0.18213696082433,1.0,1.0,chase
1.0,0.6518633556366,113.22093963623,0.18213696082433,1.0,1.0,chase
1.0,0.64758734321594,115.664375305176,0.18213696082433,1.0,1.0,chase
1.0,0.64330587005615,118.110931396484,0.18213696082433,1.0,1.0,chase
1.0,0.639019323349,120.560386657715,0.18213696082433,1.0,1.0,chase
1.0,0.63472805023193,123.012542724609,0.18213696082433,1.0,1.0,chase
1.0,0.63043245124817,125.467170715332,0.18213696082433,1.0,1.0,chase
1.0,0.62613278007507,127.924125671387,0.18213696082433,1.0,1.0,chase
1.0,0.62182935714722,130.383224487305,0.18213696082433,1.0,1.0,chase
1.0,0.61752244949341,132.844314575195,0.18213696082433,1.0,1.0,chase
1.0,0.61321225738525,135.307281494141,0.18213696082433,1.0,1.0,chase
1.0,0.60889902114868,137.771987915039,0.18213696082433,1.0,1.0,chase
1.0,0.60458292770386,140.238327026367,0.18213696082433,1.0,1.0,chase
1.0,0.60026419067383,142.706176757812,0.18213696082433,1.0,1.0,chase
1.0,0.59594297027588,145.175445556641,0.18213696082433,1.0,1.0,chase
1.0,0.59161940002441,147.646057128906,0.18213696082433,1.0,1.0,chase
1.0,0.58729361343384,150.117935180664,0.18213696082433,1.0,1.0,chase
1.0,0.58296579742432,152.590972900391,0.18213696082433,1.0,1.0,chase
1.0,0.57863603210449,155.065124511719,0.18213696082433,1.0,1.0,chase
1.0,0.57430445098877,157.540313720703,0.18213696082433,1.0,1.0,chase
1.0,0.56997116088867,160.016479492188,0.18213696082433,1.0,1.0,chase
1.0,0.56563621520996,162.493591308594,0.18213696082433,1.0,1.0,chase
1.0,0.56129977416992,164.971557617188,0.18213696082433,1.0,1.0,chase
1.0,0.55696189117432,167.450347900391,0.18213696082433,1.0,1.0,chase
1.0,0.55262261962891,169.929931640625,0.18213696082433,1.0,1.0,chase
1.0,0.5482820930481,172.410232543945,0.18213696082433,1.0,1.0,chase
1.0,0.54683757400513,173.23567199707,0.18213696082433,1.0,1.0,chase
1.0,0.54539406967163,174.060531616211,0.18213696082433,1.0,1.0,chase
1.0,0.54395000457764,174.885711669922,0.18213696082433,1.0,1.0,chase
1.0,0.54250535202026,175.711227416992,0.18213696082433,1.0,1.0,chase
1.0,0.5410602722168,176.536987304688,0.18213696082433,1.0,1.0,chase
1.0,0.54396215438843,174.878768920898,0.18213696082433,1.0,1.0,chase
1.0,0.54686379623413,173.220687866211,0.18213696082433,1.0,1.0,chase
1.0,0.54976514434814,171.562774658203,0.18213696082433,1.0,1.0,chase
1.0,0.55266617202759,169.905044555664,0.18213696082433,1.0,1.0,chase
1.0,0.55556690597534,168.247482299805,0.18213696082433,1.0,1.0,chase
1.0,0.55846454238892,166.591690063477,0.18213696082433,1.0,1.0,chase
1.0,0.56136180496216,164.936111450195,0.18213696082433,1.0,1.0,chase
1.0,0.56425866699219,163.28076171875,0.18213696082433,1.0,1.0,chase
1.0,0.567155128479,161.625640869141,0.18213696082433,1.0,1.0,chase
1.0,0.57005116271973,159.970764160156,0.18213696082433,1.0,1.0,chase
1.0,0.57294676971436,158.316131591797,0.18213696082433,1.0,1.0,chase
1.0,0.57584192276001,156.661758422852,0.18213696082433,1.0,1.0,chase
1.0,0.57873664855957,155.007629394531,0.18213696082433,1.0,1.0,chase
1.0,0.58163086700439,153.353790283203,0.18213696082433,1.0,1.0,chase
1.0,0.58452457809448,151.700241088867,0.18213696082433,1.0,1.0,chase
1.0,0.58741780853271,150.046966552734,0.18213696082433,1.0,1.0,chase
1.0,0.59031050491333,148.393997192383,0.18213696082433,1.0,1.0,chase
1.0,0.59320266723633,146.741333007812,0.18213696082433,1.0,1.0,chase
1.0,0.59665035629272,144.771224975586,0.18213696082433,1.0,1.0,chase
1.0,0.60003457260132,142.837387084961,0.18213696082433,1.0,1.0,chase
1.0,0.60335269927979,140.941314697266,0.18213696082433,1.0,1.0,chase
1.0,0.60660203933716,139.084548950195,0.18213696082433,1.0,1.0,chase
1.0,0.60977981567383,137.268676757812,0.18213696082433,1.0,1.0,chase
1.0,0.61288311767578,135.495361328125,0.18213696082433,1.0,1.0,chase
1.0,0.61590887451172,133.766357421875,0.18213696082433,1.0,1.0,chase
1.0,0.61576091384888,133.85090637207,0.18213696082433,1.0,1.0,chase
1.0,0.6155825920105,133.95280456543,0.18213696082433,1.0,1.0,chase
1.0,0.61540560531616,134.053939819336,0.18213696082433,1.0,1.0,chase
1.0,0.61522867202759,134.155044555664,0.18213696082433,1.0,1.0,chase
1.0,0.61505173873901,134.256149291992,0.18213696082433,1.0,1.0,chase
1.0,0.61484075927734,134.376708984375,0.18213696082433,1.0,1.0,chase
1.0,0.61458905792236,134.520538330078,0.18213696082433,1.0,1.0,chase
1.0,0.61429682159424,134.687530517578,0.18213696082433,1.0,1.0,chase
1.0,0.61396413040161,134.877639770508,0.18213696082433,1.0,1.0,chase
1.0,0.61359122467041,135.090728759766,0.18213696082433,1.0,1.0,chase
1.0,0.61317823791504,135.326721191406,0.18213696082433,1.0,1.0,chase
1.0,0.61272541046143,135.585479736328,0.18213696082433,1.0,1.0,chase
1.0,0.61223295593262,135.866882324219,0.18213696082433,1.0,1.0,chase
1.0,0.61170114135742,136.170776367188,0.18213696082433,1.0,1.0,chase
1.0,0.61113020706177,136.497024536133,0.18213696082433,1.0,1.0,chase
1.0,0.61052042007446,136.845474243164,0.18213696082433,1.0,1.0,chase
1.0,0.60987210083008,137.215942382812,0.18213696082433,1.0,1.0,chase
0.0,0.0,137.215942382812,0.18213696082433,0.99901780800687,1.0,investigate
0.0,0.0,137.215942382812,0.18213696082433,0.99803561601374,1.0,investigate
0.0,0.0,137.215942382812,0.18213696082433,0.99705342402061,1.0,investigate
0.0,0.0,137.215942382812,0.18213696082433,0.99607123202748,1.0,investigate
0.0,0.0,137.215942382812,0.18213696082433,0.99508904003435,1.0,investigate
0.0,0.0,137.215942382812,0.18213696082433,0.99410684804122,1.0,investigate
0.0,0.0,137.215942382812,0.18213696082433,0.99312465604809,1.0,investigate
0.0,0.0,137.215942382812,0.18213696082433,0.99214246405496,1.0,investigate
0.0,0.0,137.215942382812,0.18213696082433,0.99116027206183,1.0,investigate
0.0,0.0,137.215942382812,0.18213696082433,0.99017808006869,1.0,investigate
0.0,0.0,137.215942382812,0.18213696082433,0.98919588807556,1.0,investigate
0.0,0.0,137.215942382812,0.18213696082433,0.98821369608243,1.0,investigate
0.0,0.0,137.215942382812,0.18213696082433,0.9872315040893,1.0,investigate
0.0,0.0,137.215942382812,0.18213696082433,0.98624931209617,1.0,investigate
0.0,0.0,137.215942382812,0.18213696082433,0.98526712010304,1.0,investigate
0.0,0.0,137.215942382812,0.18213696082433,0.98428492810991,1.0,investigate
0.0,0.0,137.215942382812,0.18213696082433,0.98330273611678,1.0,investigate
0.0,0.0,137.215942382812,0.18213696082433,0.98232054412365,1.0,investigate
0.0,0.0,137.215942382812,0.18213696082433,0.98133835213052,1.0,investigate
0.0,0.0,137.215942382812,0.18213696082433,0.98035616013739,1.0,investigate
0.0,0.0,137.215942382812,0.18213696082433,0.97937396814426,1.0,investigate
0.0,0.0,137.215942382812,0.18213696082433,0.97839177615113,1.0,investigate
0.0,0.0,137.215942382812,0.18213696082433,0.977409584158,1.0,investigate
0.0,0.0,137.215942382812,0.18213696082433,0.97642739216487,1.0,investigate
0.0,0.0,137.215942382812,0.18213696082433,0.97544520017174,1.0,investigate
0.0,0.0,137.215942382812,0.18213696082433,0.97446300817861,1.0,investigate
0.0,0.0,137.215942382812,0.18213696082433,0.97348081618548,1.0,investigate
0.0,0.0,137.215942382812,0.18213696082433,0.97249862419234,1.0,investigate
0.0,0.0,137.215942382812,0.18213696082433,0.97151643219921,1.0,investigate
0.0,0.0,137.215942382812,0.18213696082433,0.97053424020608,1.0,investigate
0.0,0.0,137.215942382812,0.18213696082433,0.96955204821295,1.0,investigate
0.0,0.0,137.215942382812,0.18213696082433,0.96856985621982,1.0,investigate
0.0,0.0,137.215942382812,0.18213696082433,0.96758766422669,1.0,investigate
0.0,0.0,137.215942382812,0.18213696082433,0.96660547223356,1.0,investigate
0.0,0.0,137.215942382812,0.18213696082433,0.96562328024043,1.0,investigate
0.0,0.0,137.215942382812,0.18213696082433,0.9646410882473,1.0,investigate
0.0,0.0,137.215942382812,0.18213696082433,0.96365889625417,1.0,investigate
0.0,0.0,137.215942382812,0.18213696082433,0.96267670426104,1.0,investigate
0.0,0.0,137.215942382812,0.18213696082433,0.96169451226791,1.0,investigate
0.0,0.0,137.215942382812,0.18213696082433,0.96071232027478,1.0,investigate
0.0,0.0,137.215942382812,0.18213696082433,0.95973012828165,1.0,investigate
0.0,0.0,137.215942382812,0.18213696082433,0.95874793628852,1.0,investigate
0.0,0.0,137.215942382812,0.18213696082433,0.95776574429539,1.0,investigate
0.0,0.0,137.215942382812,0.18213696082433,0.95678355230226,1.0,investigate
0.0,0.0,137.215942382812,0.18213696082433,0.95580136030913,1.0,investigate
0.0,0.0,137.215942382812,0.18213696082433,0.954819168316,1.0,investigate
0.0,0.0,137.215942382812,0.18213696082433,0.95383697632286,1.0,investigate
0.0,0.0,137.215942382812,0.18213696082433,0.95285478432973,1.0,investigate
0.0,0.0,137.215942382812,0.18213696082433,0.9518725923366,1.0,investigate
0.0,0.0,137.215942382812,0.18213696082433,0.95089040034347,1.0,investigate
0.0,0.0,137.215942382812,0.18213696082433,0.94990820835034,1.0,investigate
0.0,0.0,137.215942382812,0.18213696082433,0.94892601635721,1.0,investigate
0.0,0.0,137.215942382812,0.18213696082433,0.94794382436408,1.0,investigate
0.0,0.0,137.215942382812,0.18213696082433,0.94696163237095,1.0,investigate
0.0,0.0,137.215942382812,0.18213696082433,0.94597944037782,1.0,investigate
0.0,0.0,137.215942382812,0.18213696082433,0.94499724838469,1.0,investigate
0.0,0.0,137.215942382812,0.18213696082433,0.94401505639156,1.0,investigate
0.0,0.0,137.215942382812,0.49035832484563,0.94560137576527,1.0,investigate
0.0,0.0,137.215942382812,0.49035832484563,0.94718769513899,1.0,investigate
0.0,0.0,137.215942382812,0.49035832484563,0.9487740145127,1.0,investigate
0.0,0.0,137.215942382812,0.49035832484563,0.95036033388641,1.0,investigate
0.0,0.0,137.215942382812,0.49035832484563,0.95194665326013,1.0,investigate
0.0,0.0,137.215942382812,0.49035832484563,0.95353297263384,1.0,investigate
0.0,0.0,137.215942382812,0.49035832484563,0.95511929200755,1.0,investigate
0.0,0.0,137.215942382812,0.49035832484563,0.95670561138127,1.0,investigate
0.0,0.0,137.215942382812,0.49035832484563,0.95829193075498,1.0,investigate
1.0,0.73298553848267,109.722549438477,0.49035832484563,0.96354317782111,1.0,chase
1.0,0.73349113082886,109.433639526367,0.49035832484563,0.96879695284897,1.0,chase
1.0,0.73345108985901,109.456520080566,0.49035832484563,0.97405052767198,1.0,chase
1.0,0.73341295814514,109.478309631348,0.49035832484563,0.97930391183642,1.0,chase
1.0,0.73337673568726,109.499008178711,0.49035832484563,0.98455711488857,1.0,chase
1.0,0.73334235572815,109.518653869629,0.49035832484563,0.98981014604092,1.0,chase
1.0,0.73330969810486,109.537315368652,0.49035832484563,0.99506301390516,1.0,chase
1.0,0.73327870941162,109.555023193359,0.49035832484563,1.0,1.0,chase
1.0,0.73324926948547,109.571846008301,0.49035832484563,1.0,1.0,chase
1.0,0.73322135162354,109.587799072266,0.49035832484563,1.0,1.0,chase
1.0,0.73319483566284,109.602951049805,0.49035832484563,1.0,1.0,chase
1.0,0.73316968154907,109.617324829102,0.49035832484563,1.0,1.0,chase
1.0,0.73314580917358,109.630966186523,0.49035832484563,1.0,1.0,chase
1.0,0.73312315177917,109.643913269043,0.49035832484563,1.0,1.0,chase
1.0,0.73310166931152,109.656188964844,0.49035832484563,1.0,1.0,chase
1.0,0.73308128166199,109.667839050293,0.49035832484563,1.0,1.0,chase
1.0,0.73306194877625,109.678886413574,0.49035832484563,1.0,1.0,chase
1.0,0.73304361724854,109.689361572266,0.49035832484563,1.0,1.0,chase
1.0,0.73302622032166,109.69930267334,0.49035832484563,1.0,1.0,chase
1.0,0.73300971794128,109.70873260498,0.49035832484563,1.0,1.0,chase
1.0,0.7329940700531,109.717674255371,0.49035832484563,1.0,1.0,chase
1.0,0.73297924995422,109.726142883301,0.49035832484563,1.0,1.0,chase
1.0,0.73296519088745,109.734176635742,0.49035832484563,1.0,1.0,chase
1.0,0.7329518661499,109.741790771484,0.49035832484563,1.0,1.0,chase
1.0,0.73293922233582,109.749015808105,0.49035832484563,1.0,1.0,chase
1.0,0.73292723274231,109.755867004395,0.49035832484563,1.0,1.0,chase
1.0,0.7329158706665,109.762359619141,0.49035832484563,1.0,1.0,chase
1.0,0.73290509605408,109.768516540527,0.49035832484563,1.0,1.0,chase
1.0,0.73566646766663,108.190589904785,0.49035832484563,1.0,1.0,chase
1.0,0.73844738578796,106.601493835449,0.49035832484563,1.0,1.0,chase
1.0,0.74122408485413,105.014808654785,0.49035832484563,1.0,1.0,chase
1.0,0.74399637794495,103.430641174316,0.49035832484563,1.0,1.0,chase
1.0,0.74806111717224,101.107933044434,0.49035832484563,1.0,1.0,chase
1.0,0.7520631313324,98.8210678100586,0.49035832484563,1.0,1.0,chase
1.0,0.75599793434143,96.5726089477539,0.49035832484563,1.0,1.0,chase
1.0,0.75986073303223,94.3652954101562,0.49035832484563,1.0,1.0,chase
1.0,0.76364633369446,92.2020950317383,0.49035832484563,1.0,1.0,chase
1.0,0.76734919548035,90.0861740112305,0.49035832484563,1.0,1.0,chase
1.0,0.77096698188782,88.0188674926758,0.49035832484563,1.0,1.0,chase
1.0,0.77433203887939,86.0959777832031,0.49035832484563,1.0,1.0,chase
1.0,0.77721781921387,84.4469604492188,0.49035832484563,1.0,1.0,chase
1.0,0.78010237121582,82.7986450195312,0.49035832484563,1.0,1.0,chase
1.0,0.78731006622314,78.6799621582031,0.49035832484563,1.0,1.0,chase
1.0,0.79450844192505,74.5666046142578,0.49035832484563,1.0,1.0,chase
1.0,0.80169582939148,70.4595260620117,0.49035832484563,1.0,1.0,chase
1.0,0.80887022590637,66.3598709106445,0.49035832484563,1.0,1.0,chase
1.0,0.816029047966,62.269115447998,0.49035832484563,1.0,1.0,chase
1.0,0.82316899776459,58.1891441345215,0.49035832484563,1.0,1.0,chase
1.0,0.83028583621979,54.1223793029785,0.49035832484563,1.0,1.0,chase
1.0,0.83737390899658,50.0720520019531,0.49035832484563,1.0,1.0,chase
1.0,0.84442562580109,46.0424995422363,0.49035832484563,1.0,1.0,chase
1.0,0.8514305524826,42.0396842956543,0.49035832484563,1.0,1.0,chase
1.0,0.8542144947052,40.448860168457,0.49035832484563,1.0,1.0,chase
1.0,0.85698732185364,38.864387512207,0.49035832484563,1.0,1.0,chase
1.0,0.85974759197235,37.2870903015137,0.49035832484563,1.0,1.0,chase
1.0,0.86249366950989,35.717903137207,0.49035832484563,1.0,1.0,chase
1.0,0.86522355175018,34.1579704284668,0.49035832484563,1.0,1.0,chase
1.0,0.86677190494537,33.2731971740723,0.49035832484563,1.0,1.0,chase
1.0,0.86677073001862,33.273868560791,0.49035832484563,1.0,1.0,chase
1.0,0.86676959514618,33.2745170593262,0.49035832484563,1.0,1.0,chase
1.0,0.86267536258697,35.6140785217285,0.49035832484563,1.0,1.0,chase
1.0,0.85854709720612,37.973087310791,0.49035832484563,1.0,1.0,chase
1.0,0.85716360092163,38.7636566162109,0.49035832484563,1.0,1.0,chase
1.0,0.85577702713013,39.5559844970703,0.49035832484563,1.0,1.0,chase
1.0,0.85438756275177,40.3499641418457,0.49035832484563,1.0,1.0,chase
1.0,0.85299538135529,41.1454963684082,0.49035832484563,1.0,1.0,chase
1.0,0.85185033512115,41.7998085021973,0.49035832484563,1.0,1.0,chase
1.0,0.85059354400635,42.5179748535156,0.49035832484563,1.0,1.0,chase
1.0,0.84923058223724,43.2968101501465,0.49035832484563,1.0,1.0,chase
1.0,0.8455743303299,45.3860969543457,0.49035832484563,1.0,1.0,chase
1.0,0.84385704803467,46.3674011230469,0.49035832484563,1.0,1.0,chase
1.0,0.8419333190918,47.4666748046875,0.49035832484563,1.0,1.0,chase
1.0,0.83981766319275,48.6756210327148,0.49035832484563,1.0,1.0,chase
1.0,0.83752462005615,49.9859313964844,0.49035832484563,1.0,1.0,chase
1.0,0.83506816196442,51.3896217346191,0.49035832484563,1.0,1.0,chase
1.0,0.8324619474411,52.8788871765137,0.49035832484563,1.0,1.0,chase
1.0,0.82971863365173,54.4464950561523,0.49035832484563,1.0,1.0,chase
1.0,0.82685015678406,56.0856246948242,0.49035832484563,1.0,1.0,chase
1.0,0.82386749839783,57.7900009155273,0.49035832484563,1.0,1.0,chase
1.0,0.82078085899353,59.5537948608398,0.49035832484563,1.0,1.0,chase
1.0,0.81759939098358,61.3717765808105,0.49035832484563,1.0,1.0,chase
1.0,0.8143316192627,63.2390747070312,0.49035832484563,1.0,1.0,chase
1.0,0.81098319816589,65.152458190918,0.49035832484563,1.0,1.0,chase
1.0,0.81099095535278,65.1480255126953,0.49035832484563,1.0,1.0,chase
1.0,0.81099107551575,65.1479568481445,0.49035832484563,1.0,1.0,chase
1.0,0.73599107551575,65.1479568481445,0.54254756172498,1.0,1.0,chase
1.0,0.73325433731079,66.7118072509766,0.54254756172498,1.0,1.0,chase
1.0,0.7304201335907,68.3313522338867,0.54254756172498,1.0,1.0,chase
1.0,0.72749522018433,70.0027313232422,0.54254756172498,1.0,1.0,chase
1.0,0.72448593902588,71.7223205566406,0.54254756172498,1.0,1.0,chase
1.0,0.72139820480347,73.4867401123047,0.54254756172498,1.0,1.0,chase
1.0,0.71823755836487,75.2928237915039,0.54254756172498,1.0,1.0,chase
1.0,0.71500909996033,77.1376571655273,0.54254756172498,1.0,1.0,chase
1.0,0.71171758270264,79.0185241699219,0.54254756172498,1.0,1.0,chase
1.0,0.70836741256714,80.9329071044922,0.54254756172498,1.0,1.0,chase
1.0,0.70787781524658,81.2126770019531,0.54254756172498,1.0,1.0,chase
1.0,0.70725574493408,81.5681457519531,0.54254756172498,1.0,1.0,chase
1.0,0.70650292396545,81.9983291625977,0.54254756172498,1.0,1.0,chase
1.0,0.7057262172699,82.4421615600586,0.54254756172498,1.0,1.0,chase
1.0,0.70482145690918,82.9591674804688,0.54254756172498,1.0,1.0,chase
1.0,0.70379081916809,83.5481033325195,0.54254756172498,1.0,1.0,chase
1.0,0.70263686752319,84.2075042724609,0.54254756172498,1.0,1.0,chase
1.0,0.70136227226257,84.9358444213867,0.54254756172498,1.0,1.0,chase
1.0,0.69997019767761,85.731315612793,0.54254756172498,1.0,1.0,chase
1.0,0.69846384811401,86.5920867919922,0.54254756172498,1.0,1.0,chase
1.0,0.70019430160522,85.6032562255859,0.54254756172498,1.0,1.0,chase
1.0,0.70181148147583,84.6791534423828,0.54254756172498,1.0,1.0,chase
1.0,0.70331195640564,83.8217391967773,0.54254756172498,1.0,1.0,chase
1.0,0.70469221496582,83.0330200195312,0.54254756172498,1.0,1.0,chase
1.0,0.70594902610779,82.3148422241211,0.54254756172498,1.0,1.0,chase
1.0,0.70707943916321,81.6688919067383,0.54254756172498,1.0,1.0,chase
1.0,0.70808057022095,81.0968170166016,0.54254756172498,1.0,1.0,chase
1.0,0.70894972229004,80.6001586914062,0.54254756172498,1.0,1.0,chase
1.0,0.70946221733093,80.3073043823242,0.54254756172498,1.0,1.0,chase
1.0,0.70638324165344,82.0667190551758,0.54254756172498,1.0,1.0,chase
1.0,0.70332213020325,83.8159255981445,0.54254756172498,1.0,1.0,chase
1.0,0.70025971031189,85.5658798217773,0.54254756172498,1.0,1.0,chase
1.0,0.69592664718628,88.0419158935547,0.54254756172498,1.0,1.0,chase
1.0,0.69159128761291,90.5192642211914,0.54254756172498,1.0,1.0,chase
1.0,0.68725380516052,92.9978256225586,0.54254756172498,1.0,1.0,chase
1.0,0.68291436004639,95.4775085449219,0.54254756172498,1.0,1.0,chase
1.0,0.67857309913635,97.9582290649414,0.54254756172498,1.0,1.0,chase
1.0,0.67423018264771,100.439895629883,0.54254756172498,1.0,1.0,chase
1.0,0.66988570404053,102.922454833984,0.54254756172498,1.0,1.0,chase
1.0,0.66553977012634,105.40584564209,0.54254756172498,1.0,1.0,chase
1.0,0.66988570404053,102.922454833984,0.54254756172498,1.0,1.0,chase
1.0,0.67423018264771,100.439895629883,0.54254756172498,1.0,1.0,chase
1.0,0.67857309913635,97.9582290649414,0.54254756172498,1.0,1.0,chase
1.0,0.68291436004639,95.4775085449219,0.54254756172498,1.0,1.0,chase
1.0,0.68725380516052,92.9978256225586,0.54254756172498,1.0,1.0,chase
1.0,0.69159128761291,90.5192642211914,0.54254756172498,1.0,1.0,chase
1.0,0.69592664718628,88.0419158935547,0.54254756172498,1.0,1.0,chase
1.0,0.70025971031189,85.5658798217773,0.54254756172498,1.0,1.0,chase
1.0,0.7045902633667,83.0912780761719,0.54254756172498,1.0,1.0,chase
1.0,0.70025971031189,85.5658798217773,0.54254756172498,1.0,1.0,chase
1.0,0.69592664718628,88.0419158935547,0.54254756172498,1.0,1.0,chase
1.0,0.69159128761291,90.5192642211914,0.54254756172498,1.0,1.0,chase
1.0,0.68725380516052,92.9978256225586,0.54254756172498,1.0,1.0,chase
1.0,0.68291436004639,95.4775085449219,0.54254756172498,1.0,1.0,chase
1.0,0.67857309913635,97.9582290649414,0.54254756172498,1.0,1.0,chase
1.0,0.67423018264771,100.439895629883,0.54254756172498,1.0,1.0,chase
1.0,0.66988570404053,102.922454833984,0.54254756172498,1.0,1.0,chase
1.0,0.66553977012634,105.40584564209,0.54254756172498,1.0,1.0,chase
1.0,0.66119251441956,107.889991760254,0.54254756172498,1.0,1.0,chase
1.0,0.65684400367737,110.374855041504,0.54254756172498,1.0,1.0,chase
1.0,0.65249431800842,112.860389709473,0.54254756172498,1.0,1.0,chase
1.0,0.64814353752136,115.346549987793,0.54254756172498,1.0,1.0,chase
1.0,0.64379172897339,117.833297729492,0.54254756172498,1.0,1.0,chase
1.0,0.64814353752136,115.346549987793,0.54254756172498,1.0,1.0,chase
1.0,0.65249431800842,112.860389709473,0.54254756172498,1.0,1.0,chase
1.0,0.65684400367737,110.374855041504,0.54254756172498,1.0,1.0,chase
1.0,0.66119251441956,107.889991760254,0.54254756172498,1.0,1.0,chase
1.0,0.66553977012634,105.40584564209,0.54254756172498,1.0,1.0,chase
1.0,0.66988570404053,102.922454833984,0.54254756172498,1.0,1.0,chase
1.0,0.67423018264771,100.439895629883,0.54254756172498,1.0,1.0,chase
1.0,0.67857309913635,97.9582290649414,0.54254756172498,1.0,1.0,chase
1.0,0.68291436004639,95.4775085449219,0.54254756172498,1.0,1.0,chase
1.0,0.68725380516052,92.9978256225586,0.54254756172498,1.0,1.0,chase
1.0,0.69159128761291,90.5192642211914,0.54254756172498,1.0,1.0,chase
1.0,0.69592664718628,88.0419158935547,0.54254756172498,1.0,1.0,chase
1.0,0.70025971031189,85.5658798217773,0.54254756172498,1.0,1.0,chase
1.0,0.7045902633667,83.0912780761719,0.54254756172498,1.0,1.0,chase
1.0,0.70891806602478,80.6182479858398,0.54254756172498,1.0,1.0,chase
1.0,0.71324287796021,78.1469268798828,0.54254756172498,1.0,1.0,chase
1.0,0.7175643787384,75.6774978637695,0.54254756172498,1.0,1.0,chase
1.0,0.72188226127625,73.2101364135742,0.54254756172498,1.0,1.0,chase
1.0,0.72619611167908,70.7450790405273,0.54254756172498,1.0,1.0,chase
1.0,0.73050554275513,68.2825469970703,0.54254756172498,1.0,1.0,chase
1.0,0.73481002044678,65.8228454589844,0.54254756172498,1.0,1.0,chase
1.0,0.73910896396637,63.3663063049316,0.54254756172498,1.0,1.0,chase
1.0,0.74340173912048,60.9132919311523,0.54254756172498,1.0,1.0,chase
1.0,0.74768753814697,58.4642639160156,0.54254756172498,1.0,1.0,chase
1.0,0.75196545314789,56.0197410583496,0.54254756172498,1.0,1.0,chase
1.0,0.75623440933228,53.5803375244141,0.54254756172498,1.0,1.0,chase
1.0,0.76049313163757,51.1467819213867,0.54254756172498,1.0,1.0,chase
1.0,0.76474007129669,48.7199592590332,0.54254756172498,1.0,1.0,chase
1.0,0.77177905082703,44.6976852416992,0.54254756172498,1.0,1.0,chase
1.0,0.77876707458496,40.7045288085938,0.54254756172498,1.0,1.0,chase
1.0,0.78568768024445,36.7498970031738,0.54254756172498,1.0,1.0,chase
1.0,0.7920219373703,33.1303215026855,0.54254756172498,1.0,1.0,chase
1.0,0.79201558208466,33.1339530944824,0.54254756172498,1.0,1.0,chase
1.0,0.79200493431091,33.1400375366211,0.54254756172498,1.0,1.0,chase
1.0,0.79199595546722,33.1451683044434,0.54254756172498,1.0,1.0,chase
1.0,0.79198249721527,33.1528587341309,0.54254756172498,1.0,1.0,chase
1.0,0.79197868537903,33.1550369262695,0.54254756172498,1.0,1.0,chase
1.0,0.79197047424316,33.1597290039062,0.54254756172498,1.0,1.0,chase
1.0,0.79059558296204,33.9453811645508,0.54254756172498,1.0,1.0,chase
1.0,0.78929465198517,34.6887702941895,0.54254756172498,1.0,1.0,chase
1.0,0.78778404998779,35.5519714355469,0.54254756172498,1.0,1.0,chase
1.0,0.78723668766022,35.8647499084473,0.54254756172498,1.0,1.0,chase
1.0,0.78754891109467,35.686336517334,0.54254756172498,1.0,1.0,chase
1.0,0.7874379940033,35.7497177124023,0.54254756172498,1.0,1.0,chase
1.0,0.78732658290863,35.8133811950684,0.54254756172498,1.0,1.0,chase
1.0,0.78721457767487,35.877384185791,0.54254756172498,1.0,1.0,chase
1.0,0.78710199165344,35.9417190551758,0.54254756172498,1.0,1.0,chase
1.0,0.78698881816864,36.0063896179199,0.54254756172498,1.0,1.0,chase
1.0,0.7868750705719,36.0713882446289,0.54254756172498,1.0,1.0,chase
1.0,0.7867607421875,36.13671875,0.54254756172498,1.0,1.0,chase
1.0,0.78664583969116,36.2023773193359,0.54254756172498,1.0,1.0,chase
1.0,0.78503956127167,37.1202507019043,0.54254756172498,1.0,1.0,chase
1.0,0.78288820362091,38.3495979309082,0.54254756172498,1.0,1.0,chase
1.0,0.77971212291718,40.1645011901855,0.54254756172498,1.0,1.0,chase
1.0,0.7760998506546,42.2286567687988,0.54254756172498,1.0,1.0,chase
1.0,0.77463111877441,43.0679321289062,0.54254756172498,1.0,1.0,chase
1.0,0.77313948917389,43.9202919006348,0.54254756172498,1.0,1.0,chase
1.0,0.77246344566345,44.3066024780273,0.54254756172498,1.0,1.0,chase
1.0,0.77173923683167,44.7204360961914,0.54254756172498,1.0,1.0,chase
1.0,0.77096819114685,45.1610336303711,0.54254756172498,1.0,1.0,chase
1.0,0.77015167713165,45.627613067627,0.54254756172498,1.0,1.0,chase
1.0,0.76929104328156,46.1194038391113,0.54254756172498,1.0,1.0,chase
1.0,0.76838769817352,46.6356010437012,0.54254756172498,1.0,1.0,chase
1.0,0.76744307041168,47.1753883361816,0.54254756172498,1.0,1.0,chase
1.0,0.76630785083771,47.8240852355957,0.54254756172498,1.0,1.0,chase
1.0,0.76515988063812,48.4800682067871,0.54254756172498,1.0,1.0,chase
1.0,0.76399967384338,49.1430435180664,0.54254756172498,1.0,1.0,chase
1.0,0.76282770442963,49.8127403259277,0.54254756172498,1.0,1.0,chase
1.0,0.76164445972443,50.4888801574707,0.54254756172498,1.0,1.0,chase
1.0,0.7604503736496,51.171215057373,0.54254756172498,1.0,1.0,chase
1.0,0.75924587345123,51.8595008850098,0.54254756172498,1.0,1.0,chase
1.0,0.75803137969971,52.5534973144531,0.54254756172498,1.0,1.0,chase
1.0,0.75680726623535,53.2529907226562,0.54254756172498,1.0,1.0,chase
1.0,0.75557392692566,53.9577560424805,0.54254756172498,1.0,1.0,chase
1.0,0.75433170223236,54.6675987243652,0.54254756172498,1.0,1.0,chase
1.0,0.75308094596863,55.3823165893555,0.54254756172498,1.0,1.0,chase
1.0,0.75182197189331,56.1017303466797,0.54254756172498,1.0,1.0,chase
1.0,0.7505551071167,56.8256530761719,0.54254756172498,1.0,1.0,chase
1.0,0.74928063201904,57.5539245605469,0.54254756172498,1.0,1.0,chase
1.0,0.74799884700775,58.2863731384277,0.54254756172498,1.0,1.0,chase
1.0,0.74671001243591,59.0228500366211,0.54254756172498,1.0,1.0,chase
1.0,0.74541440200806,59.7631988525391,0.54254756172498,1.0,1.0,chase
1.0,0.74411224937439,60.5072860717773,0.54254756172498,1.0,1.0,chase
1.0,0.74275136375427,61.2849349975586,0.54254756172498,1.0,1.0,chase
1.0,0.74138770771027,62.0641670227051,0.54254756172498,1.0,1.0,chase
1.0,0.74002137470245,62.8449287414551,0.54254756172498,1.0,1.0,chase
1.0,0.73865246486664,63.6271629333496,0.54254756172498,1.0,1.0,chase
1.0,0.73728107833862,64.4108123779297,0.54254756172498,1.0,1.0,chase
1.0,0.73590728187561,65.1958389282227,0.54254756172498,1.0,1.0,chase
1.0,0.73453118896484,65.982177734375,0.54254756172498,1.0,1.0,chase
1.0,0.73315287971497,66.7697830200195,0.54254756172498,1.0,1.0,chase
1.0,0.73177242088318,67.5586166381836,0.54254756172498,1.0,1.0,chase
1.0,0.73038987922668,68.3486404418945,0.54254756172498,1.0,1.0,chase
1.0,0.72900533485413,69.1398086547852,0.54254756172498,1.0,1.0,chase
1.0,0.72761886787415,69.9320755004883,0.54254756172498,1.0,1.0,chase
1.0,0.7262305316925,70.7254104614258,0.54254756172498,1.0,1.0,chase
1.0,0.72484039306641,71.519775390625,0.54254756172498,1.0,1.0,chase
1.0,0.72344849205017,72.3151473999023,0.54254756172498,1.0,1.0,chase
1.0,0.72205490875244,73.1114807128906,0.54254756172498,1.0,1.0,chase
1.0,0.72065968322754,73.9087524414062,0.54254756172498,1.0,1.0,chase
1.0,0.72115504837036,73.6256866455078,0.54254756172498,1.0,1.0,chase
1.0,0.72157091903687,73.3880462646484,0.54254756172498,1.0,1.0,chase
1.0,0.72190653419495,73.1962661743164,0.54254756172498,1.0,1.0,chase
1.0,0.72215273475647,73.0555801391602,0.54254756172498,1.0,1.0,chase
1.0,0.72232213783264,72.9587783813477,0.54254756172498,1.0,1.0,chase
1.0,0.72241444969177,72.9060287475586,0.54254756172498,1.0,1.0,chase
1.0,0.7224294834137,72.8974380493164,0.54254756172498,1.0,1.0,chase
1.0,0.72236722564697,72.9330139160156,0.54254756172498,1.0,1.0,chase
1.0,0.72222778320312,73.0126953125,0.54254756172498,1.0,1.0,chase
1.0,0.72201140975952,73.1363372802734,0.54254756172498,1.0,1.0,chase
1.0,0.72171849250793,73.3037185668945,0.54254756172498,1.0,1.0,chase
1.0,0.72134955215454,73.5145416259766,0.54254756172498,1.0,1.0,chase
1.0,0.72090524291992,73.7684326171875,0.54254756172498,1.0,1.0,chase
1.0,0.72038635253906,74.06494140625,0.54254756172498,1.0,1.0,chase
1.0,0.71979374885559,74.4035720825195,0.54254756172498,1.0,1.0,chase
1.0,0.71912844657898,74.7837448120117,0.54254756172498,1.0,1.0,chase
1.0,0.71839154052734,75.204833984375,0.54254756172498,1.0,1.0,chase
1.0,0.71758424568176,75.666145324707,0.54254756172498,1.0,1.0,chase
1.0,0.7167078037262,76.1669692993164,0.54254756172498,1.0,1.0,chase
1.0,0.71576362991333,76.7064971923828,0.54254756172498,1.0,1.0,chase
1.0,0.71475307273865,77.2839584350586,0.54254756172498,1.0,1.0,chase
1.0,0.71367765426636,77.8984832763672,0.54254756172498,1.0,1.0,chase
1.0,0.71254824256897,78.5438613891602,0.54254756172498,1.0,1.0,chase
1.0,0.71135816192627,79.2239074707031,0.54254756172498,1.0,1.0,chase
1.0,0.71032823181152,79.8124389648438,0.54254756172498,1.0,1.0,chase
1.0,0.71187950897217,78.9259948730469,0.54254756172498,1.0,1.0,chase
1.0,0.71331353378296,78.1065521240234,0.54254756172498,1.0,1.0,chase
1.0,0.71463057327271,77.3539581298828,0.54254756172498,1.0,1.0,chase
1.0,0.71582702255249,76.6702728271484,0.54254756172498,1.0,1.0,chase
1.0,0.71689579200745,76.0595474243164,0.54254756172498,1.0,1.0,chase
1.0,0.7178357334137,75.5224380493164,0.54254756172498,1.0,1.0,chase
1.0,0.71864410972595,75.0605087280273,0.54254756172498,1.0,1.0,chase
1.0,0.71931843757629,74.675178527832,0.54254756172498,1.0,1.0,chase
1.0,0.71985667419434,74.3676147460938,0.54254756172498,1.0,1.0,chase
1.0,0.72025709724426,74.138801574707,0.54254756172498,1.0,1.0,chase
1.0,0.72051843833923,73.9894638061523,0.54254756172498,1.0,1.0,chase
1.0,0.7206398563385,73.9200820922852,0.54254756172498,1.0,1.0,chase
1.0,0.72062096405029,73.9308776855469,0.54254756172498,1.0,1.0,chase
1.0,0.72046180152893,74.0218276977539,0.54254756172498,1.0,1.0,chase
1.0,0.72236072349548,72.9367294311523,0.54254756172498,1.0,1.0,chase
1.0,0.72431492042542,71.8200454711914,0.54254756172498,1.0,1.0,chase
1.0,0.72711023139954,70.2227249145508,0.54254756172498,1.0,1.0,chase
1.0,0.72989977455139,68.6287002563477,0.54254756172498,1.0,1.0,chase
1.0,0.73268312263489,67.038215637207,0.54254756172498,1.0,1.0,chase
1.0,0.73545983505249,65.4515228271484,0.54254756172498,1.0,1.0,chase
1.0,0.73822943115234,63.868896484375,0.54254756172498,1.0,1.0,chase
1.0,0.74099135017395,62.290657043457,0.54254756172498,1.0,1.0,chase
1.0,0.74374495792389,60.7171669006348,0.54254756172498,1.0,1.0,chase
1.0,0.7464896402359,59.1487770080566,0.54254756172498,1.0,1.0,chase
1.0,0.74922465610504,57.5859107971191,0.54254756172498,1.0,1.0,chase
1.0,0.75194921112061,56.0290222167969,0.54254756172498,1.0,1.0,chase
1.0,0.75466247081757,54.478588104248,0.54254756172498,1.0,1.0,chase
1.0,0.75692695522308,53.1845970153809,0.54254756172498,1.0,1.0,chase
1.0,0.75847769832611,52.2984580993652,0.54254756172498,1.0,1.0,chase
1.0,0.7588093214035,52.108959197998,0.54254756172498,1.0,1.0,chase
1.0,0.75912798690796,51.9268646240234,0.54254756172498,1.0,1.0,chase
1.0,0.75943434906006,51.7518005371094,0.54254756172498,1.0,1.0,chase
1.0,0.75972887516022,51.5834999084473,0.54254756172498,1.0,1.0,chase
1.0,0.76001197242737,51.4217300415039,0.54254756172498,1.0,1.0,chase
1.0,0.76028410816193,51.2662239074707,0.54254756172498,1.0,1.0,chase
1.0,0.76054567623138,51.116756439209,0.54254756172498,1.0,1.0,chase
1.0,0.76079705047607,50.9731140136719,0.54254756172498,1.0,1.0,chase
1.0,0.76103868484497,50.8350372314453,0.54254756172498,1.0,1.0,chase
1.0,0.76127102661133,50.7022705078125,0.54254756172498,1.0,1.0,chase
1.0,0.76149438285828,50.5746383666992,0.54254756172498,1.0,1.0,chase
1.0,0.76170902061462,50.4519882202148,0.54254756172498,1.0,1.0,chase
1.0,0.76090727329254,50.9101295471191,0.54254756172498,1.0,1.0,chase
1.0,0.76008768844604,51.3784637451172,0.54254756172498,1.0,1.0,chase
1.0,0.75925076675415,51.8567047119141,0.54254756172498,1.0,1.0,chase
1.0,0.75839696884155,52.3445892333984,0.54254756172498,1.0,1.0,chase
1.0,0.75752676868439,52.8418464660645,0.54254756172498,1.0,1.0,chase
1.0,0.75664062690735,53.3482131958008,0.54254756172498,1.0,1.0,chase
1.0,0.75573898410797,53.8634376525879,0.54254756172498,1.0,1.0,chase
1.0,0.75482229423523,54.3872604370117,0.54254756172498,1.0,1.0,chase
1.0,0.75389097118378,54.9194450378418,0.54254756172498,1.0,1.0,chase
1.0,0.75294545555115,55.4597396850586,0.54254756172498,1.0,1.0,chase
1.0,0.75198614788055,56.0079154968262,0.54254756172498,1.0,1.0,chase
1.0,0.75101344203949,56.5637474060059,0.54254756172498,1.0,1.0,chase
1.0,0.75002773857117,57.1270065307617,0.54254756172498,1.0,1.0,chase
1.0,0.74902941799164,57.6974754333496,0.54254756172498,1.0,1.0,chase
1.0,0.74801884746552,58.2749443054199,0.54254756172498,1.0,1.0,chase
1.0,0.74699638748169,58.8592071533203,0.54254756172498,1.0,1.0,chase
1.0,0.74596239852905,59.4500579833984,0.54254756172498,1.0,1.0,chase
1.0,0.74491720104218,60.0473136901855,0.54254756172498,1.0,1.0,chase
1.0,0.74376358318329,60.7065238952637,0.54254756172498,1.0,1.0,chase
1.0,0.74260242843628,61.3700408935547,0.54254756172498,1.0,1.0,chase
1.0,0.74143399715424,62.0377159118652,0.54254756172498,1.0,1.0,chase
1.0,0.74025852298737,62.709415435791,0.54254756172498,1.0,1.0,chase
1.0,0.73907621955872,63.3850173950195,0.54254756172498,1.0,1.0,chase
1.0,0.73788731384277,64.0643920898438,0.54254756172498,1.0,1.0,chase
1.0,0.73669199943542,64.747428894043,0.54254756172498,1.0,1.0,chase
1.0,0.73549048995972,65.4340057373047,0.54254756172498,1.0,1.0,chase
1.0,0.73428297233582,66.1240158081055,0.54254756172498,1.0,1.0,chase
1.0,0.73306963348389,66.8173522949219,0.54254756172498,1.0,1.0,chase
1.0,0.7318506603241,67.5139083862305,0.54254756172498,1.0,1.0,chase
1.0,0.73062621307373,68.2135925292969,0.54254756172498,1.0,1.0,chase
1.0,0.73294212722778,66.8902130126953,0.54254756172498,1.0,1.0,chase
1.0,0.73550223922729,65.4272918701172,0.54254756172498,1.0,1.0,chase
1.0,0.73804489421844,63.9743461608887,0.54254756172498,1.0,1.0,chase
1.0,0.74056889724731,62.5320587158203,0.54254756172498,1.0,1.0,chase
1.0,0.74307290649414,61.1011962890625,0.54254756172498,1.0,1.0,chase
1.0,0.74555550670624,59.6825675964355,0.54254756172498,1.0,1.0,chase
1.0,0.74801512241364,58.2770729064941,0.54254756172498,1.0,1.0,chase
1.0,0.75041570472717,56.9053115844727,0.54254756172498,1.0,1.0,chase
1.0,0.7547641954422,54.4204597473145,0.54254756172498,1.0,1.0,chase
1.0,0.75894174766541,52.0332870483398,0.54254756172498,1.0,1.0,chase
1.0,0.76381934261322,49.2460899353027,0.54254756172498,1.0,1.0,chase
1.0,0.76864642238617,46.4877586364746,0.54254756172498,1.0,1.0,chase
1.0,0.77341343402863,43.7637519836426,0.54254756172498,1.0,1.0,chase
1.0,0.77810843467712,41.0808944702148,0.54254756172498,1.0,1.0,chase
1.0,0.78271633720398,38.4478073120117,0.54254756172498,1.0,1.0,chase
1.0,0.78721797561646,35.8754425048828,0.54254756172498,1.0,1.0,chase
1.0,0.791588763237,33.3778495788574,0.54254756172498,1.0,1.0,chase
1.0,0.79357123184204,32.2450103759766,0.54254756172498,1.0,1.0,chase
1.0,0.79353096389771,32.2680206298828,0.54254756172498,1.0,1.0,chase
1.0,0.79366917133331,32.1890449523926,0.54254756172498,1.0,1.0,chase
1.0,0.79385768699646,32.0813217163086,0.54254756172498,1.0,1.0,chase
1.0,0.79408441448212,31.9517631530762,0.54254756172498,1.0,1.0,chase
1.0,0.79433694028854,31.8074626922607,0.54254756172498,1.0,1.0,chase
1.0,0.79460292100906,31.6554737091064,0.54254756172498,1.0,1.0,chase
1.0,0.79486998987198,31.5028629302979,0.54254756172498,1.0,1.0,chase
1.0,0.79460528421402,31.6541233062744,0.54254756172498,1.0,1.0,chase
1.0,0.79436763525009,31.7899227142334,0.54254756172498,1.0,1.0,chase
1.0,0.79417425632477,31.9004249572754,0.54254756172498,1.0,1.0,chase
1.0,0.79403758764267,31.9785213470459,0.54254756172498,1.0,1.0,chase
1.0,0.793965092659,32.019947052002,0.54254756172498,1.0,1.0,chase
1.0,0.79402077484131,31.9881286621094,0.54254756172498,1.0,1.0,chase
1.0,0.79413222265244,31.9244441986084,0.54254756172498,1.0,1.0,chase
1.0,0.79428987979889,31.8343544006348,0.54254756172498,1.0,1.0,chase
1.0,0.79448250770569,31.7242813110352,0.54254756172498,1.0,1.0,chase
1.0,0.79469816017151,31.6010513305664,0.54254756172498,1.0,1.0,chase
1.0,0.79492486095428,31.471508026123,0.54254756172498,1.0,1.0,chase
1.0,0.79515058374405,31.3425235748291,0.54254756172498,1.0,1.0,chase
1.0,0.79491638612747,31.4763507843018,0.54254756172498,1.0,1.0,chase
1.0,0.79470088386536,31.599494934082,0.54254756172498,1.0,1.0,chase
1.0,0.79452143716812,31.7020359039307,0.54254756172498,1.0,1.0,chase
1.0,0.79439105033875,31.7765426635742,0.54254756172498,1.0,1.0,chase
1.0,0.79431808805466,31.8182353973389,0.54254756172498,1.0,1.0,chase
1.0,0.79430494022369,31.8257484436035,0.54254756172498,1.0,1.0,chase
1.0,0.7943494105339,31.8003368377686,0.54254756172498,1.0,1.0,chase
1.0,0.79444531726837,31.745532989502,0.54254756172498,1.0,1.0,chase
1.0,0.79458373498917,31.6664371490479,0.54254756172498,1.0,1.0,chase
1.0,0.7947538690567,31.5692176818848,0.54254756172498,1.0,1.0,chase
1.0,0.79494418716431,31.4604644775391,0.54254756172498,1.0,1.0,chase
1.0,0.79514300012589,31.3468570709229,0.54254756172498,1.0,1.0,chase
1.0,0.79533855199814,31.2351131439209,0.54254756172498,1.0,1.0,chase
1.0,0.79513085699081,31.353796005249,0.54254756172498,1.0,1.0,chase
1.0,0.7949358124733,31.4652500152588,0.54254756172498,1.0,1.0,chase
1.0,0.79477050161362,31.5597133636475,0.54254756172498,1.0,1.0,chase
1.0,0.79464860963821,31.6293659210205,0.54254756172498,1.0,1.0,chase
1.0,0.79457828760147,31.6695499420166,0.54254756172498,1.0,1.0,chase
1.0,0.79456296348572,31.6783065795898,0.54254756172498,1.0,1.0,chase
1.0,0.79460075807571,31.6567096710205,0.54254756172498,1.0,1.0,chase
1.0,0.79468601369858,31.6079921722412,0.54254756172498,1.0,1.0,chase
1.0,0.79481026887894,31.5369892120361,0.54254756172498,1.0,1.0,chase
1.0,0.79496297597885,31.449728012085,0.54254756172498,1.0,1.0,chase
1.0,0.79513308334351,31.3525238037109,0.54254756172498,1.0,1.0,chase
1.0,0.79530912208557,31.2519302368164,0.54254756172498,1.0,1.0,chase
1.0,0.7947663693428,31.5620746612549,0.54254756172498,1.0,1.0,chase
1.0,0.79333501148224,32.3799934387207,0.54254756172498,1.0,1.0,chase
1.0,0.79146781253815,33.446964263916,0.54254756172498,1.0,1.0,chase
1.0,0.78918354129791,34.7522621154785,0.54254756172498,1.0,1.0,chase
1.0,0.78871285629272,35.0212249755859,0.54254756172498,1.0,1.0,chase
1.0,0.7881577167511,35.3384475708008,0.54254756172498,1.0,1.0,chase
1.0,0.78751979160309,35.7029762268066,0.54254756172498,1.0,1.0,chase
1.0,0.78816672229767,35.3333015441895,0.54254756172498,1.0,1.0,chase
1.0,0.78868085289001,35.0395126342773,0.54254756172498,1.0,1.0,chase
1.0,0.78906393909454,34.8206062316895,0.54254756172498,1.0,1.0,chase
1.0,0.7893197259903,34.6744422912598,0.54254756172498,1.0,1.0,chase
1.0,0.78945391464233,34.5977630615234,0.54254756172498,1.0,1.0,chase
1.0,0.78947251319885,34.5871353149414,0.54254756172498,1.0,1.0,chase
1.0,0.78938185691833,34.6389389038086,0.54254756172498,1.0,1.0,chase
1.0,0.78918778705597,34.7498359680176,0.54254756172498,1.0,1.0,chase
1.0,0.78889551734924,34.9168472290039,0.54254756172498,1.0,1.0,chase
1.0,0.78850931358337,35.1375350952148,0.54254756172498,1.0,1.0,chase
1.0,0.78803276062012,35.4098510742188,0.54254756172498,1.0,1.0,chase
1.0,0.78746890926361,35.7320518493652,0.54254756172498,1.0,1.0,chase
1.0,0.78682016277313,36.1027641296387,0.54254756172498,1.0,1.0,chase
1.0,0.78749851608276,35.7151336669922,0.54254756172498,1.0,1.0,chase
1.0,0.78804102516174,35.4051284790039,0.54254756172498,1.0,1.0,chase
1.0,0.7884485912323,35.172233581543,0.54254756172498,1.0,1.0,chase
1.0,0.78872468566895,35.0144653320312,0.54254756172498,1.0,1.0,chase
1.0,0.78887420845032,34.9290237426758,0.54254756172498,1.0,1.0,chase
1.0,0.78890351486206,34.9122772216797,0.54254756172498,1.0,1.0,chase
1.0,0.78881908035278,34.9605255126953,0.54254756172498,1.0,1.0,chase
1.0,0.78862712001801,35.0702171325684,0.54254756172498,1.0,1.0,chase
1.0,0.78833330154419,35.2381134033203,0.54254756172498,1.0,1.0,chase
1.0,0.78794237804413,35.461498260498,0.54254756172498,1.0,1.0,chase
1.0,0.78745841503143,35.7380485534668,0.54254756172498,1.0,1.0,chase
1.0,0.7868851108551,36.0656509399414,0.54254756172498,1.0,1.0,chase
1.0,0.78622517585754,36.442756652832,0.54254756172498,1.0,1.0,chase
1.0,0.78692645359039,36.0420265197754,0.54254756172498,1.0,1.0,chase
1.0,0.78748935031891,35.7203712463379,0.54254756172498,1.0,1.0,chase
1.0,0.78791420650482,35.477596282959,0.54254756172498,1.0,1.0,chase
1.0,0.78820407295227,35.3119583129883,0.54254756172498,1.0,1.0,chase
1.0,0.78836357593536,35.2208137512207,0.54254756172498,1.0,1.0,chase
1.0,0.78839921760559,35.2004470825195,0.54254756172498,1.0,1.0,chase
1.0,0.78831740665436,35.2471961975098,0.54254756172498,1.0,1.0,chase
1.0,0.78812483215332,35.3572387695312,0.54254756172498,1.0,1.0,chase
1.0,0.78782748889923,35.5271492004395,0.54254756172498,1.0,1.0,chase
1.0,0.78743036365509,35.754077911377,0.54254756172498,1.0,1.0,chase
1.0,0.78693814945221,36.035343170166,0.54254756172498,1.0,1.0,chase
1.0,0.78635475158691,36.3687133789062,0.54254756172498,1.0,1.0,chase
1.0,0.78568331432343,36.7523918151855,0.54254756172498,1.0,1.0,chase
1.0,0.78640270996094,36.34130859375,0.54254756172498,1.0,1.0,chase
1.0,0.78910934734344,34.7946586608887,0.54254756172498,1.0,1.0,chase
1.0,0.79132829666138,33.5266876220703,0.54254756172498,1.0,1.0,chase
1.0,0.7915584821701,33.3951530456543,0.54254756172498,1.0,1.0,chase
1.0,0.79177159786224,33.2733726501465,0.54254756172498,1.0,1.0,chase
1.0,0.79196935939789,33.1603660583496,0.54254756172498,1.0,1.0,chase
1.0,0.79215267467499,33.0556144714355,0.54254756172498,1.0,1.0,chase
1.0,0.79232265853882,32.9584808349609,0.54254756172498,1.0,1.0,chase
1.0,0.79248031902313,32.8683891296387,0.54254756172498,1.0,1.0,chase
1.0,0.79262659740448,32.7848014831543,0.54254756172498,1.0,1.0,chase
1.0,0.79276237487793,32.7072143554688,0.54254756172498,1.0,1.0,chase
1.0,0.79300077152252,32.570987701416,0.54254756172498,1.0,1.0,chase
1.0,0.79311894512177,32.5034599304199,0.54254756172498,1.0,1.0,chase
1.0,0.79323826694489,32.4352760314941,0.54254756172498,1.0,1.0,chase
1.0,0.79332920360565,32.3833122253418,0.54254756172498,1.0,1.0,chase
1.0,0.79342610836029,32.327938079834,0.54254756172498,1.0,1.0,chase
1.0,0.79352278614044,32.2726936340332,0.54254756172498,1.0,1.0,chase
1.0,0.79347739124298,32.2986335754395,0.54254756172498,1.0,1.0,chase
1.0,0.79355281352997,32.2555351257324,0.54254756172498,1.0,1.0,chase
1.0,0.79362314891815,32.2153434753418,0.54254756172498,1.0,1.0,chase
1.0,0.7936887178421,32.1778755187988,0.54254756172498,1.0,1.0,chase
1.0,0.79374990081787,32.1429138183594,0.54254756172498,1.0,1.0,chase
1.0,0.79380701160431,32.110279083252,0.54254756172498,1.0,1.0,chase
1.0,0.79386037731171,32.0797843933105,0.54254756172498,1.0,1.0,chase
1.0,0.79391023826599,32.0512924194336,0.54254756172498,1.0,1.0,chase
1.0,0.79395681476593,32.0246772766113,0.54254756172498,1.0,1.0,chase
1.0,0.79400038719177,31.9997787475586,0.54254756172498,1.0,1.0,chase
1.0,0.7940411658287,31.9764766693115,0.54254756172498,1.0,1.0,chase
1.0,0.79407931089401,31.9546794891357,0.54254756172498,1.0,1.0,chase
1.0,0.79411506938934,31.9342460632324,0.54254756172498,1.0,1.0,chase
1.0,0.79414855480194,31.915111541748,0.54254756172498,1.0,1.0,chase
1.0,0.79417992067337,31.8971881866455,0.54254756172498,1.0,1.0,chase
1.0,0.79420934724808,31.8803730010986,0.54254756172498,1.0,1.0,chase
1.0,0.79423695468903,31.8645973205566,0.54254756172498,1.0,1.0,chase
1.0,0.79426282644272,31.8498134613037,0.54254756172498,1.0,1.0,chase
1.0,0.7942871260643,31.8359279632568,0.54254756172498,1.0,1.0,chase
1.0,0.79430991029739,31.8229084014893,0.54254756172498,1.0,1.0,chase
1.0,0.79433130598068,31.8106822967529,0.54254756172498,1.0,1.0,chase
1.0,0.79435138654709,31.7992076873779,0.54254756172498,1.0,1.0,chase
1.0,0.79437027549744,31.7884140014648,0.54254756172498,1.0,1.0,chase
1.0,0.79438805961609,31.7782516479492,0.54254756172498,1.0,1.0,chase
1.0,0.79440476226807,31.7687072753906,0.54254756172498,1.0,1.0,chase
1.0,0.79442044687271,31.759744644165,0.54254756172498,1.0,1.0,chase
1.0,0.79443522357941,31.7513008117676,0.54254756172498,1.0,1.0,chase
1.0,0.79444912910461,31.7433547973633,0.54254756172498,1.0,1.0,chase
1.0,0.79446219348907,31.7358894348145,0.54254756172498,1.0,1.0,chase
1.0,0.79447451019287,31.7288513183594,0.54254756172498,1.0,1.0,chase
1.0,0.79448610258102,31.7222270965576,0.54254756172498,1.0,1.0,chase
1.0,0.79449702739716,31.7159843444824,0.54254756172498,1.0,1.0,chase
1.0,0.79450731801987,31.7101039886475,0.54254756172498,1.0,1.0,chase
1.0,0.7945170044899,31.704568862915,0.54254756172498,1.0,1.0,chase
1.0,0.79452613687515,31.6993503570557,0.54254756172498,1.0,1.0,chase
1.0,0.79453474855423,31.694429397583,0.54254756172498,1.0,1.0,chase
1.0,0.79454283952713,31.6898059844971,0.54254756172498,1.0,1.0,chase
1.0,0.79455046319962,31.6854496002197,0.54254756172498,1.0,1.0,chase
1.0,0.79455766630173,31.6813335418701,0.54254756172498,1.0,1.0,chase
1.0,0.79456443214417,31.6774673461914,0.54254756172498,1.0,1.0,chase
1.0,0.79457083415985,31.6738090515137,0.54254756172498,1.0,1.0,chase
